Order_ID,Order_Date,Customer_ID,Customer_Name,Gender,Age,City,State,Region,Category,Product,Quantity,Unit_Price,Discount_Percent,Sales,Payment_Mode,Order_Status,Profit,Rating
ORD100001,2025-06-01,CUST1131,Customer_1662,Male,36,Bhubaneswar,Odisha,East,Fashion,Backpack,1,862.63,20.0,690.1,UPI,Delivered,107.78,5.0
ORD100002,2025-02-20,CUST1567,Customer_1244,Male,31,Ranchi,Jharkhand,East,Sports,Football,1,2934.39,5.0,2787.67,Credit Card,Delivered,207.67,3.7
ORD100003,2025-07-25,CUST1081,Customer_1562,Female,25,Bengaluru,Karnataka,South,Home & Kitchen,Air Fryer,1,5342.42,10.0,4808.18,Debit Card,Delivered,314.95,3.8
ORD100004,2025-07-27,CUST1749,Customer_1338,Female,32,Ludhiana,Punjab,North,Fashion,Jeans,1,1311.56,0.0,1311.56,Credit Card,Delivered,146.96,4.6
ORD100005,2025-03-04,CUST1139,Customer_1499,Male,22,Kochi,Kerala,South,Sports,Yoga Mat,1,1346.8,10.0,1212.12,Debit Card,Delivered,129.65,3.3
ORD100006,2025-08-04,CUST1099,Customer_1684,Female,23,Chennai,Tamil Nadu,South,Beauty,Makeup Kit,2,1791.96,0.0,3583.92,Debit Card,Cancelled,393.36,3.8
ORD100007,2025-02-11,CUST1461,Customer_1691,Female,39,Bhubaneswar,Odisha,East,Fashion,Backpack,3,2082.63,10.0,5623.1,UPI,Delivered,722.04,4.6
ORD100008,2025-10-11,CUST1578,Customer_1682,Female,33,Patna,Bihar,East,Fashion,Jacket,1,5742.84,10.0,5168.56,Net Banking,Delivered,884.68,3.3
ORD100009,2025-04-26,CUST1745,Customer_1259,Female,43,Kochi,Kerala,South,Sports,Yoga Mat,1,720.1,5.0,684.1,UPI,Delivered,87.8,4.1
ORD100010,2025-02-21,CUST1268,Customer_1510,Female,27,New Delhi,Delhi,North,Fashion,Backpack,1,2152.61,15.0,1829.72,Debit Card,Delivered,216.24,3.4
ORD100011,2025-06-21,CUST1730,Customer_1672,Male,31,Hyderabad,Telangana,South,Electronics,Laptop,1,84954.62,5.0,80706.89,Credit Card,Delivered,6713.46,5.0
ORD100012,2025-05-04,CUST1187,Customer_1326,Female,23,New Delhi,Delhi,North,Electronics,Headphones,2,4657.58,0.0,9315.16,Debit Card,Shipped,1803.87,5.0
ORD100013,2025-12-26,CUST1641,Customer_1779,Male,38,Gurugram,Haryana,North,Fashion,Jacket,1,5732.35,10.0,5159.12,UPI,Delivered,736.93,4.4
ORD100014,2025-02-06,CUST1160,Customer_1009,Other,25,Gurugram,Haryana,North,Sports,Football,1,1152.07,25.0,864.05,UPI,Delivered,185.31,3.6
ORD100015,2025-04-22,CUST1510,Customer_1473,Female,39,Panaji,Goa,West,Beauty,Moisturizer,4,1478.01,15.0,5025.23,Debit Card,Delivered,768.41,3.8
ORD100016,2025-05-15,CUST1195,Customer_1401,Male,40,Lucknow,Uttar Pradesh,North,Electronics,Smartphone,2,24234.95,10.0,43622.91,UPI,Delivered,7827.63,4.9
ORD100017,2025-11-13,CUST1659,Customer_1516,Female,33,Gurugram,Haryana,North,Fashion,Backpack,1,2315.33,10.0,2083.8,UPI,Delivered,190.12,4.6
ORD100018,2025-06-10,CUST1256,Customer_1323,Female,29,Patna,Bihar,East,Electronics,Smartwatch,4,13015.63,5.0,49459.39,UPI,Delivered,6015.04,4.5
ORD100019,2025-09-30,CUST1104,Customer_1393,Female,23,Gurugram,Haryana,North,Sports,Football,5,850.21,10.0,3825.95,Debit Card,Delivered,766.64,4.1
ORD100020,2025-05-22,CUST1471,Customer_1143,Male,36,Gurugram,Haryana,North,Electronics,Smartphone,1,47673.66,5.0,45289.98,UPI,Delivered,3231.46,3.0
ORD100021,2025-09-21,CUST1053,Customer_1572,Male,32,Bengaluru,Karnataka,South,Home & Kitchen,Bedsheet,1,1327.84,10.0,1195.06,UPI,Delivered,134.16,4.1
ORD100022,2025-05-25,CUST1120,Customer_1787,Female,52,Ranchi,Jharkhand,East,Electronics,Tablet,2,49082.38,10.0,88348.28,Credit Card,Delivered,9866.12,5.0
ORD100023,2025-02-17,CUST1601,Customer_1488,Male,35,Patna,Bihar,East,Electronics,Tablet,1,17944.61,5.0,17047.38,Cash on Delivery,Delivered,2520.9,4.6
ORD100024,2025-07-23,CUST1218,Customer_1474,Male,20,Mumbai,Maharashtra,West,Fashion,Backpack,1,957.04,0.0,957.04,Credit Card,Delivered,105.11,4.2
ORD100025,2025-01-16,CUST1792,Customer_1336,Male,28,Ahmedabad,Gujarat,West,Electronics,Tablet,4,31039.52,10.0,111742.27,Debit Card,Delivered,18932.96,4.4
ORD100026,2025-06-17,CUST1043,Customer_1556,Female,18,Ludhiana,Punjab,North,Home & Kitchen,Bedsheet,1,1909.48,20.0,1527.58,UPI,Delivered,186.02,4.9
ORD100027,2025-07-15,CUST1501,Customer_1626,Female,18,Gurugram,Haryana,North,Fashion,Backpack,1,2608.52,10.0,2347.67,Debit Card,Shipped,238.78,4.8
ORD100028,2025-04-06,CUST1664,Customer_1663,Female,23,Kolkata,West Bengal,East,Beauty,Makeup Kit,3,3968.67,10.0,10715.41,Cash on Delivery,Shipped,1280.74,3.6
ORD100029,2025-06-26,CUST1612,Customer_1396,Female,27,Ahmedabad,Gujarat,West,Fashion,Backpack,1,3014.08,10.0,2712.67,Cash on Delivery,Shipped,551.44,4.2
ORD100030,2025-02-22,CUST1151,Customer_1144,Male,29,Patna,Bihar,East,Fashion,Jacket,1,1912.67,15.0,1625.77,Net Banking,Delivered,241.58,5.0
ORD100031,2025-08-18,CUST1519,Customer_1174,Female,33,Jaipur,Rajasthan,North,Fashion,Jeans,4,2344.86,20.0,7503.55,Debit Card,Delivered,1490.95,5.0
ORD100032,2025-12-30,CUST1182,Customer_1167,Female,41,Lucknow,Uttar Pradesh,North,Beauty,Perfume,5,3939.53,10.0,17727.89,Credit Card,Cancelled,1300.52,3.7
ORD100033,2025-12-14,CUST1190,Customer_1505,Male,30,Kolkata,West Bengal,East,Electronics,Headphones,1,1646.19,15.0,1399.26,UPI,Delivered,250.98,3.8
ORD100034,2025-02-16,CUST1233,Customer_1305,Male,18,Mumbai,Maharashtra,West,Sports,Dumbbells,4,4660.29,5.0,17709.1,Debit Card,Delivered,3032.96,4.4
ORD100035,2025-05-02,CUST1348,Customer_1676,Female,34,Ranchi,Jharkhand,East,Home & Kitchen,Bedsheet,1,1546.85,0.0,1546.85,Credit Card,Delivered,175.89,4.1
ORD100036,2025-09-10,CUST1390,Customer_1594,Male,34,Jaipur,Rajasthan,North,Home & Kitchen,Dining Set,3,13586.24,5.0,38720.78,Credit Card,Delivered,7966.74,5.0
ORD100037,2025-09-24,CUST1282,Customer_1063,Male,32,Panaji,Goa,West,Sports,Football,1,2444.01,10.0,2199.61,Credit Card,Shipped,478.74,4.7
ORD100038,2025-03-24,CUST1145,Customer_1085,Female,34,Lucknow,Uttar Pradesh,North,Home & Kitchen,Mixer Grinder,4,6303.47,15.0,21431.8,Credit Card,Delivered,3882.01,5.0
ORD100039,2025-04-28,CUST1771,Customer_1306,Female,37,Ludhiana,Punjab,North,Sports,Dumbbells,1,1276.94,15.0,1085.4,Net Banking,Delivered,155.48,3.2
ORD100040,2025-07-11,CUST1764,Customer_1738,Male,25,Bengaluru,Karnataka,South,Home & Kitchen,Bedsheet,3,2134.47,20.0,5122.73,UPI,Delivered,1047.62,5.0
ORD100041,2025-05-13,CUST1797,Customer_1138,Female,28,Gurugram,Haryana,North,Fashion,Shoes,3,3499.95,15.0,8924.87,Cash on Delivery,Delivered,1766.93,4.5
ORD100042,2025-12-02,CUST1095,Customer_1374,Male,18,Lucknow,Uttar Pradesh,North,Electronics,Tablet,2,24979.4,10.0,44962.92,Debit Card,Delivered,6007.9,4.8
ORD100043,2025-06-19,CUST1534,Customer_1405,Female,31,Gurugram,Haryana,North,Home & Kitchen,Mixer Grinder,2,3955.02,20.0,6328.03,Credit Card,Delivered,729.07,4.8
ORD100044,2025-11-15,CUST1048,Customer_1573,Male,48,New Delhi,Delhi,North,Fashion,Jeans,3,2218.59,0.0,6655.77,UPI,Shipped,1329.64,4.0
ORD100045,2025-06-03,CUST1526,Customer_1699,Female,31,Kolkata,West Bengal,East,Electronics,Headphones,1,6271.68,10.0,5644.51,UPI,Delivered,989.38,4.2
ORD100046,2025-03-27,CUST1474,Customer_1126,Male,20,Bhubaneswar,Odisha,East,Sports,Running Shoes,2,2867.13,10.0,5160.83,UPI,Cancelled,1003.85,2.8
ORD100047,2025-03-24,CUST1554,Customer_1425,Male,30,Chennai,Tamil Nadu,South,Home & Kitchen,Dining Set,2,12215.78,15.0,20766.83,UPI,Cancelled,2680.28,5.0
ORD100048,2025-12-16,CUST1446,Customer_1350,Female,18,Panaji,Goa,West,Home & Kitchen,Bedsheet,1,1140.8,10.0,1026.72,UPI,Cancelled,141.74,4.0
ORD100049,2025-04-04,CUST1504,Customer_1574,Male,33,Bhubaneswar,Odisha,East,Electronics,Headphones,1,7780.19,20.0,6224.15,Cash on Delivery,Delivered,1187.14,4.0
ORD100050,2025-03-31,CUST1654,Customer_1320,Male,25,Kolkata,West Bengal,East,Home & Kitchen,Bedsheet,1,1818.26,5.0,1727.35,UPI,Delivered,135.38,4.4
ORD100051,2025-03-25,CUST1321,Customer_1319,Male,18,Hyderabad,Telangana,South,Sports,Dumbbells,2,3105.47,5.0,5900.39,Debit Card,Delivered,1000.3,4.9
ORD100052,2025-11-16,CUST1572,Customer_1349,Female,25,Patna,Bihar,East,Home & Kitchen,Bedsheet,5,1092.0,10.0,4914.0,UPI,Shipped,1023.25,5.0
ORD100053,2025-11-24,CUST1295,Customer_1616,Female,25,Jaipur,Rajasthan,North,Electronics,Headphones,4,3076.62,10.0,11075.83,UPI,Delivered,1874.88,3.5
ORD100054,2025-03-08,CUST1391,Customer_1179,Female,20,Bengaluru,Karnataka,South,Fashion,T-Shirt,1,720.64,10.0,648.58,UPI,Delivered,83.7,2.9
ORD100055,2025-09-11,CUST1196,Customer_1598,Female,39,New Delhi,Delhi,North,Beauty,Makeup Kit,1,1728.68,5.0,1642.25,Debit Card,Delivered,294.01,4.1
ORD100056,2025-06-22,CUST1130,Customer_1411,Female,23,Bhubaneswar,Odisha,East,Beauty,Makeup Kit,1,2481.54,10.0,2233.39,Debit Card,Delivered,280.14,2.5
ORD100057,2025-08-06,CUST1141,Customer_1616,Female,21,Hyderabad,Telangana,South,Home & Kitchen,Bedsheet,2,1562.04,10.0,2811.67,Credit Card,Delivered,594.85,3.6
ORD100058,2025-02-20,CUST1029,Customer_1462,Female,31,Hyderabad,Telangana,South,Electronics,Smartwatch,4,11047.72,5.0,41981.34,Cash on Delivery,Cancelled,6389.82,4.5
ORD100059,2025-11-05,CUST1137,Customer_1202,Female,27,Jaipur,Rajasthan,North,Fashion,Backpack,1,1572.04,5.0,1493.44,Net Banking,Delivered,234.86,3.7
ORD100060,2025-01-25,CUST1180,Customer_1710,Female,18,Bengaluru,Karnataka,South,Fashion,Jacket,2,1647.81,20.0,2636.5,UPI,Delivered,262.9,2.1
ORD100061,2025-03-04,CUST1701,Customer_1360,Female,24,Mumbai,Maharashtra,West,Beauty,Shampoo,5,686.04,10.0,3087.18,Credit Card,Delivered,610.34,3.5
ORD100062,2025-09-14,CUST1590,Customer_1371,Male,25,Hyderabad,Telangana,South,Electronics,Headphones,2,3519.63,20.0,5631.41,Credit Card,Delivered,867.2,4.8
ORD100063,2025-06-11,CUST1380,Customer_1087,Male,20,Patna,Bihar,East,Fashion,Jeans,3,2886.84,10.0,7794.47,Cash on Delivery,Shipped,805.32,4.1
ORD100064,2025-04-07,CUST1604,Customer_1264,Female,24,Bengaluru,Karnataka,South,Sports,Cricket Bat,1,1907.94,15.0,1621.75,UPI,Delivered,143.63,3.5
ORD100065,2025-05-31,CUST1085,Customer_1147,Male,45,Ranchi,Jharkhand,East,Home & Kitchen,Bedsheet,1,2751.21,0.0,2751.21,UPI,Shipped,202.71,3.3
ORD100066,2025-10-20,CUST1256,Customer_1734,Male,33,Lucknow,Uttar Pradesh,North,Home & Kitchen,Cookware Set,3,4050.97,0.0,12152.91,UPI,Shipped,2344.35,4.5
ORD100067,2025-07-28,CUST1526,Customer_1521,Female,27,Mumbai,Maharashtra,West,Electronics,Smartphone,5,38263.93,5.0,181753.67,Credit Card,Delivered,25002.86,4.2
ORD100068,2025-12-22,CUST1041,Customer_1034,Male,31,Patna,Bihar,East,Electronics,Headphones,1,932.41,20.0,745.93,Credit Card,Delivered,58.81,4.2
ORD100069,2025-06-22,CUST1401,Customer_1476,Male,27,Chennai,Tamil Nadu,South,Beauty,Makeup Kit,2,1527.41,15.0,2596.6,Debit Card,Delivered,361.15,3.5
ORD100070,2025-10-22,CUST1744,Customer_1227,Male,32,New Delhi,Delhi,North,Fashion,Shoes,1,2874.42,10.0,2586.98,Cash on Delivery,Delivered,452.84,3.5
ORD100071,2025-03-14,CUST1713,Customer_1296,Male,36,Panaji,Goa,West,Sports,Dumbbells,1,3306.74,10.0,2976.07,Debit Card,Delivered,545.65,2.9
ORD100072,2025-02-13,CUST1017,Customer_1330,Female,37,Bengaluru,Karnataka,South,Home & Kitchen,Cookware Set,2,3487.3,10.0,6277.14,Debit Card,Delivered,739.17,3.6
ORD100073,2025-02-28,CUST1489,Customer_1538,Female,42,Panaji,Goa,West,Electronics,Headphones,2,7860.15,20.0,12576.24,UPI,Delivered,2055.79,4.5
ORD100074,2025-03-23,CUST1223,Customer_1372,Male,18,Jaipur,Rajasthan,North,Sports,Football,2,981.5,0.0,1963.0,Net Banking,Delivered,250.25,3.8
ORD100075,2025-12-30,CUST1039,Customer_1527,Male,18,Patna,Bihar,East,Beauty,Face Wash,1,687.4,10.0,618.66,Net Banking,Delivered,108.86,4.4
ORD100076,2025-09-26,CUST1141,Customer_1274,Female,18,Lucknow,Uttar Pradesh,North,Home & Kitchen,Air Fryer,1,9081.37,25.0,6811.03,Cash on Delivery,Shipped,408.92,4.5
ORD100077,2025-12-25,CUST1340,Customer_1389,Male,26,Kolkata,West Bengal,East,Sports,Yoga Mat,2,2247.35,25.0,3371.02,Debit Card,Delivered,616.64,5.0
ORD100078,2025-05-20,CUST1187,Customer_1061,Male,37,Ludhiana,Punjab,North,Fashion,Jeans,4,994.71,0.0,3978.84,UPI,Delivered,488.05,5.0
ORD100079,2025-11-26,CUST1107,Customer_1226,Other,20,Patna,Bihar,East,Sports,Running Shoes,1,8570.49,15.0,7284.92,Credit Card,Delivered,1145.47,4.3
ORD100080,2025-12-04,CUST1062,Customer_1145,Female,19,Jaipur,Rajasthan,North,Sports,Dumbbells,2,3005.13,5.0,5709.75,UPI,Shipped,813.29,4.4
ORD100081,2025-06-19,CUST1521,Customer_1463,Male,29,Bhubaneswar,Odisha,East,Electronics,Tablet,1,30113.72,0.0,30113.72,Debit Card,Delivered,5912.86,4.8
ORD100082,2025-10-28,CUST1224,Customer_1318,Female,31,Bhubaneswar,Odisha,East,Electronics,Smartwatch,1,13575.48,25.0,10181.61,Credit Card,Shipped,711.11,3.6
ORD100083,2025-06-18,CUST1781,Customer_1363,Female,18,Panaji,Goa,West,Fashion,Jeans,3,2282.75,20.0,5478.6,UPI,Cancelled,1088.97,4.3
ORD100084,2025-06-07,CUST1551,Customer_1082,Female,32,Mumbai,Maharashtra,West,Electronics,Headphones,1,7129.31,0.0,7129.31,Net Banking,Shipped,1363.06,3.9
ORD100085,2025-11-22,CUST1467,Customer_1414,Female,28,Ranchi,Jharkhand,East,Fashion,Jeans,1,1691.06,0.0,1691.06,UPI,Delivered,322.97,3.6
ORD100086,2025-01-12,CUST1401,Customer_1705,Female,36,Kochi,Kerala,South,Beauty,Moisturizer,1,1456.28,20.0,1165.02,UPI,Delivered,100.91,3.5
ORD100087,2025-02-27,CUST1538,Customer_1482,Female,25,Kochi,Kerala,South,Sports,Dumbbells,1,892.92,10.0,803.63,UPI,Returned,111.05,4.3
ORD100088,2025-01-27,CUST1707,Customer_1382,Female,34,Bengaluru,Karnataka,South,Fashion,Backpack,1,930.67,15.0,791.07,UPI,Delivered,130.31,3.6
ORD100089,2025-10-07,CUST1524,Customer_1786,Male,18,Hyderabad,Telangana,South,Sports,Dumbbells,2,3932.52,5.0,7471.79,Net Banking,Delivered,1486.14,3.6
ORD100090,2025-02-15,CUST1527,Customer_1153,Male,45,New Delhi,Delhi,North,Sports,Cricket Bat,3,3200.34,20.0,7680.82,UPI,Delivered,1649.85,2.3
ORD100091,2025-03-05,CUST1717,Customer_1721,Male,18,Ludhiana,Punjab,North,Home & Kitchen,Dining Set,2,8562.96,10.0,15413.33,UPI,Delivered,1993.24,4.2
ORD100092,2025-11-06,CUST1086,Customer_1092,Female,33,Kolkata,West Bengal,East,Fashion,Shoes,1,1796.2,10.0,1616.58,Debit Card,Delivered,101.75,4.3
ORD100093,2025-12-25,CUST1090,Customer_1686,Male,23,New Delhi,Delhi,North,Electronics,Smartwatch,1,2560.81,10.0,2304.73,Debit Card,Shipped,187.22,4.0
ORD100094,2025-12-14,CUST1318,Customer_1084,Female,32,New Delhi,Delhi,North,Electronics,Smartwatch,2,5534.28,20.0,8854.85,UPI,Shipped,1873.47,4.6
ORD100095,2025-01-12,CUST1087,Customer_1524,Male,42,Ranchi,Jharkhand,East,Electronics,Smartwatch,2,8606.44,15.0,14630.95,UPI,Shipped,1068.95,4.1
ORD100096,2025-12-18,CUST1312,Customer_1059,Female,35,Kolkata,West Bengal,East,Electronics,Smartwatch,1,8997.41,15.0,7647.8,Debit Card,Delivered,738.42,3.6
ORD100097,2025-01-20,CUST1152,Customer_1562,Female,40,Mumbai,Maharashtra,West,Home & Kitchen,Air Fryer,2,8680.43,10.0,15624.77,Net Banking,Delivered,1865.07,3.9
ORD100098,2025-09-25,CUST1643,Customer_1237,Female,40,Lucknow,Uttar Pradesh,North,Fashion,Backpack,1,1475.12,10.0,1327.61,Credit Card,Shipped,273.46,4.0
ORD100099,2025-02-10,CUST1318,Customer_1502,Female,45,Panaji,Goa,West,Electronics,Smartphone,1,40756.91,10.0,36681.22,Net Banking,Delivered,2606.61,2.9
ORD100100,2025-06-13,CUST1301,Customer_1303,Male,20,Ludhiana,Punjab,North,Fashion,T-Shirt,4,761.39,15.0,2588.73,UPI,Cancelled,290.02,4.2
ORD100101,2025-10-11,CUST1121,Customer_1107,Male,39,Kolkata,West Bengal,East,Fashion,Jeans,1,2196.0,15.0,1866.6,Debit Card,Delivered,161.88,3.7
ORD100102,2025-10-20,CUST1020,Customer_1282,Female,34,Panaji,Goa,West,Fashion,T-Shirt,1,556.69,5.0,528.86,UPI,Delivered,36.56,4.9
ORD100103,2025-08-05,CUST1306,Customer_1797,Male,31,Hyderabad,Telangana,South,Fashion,Backpack,1,3462.56,25.0,2596.92,Net Banking,Delivered,157.87,2.6
ORD100104,2025-12-07,CUST1129,Customer_1776,Male,23,Ahmedabad,Gujarat,West,Fashion,Jeans,1,2379.83,5.0,2260.84,UPI,Delivered,379.25,4.3
ORD100105,2025-10-29,CUST1001,Customer_1147,Female,30,New Delhi,Delhi,North,Sports,Football,3,1926.52,0.0,5779.56,Cash on Delivery,Shipped,1207.65,5.0
ORD100106,2025-09-02,CUST1589,Customer_1159,Female,22,Chennai,Tamil Nadu,South,Home & Kitchen,Mixer Grinder,1,8131.85,25.0,6098.89,Debit Card,Shipped,1100.17,3.7
ORD100107,2025-03-30,CUST1725,Customer_1655,Female,39,Mumbai,Maharashtra,West,Fashion,Jacket,1,5410.05,10.0,4869.05,Debit Card,Delivered,523.42,3.9
ORD100108,2025-11-26,CUST1777,Customer_1003,Female,50,Kochi,Kerala,South,Home & Kitchen,Bedsheet,1,635.2,10.0,571.68,Credit Card,Returned,49.71,4.8
ORD100109,2025-12-30,CUST1427,Customer_1021,Male,31,Jaipur,Rajasthan,North,Beauty,Moisturizer,1,891.55,10.0,802.39,UPI,Delivered,144.03,3.2
ORD100110,2025-02-21,CUST1494,Customer_1539,Male,31,Bhubaneswar,Odisha,East,Home & Kitchen,Dining Set,4,8922.72,0.0,35690.88,Cash on Delivery,Delivered,4916.04,4.0
ORD100111,2025-02-08,CUST1159,Customer_1583,Female,24,Ludhiana,Punjab,North,Home & Kitchen,Cookware Set,3,5039.38,5.0,14362.23,UPI,Shipped,2836.63,5.0
ORD100112,2025-04-28,CUST1277,Customer_1726,Female,43,Ludhiana,Punjab,North,Electronics,Smartwatch,1,10047.54,25.0,7535.66,Credit Card,Shipped,1177.51,3.9
ORD100113,2025-05-26,CUST1676,Customer_1439,Female,19,Bengaluru,Karnataka,South,Home & Kitchen,Cookware Set,1,6900.21,10.0,6210.19,Credit Card,Delivered,1035.91,3.5
ORD100114,2025-03-19,CUST1077,Customer_1509,Male,29,New Delhi,Delhi,North,Beauty,Perfume,2,3310.5,10.0,5958.9,UPI,Delivered,578.68,3.9
ORD100115,2025-08-06,CUST1102,Customer_1554,Female,18,Lucknow,Uttar Pradesh,North,Electronics,Tablet,2,49667.73,5.0,94368.69,Cash on Delivery,Delivered,7234.07,2.7
ORD100116,2025-01-05,CUST1428,Customer_1539,Male,18,New Delhi,Delhi,North,Electronics,Tablet,1,35451.92,10.0,31906.73,Debit Card,Delivered,6161.13,5.0
ORD100117,2025-10-13,CUST1116,Customer_1264,Male,28,Mumbai,Maharashtra,West,Home & Kitchen,Bedsheet,1,1508.34,10.0,1357.51,Credit Card,Delivered,297.67,2.9
ORD100118,2025-05-16,CUST1515,Customer_1656,Male,24,Bhubaneswar,Odisha,East,Sports,Dumbbells,1,4251.59,0.0,4251.59,Credit Card,Delivered,459.75,4.4
ORD100119,2025-06-10,CUST1784,Customer_1460,Female,31,Ludhiana,Punjab,North,Sports,Dumbbells,2,3419.06,0.0,6838.12,Net Banking,Delivered,1236.63,4.5
ORD100120,2025-06-03,CUST1196,Customer_1466,Male,23,Ahmedabad,Gujarat,West,Electronics,Laptop,4,65459.12,5.0,248744.66,Credit Card,Cancelled,30724.2,3.1
ORD100121,2025-05-14,CUST1067,Customer_1007,Male,31,Jaipur,Rajasthan,North,Fashion,Jacket,2,4325.78,15.0,7353.83,UPI,Delivered,1067.75,2.3
ORD100122,2025-06-13,CUST1095,Customer_1782,Female,21,Hyderabad,Telangana,South,Fashion,Jeans,2,2627.21,5.0,4991.7,UPI,Cancelled,987.97,4.9
ORD100123,2025-05-08,CUST1608,Customer_1092,Male,23,Gurugram,Haryana,North,Beauty,Moisturizer,1,648.83,0.0,648.83,UPI,Delivered,119.56,4.2
ORD100124,2025-09-23,CUST1345,Customer_1642,Female,20,Bhubaneswar,Odisha,East,Fashion,Jacket,2,2184.11,0.0,4368.22,Credit Card,Delivered,807.78,4.4
ORD100125,2025-09-17,CUST1772,Customer_1615,Male,25,Ahmedabad,Gujarat,West,Home & Kitchen,Mixer Grinder,1,3156.8,15.0,2683.28,UPI,Delivered,187.74,3.7
ORD100126,2025-06-04,CUST1092,Customer_1526,Female,39,Ludhiana,Punjab,North,Electronics,Tablet,3,27382.34,15.0,69824.97,UPI,Delivered,8147.02,4.3
ORD100127,2025-08-01,CUST1242,Customer_1493,Male,27,Patna,Bihar,East,Sports,Football,2,842.77,10.0,1516.99,Cash on Delivery,Shipped,143.25,4.0
ORD100128,2025-02-21,CUST1624,Customer_1764,Male,32,New Delhi,Delhi,North,Sports,Yoga Mat,3,696.17,10.0,1879.66,Debit Card,Shipped,157.91,3.3
ORD100129,2025-02-17,CUST1029,Customer_1097,Male,35,Mumbai,Maharashtra,West,Home & Kitchen,Air Fryer,1,11245.61,20.0,8996.49,Net Banking,Delivered,1704.13,3.9
ORD100130,2025-03-10,CUST1416,Customer_1449,Female,43,Kochi,Kerala,South,Sports,Dumbbells,2,3378.52,0.0,6757.04,Credit Card,Delivered,965.89,4.9
ORD100131,2025-09-18,CUST1773,Customer_1350,Male,23,New Delhi,Delhi,North,Electronics,Headphones,1,6377.51,15.0,5420.88,Net Banking,Delivered,485.88,4.9
ORD100132,2025-03-19,CUST1617,Customer_1169,Female,39,New Delhi,Delhi,North,Fashion,Jacket,1,2425.59,5.0,2304.31,Cash on Delivery,Delivered,365.01,3.5
ORD100133,2025-08-14,CUST1523,Customer_1522,Male,30,Jaipur,Rajasthan,North,Sports,Football,1,2800.74,10.0,2520.67,UPI,Cancelled,399.88,3.3
ORD100134,2025-06-23,CUST1113,Customer_1122,Female,18,Panaji,Goa,West,Electronics,Laptop,4,48238.1,5.0,183304.78,Net Banking,Shipped,16789.85,2.6
ORD100135,2025-07-22,CUST1256,Customer_1598,Male,38,Bhubaneswar,Odisha,East,Beauty,Face Wash,3,709.94,15.0,1810.35,Debit Card,Delivered,298.68,3.4
ORD100136,2025-10-05,CUST1683,Customer_1421,Male,33,Lucknow,Uttar Pradesh,North,Home & Kitchen,Air Fryer,4,9372.34,5.0,35614.89,Credit Card,Delivered,4087.93,3.5
ORD100137,2025-05-09,CUST1261,Customer_1515,Female,37,Ahmedabad,Gujarat,West,Electronics,Headphones,2,1952.52,10.0,3514.54,Cash on Delivery,Delivered,216.12,4.3
ORD100138,2025-03-27,CUST1234,Customer_1602,Female,33,Lucknow,Uttar Pradesh,North,Fashion,Jeans,2,1294.85,10.0,2330.73,Net Banking,Shipped,432.13,3.0
ORD100139,2025-04-21,CUST1381,Customer_1132,Female,37,Lucknow,Uttar Pradesh,North,Electronics,Laptop,3,60867.55,10.0,164342.39,Debit Card,Cancelled,13139.87,4.8
ORD100140,2025-04-29,CUST1583,Customer_1516,Male,46,Mumbai,Maharashtra,West,Home & Kitchen,Air Fryer,2,7910.42,15.0,13447.71,Credit Card,Delivered,1006.94,3.5
ORD100141,2025-11-15,CUST1211,Customer_1406,Male,28,Ahmedabad,Gujarat,West,Electronics,Smartphone,2,46128.74,0.0,92257.48,Debit Card,Delivered,10290.15,4.1
ORD100142,2025-04-23,CUST1763,Customer_1476,Male,31,Bhubaneswar,Odisha,East,Sports,Dumbbells,1,3889.12,5.0,3694.66,Debit Card,Returned,441.24,4.9
ORD100143,2025-05-17,CUST1602,Customer_1400,Female,47,New Delhi,Delhi,North,Sports,Dumbbells,1,2521.6,20.0,2017.28,UPI,Delivered,244.92,3.2
ORD100144,2025-02-04,CUST1302,Customer_1581,Female,37,Kolkata,West Bengal,East,Sports,Running Shoes,2,8472.13,15.0,14402.62,Net Banking,Delivered,993.52,5.0
ORD100145,2025-11-22,CUST1182,Customer_1686,Male,20,Ranchi,Jharkhand,East,Beauty,Perfume,2,2834.78,10.0,5102.6,Debit Card,Delivered,901.74,4.0
ORD100146,2025-03-11,CUST1556,Customer_1228,Female,22,Ludhiana,Punjab,North,Beauty,Face Wash,5,459.84,10.0,2069.28,UPI,Delivered,403.85,3.3
ORD100147,2025-05-23,CUST1199,Customer_1426,Male,18,Jaipur,Rajasthan,North,Sports,Cricket Bat,3,1348.4,15.0,3438.42,Net Banking,Shipped,736.31,4.6
ORD100148,2025-06-10,CUST1178,Customer_1629,Male,23,Chennai,Tamil Nadu,South,Home & Kitchen,Air Fryer,1,14417.4,25.0,10813.05,UPI,Delivered,965.42,4.4
ORD100149,2025-11-26,CUST1517,Customer_1514,Female,40,New Delhi,Delhi,North,Sports,Cricket Bat,2,5367.72,5.0,10198.67,Debit Card,Delivered,1993.91,2.4
ORD100150,2025-02-18,CUST1032,Customer_1391,Female,23,Kolkata,West Bengal,East,Electronics,Headphones,1,3363.01,25.0,2522.26,Net Banking,Delivered,471.76,4.7
ORD100151,2025-03-07,CUST1760,Customer_1254,Male,22,Mumbai,Maharashtra,West,Beauty,Moisturizer,4,1140.27,15.0,3876.92,UPI,Delivered,578.73,4.3
ORD100152,2025-01-08,CUST1508,Customer_1476,Male,23,Mumbai,Maharashtra,West,Fashion,Shoes,1,3758.22,5.0,3570.31,Debit Card,Delivered,320.88,2.5
ORD100153,2025-12-29,CUST1040,Customer_1486,Female,18,Bhubaneswar,Odisha,East,Fashion,T-Shirt,1,1258.86,10.0,1132.97,UPI,Delivered,230.62,4.7
ORD100154,2025-10-29,CUST1016,Customer_1129,Male,22,Ranchi,Jharkhand,East,Electronics,Tablet,2,15171.64,20.0,24274.62,Credit Card,Returned,4577.62,4.3
ORD100155,2025-05-13,CUST1227,Customer_1701,Male,20,Lucknow,Uttar Pradesh,North,Home & Kitchen,Air Fryer,2,9801.4,15.0,16662.38,UPI,Delivered,3373.15,3.8
ORD100156,2025-10-13,CUST1277,Customer_1156,Female,28,Kochi,Kerala,South,Sports,Running Shoes,1,4183.49,10.0,3765.14,Net Banking,Delivered,724.86,2.6
ORD100157,2025-05-19,CUST1783,Customer_1289,Female,25,Lucknow,Uttar Pradesh,North,Electronics,Smartwatch,2,9882.54,10.0,17788.57,UPI,Delivered,3462.22,
ORD100158,2025-10-30,CUST1143,Customer_1191,Male,33,Bhubaneswar,Odisha,East,Fashion,Jacket,3,2756.74,15.0,7029.69,UPI,Delivered,1202.53,3.8
ORD100159,2025-08-07,CUST1407,Customer_1443,Female,29,Patna,Bihar,East,Fashion,Jacket,1,5544.81,15.0,4713.09,UPI,Delivered,942.03,4.2
ORD100160,2025-06-03,CUST1614,Customer_1727,Female,18,Jaipur,Rajasthan,North,Fashion,Jacket,1,3401.47,0.0,3401.47,UPI,Delivered,606.77,4.6
ORD100161,2025-10-02,CUST1398,Customer_1120,Other,38,Chennai,Tamil Nadu,South,Sports,Running Shoes,2,5693.89,15.0,9679.61,Debit Card,Delivered,1405.75,4.3
ORD100162,2025-03-09,CUST1776,Customer_1514,Female,18,Ranchi,Jharkhand,East,Electronics,Laptop,1,47449.33,15.0,40331.93,Debit Card,Delivered,6284.09,4.4
ORD100163,2025-11-20,CUST1035,Customer_1482,Male,31,Patna,Bihar,East,Sports,Dumbbells,3,3315.71,0.0,9947.13,Net Banking,Delivered,746.21,4.8
ORD100164,2025-10-03,CUST1505,Customer_1669,Female,44,Mumbai,Maharashtra,West,Fashion,Jacket,3,3495.21,15.0,8912.79,Debit Card,Delivered,1435.04,3.8
ORD100165,2025-07-29,CUST1573,Customer_1780,Male,22,Mumbai,Maharashtra,West,Electronics,Smartwatch,5,5130.95,10.0,23089.28,Credit Card,Cancelled,4678.74,3.3
ORD100166,2025-07-08,CUST1049,Customer_1302,Female,18,New Delhi,Delhi,North,Electronics,Smartphone,1,36848.09,10.0,33163.28,UPI,Shipped,5125.01,2.2
ORD100167,2025-11-01,CUST1553,Customer_1529,Male,18,Chennai,Tamil Nadu,South,Beauty,Face Wash,1,231.07,5.0,219.52,UPI,Delivered,41.86,3.0
ORD100168,2025-11-28,CUST1584,Customer_1456,Other,48,Ahmedabad,Gujarat,West,Fashion,T-Shirt,1,784.62,10.0,706.16,Debit Card,Delivered,90.03,4.0
ORD100169,2025-05-26,CUST1324,Customer_1673,Male,37,Kolkata,West Bengal,East,Home & Kitchen,Mixer Grinder,2,7892.32,0.0,15784.64,Credit Card,Delivered,3148.34,4.3
ORD100170,2025-11-03,CUST1266,Customer_1210,Male,29,Panaji,Goa,West,Electronics,Smartwatch,1,14213.3,15.0,12081.3,UPI,Delivered,2036.75,4.1
ORD100171,2025-09-25,CUST1419,Customer_1235,Female,42,Ludhiana,Punjab,North,Electronics,Headphones,3,7937.1,20.0,19049.04,Credit Card,Delivered,3260.84,4.5
ORD100172,2025-04-09,CUST1429,Customer_1375,Female,18,Patna,Bihar,East,Electronics,Tablet,2,44132.97,15.0,75026.05,Credit Card,Shipped,9662.53,4.5
ORD100173,2025-11-09,CUST1118,Customer_1612,Female,22,Lucknow,Uttar Pradesh,North,Home & Kitchen,Dining Set,2,5384.23,20.0,8614.77,Credit Card,Delivered,533.85,2.5
ORD100174,2025-05-06,CUST1395,Customer_1576,Female,27,Jaipur,Rajasthan,North,Fashion,Jacket,4,3028.96,10.0,10904.26,Credit Card,Delivered,1315.33,4.1
ORD100175,2025-09-17,CUST1666,Customer_1155,Male,48,Mumbai,Maharashtra,West,Electronics,Smartwatch,1,1871.75,10.0,1684.58,UPI,Cancelled,360.91,3.7
ORD100176,2025-02-04,CUST1087,Customer_1646,Male,23,Lucknow,Uttar Pradesh,North,Fashion,Shoes,1,6045.79,10.0,5441.21,Credit Card,Shipped,652.77,3.7
ORD100177,2025-06-11,CUST1365,Customer_1379,Male,30,Hyderabad,Telangana,South,Sports,Dumbbells,1,3073.91,5.0,2920.21,Net Banking,Delivered,433.93,4.3
ORD100178,2025-10-07,CUST1637,Customer_1483,Female,31,Gurugram,Haryana,North,Beauty,Makeup Kit,1,3441.27,10.0,3097.14,UPI,Shipped,267.71,3.1
ORD100179,2025-01-05,CUST1657,Customer_1613,Male,22,New Delhi,Delhi,North,Electronics,Tablet,3,29534.93,15.0,75314.07,Credit Card,Delivered,6302.09,4.7
ORD100180,2025-01-20,CUST1558,Customer_1524,Female,33,Lucknow,Uttar Pradesh,North,Sports,Dumbbells,1,4120.14,5.0,3914.13,Cash on Delivery,Cancelled,732.23,5.0
ORD100181,2025-07-22,CUST1704,Customer_1761,Male,30,Kochi,Kerala,South,Fashion,Jacket,1,3851.0,10.0,3465.9,UPI,Delivered,452.63,5.0
ORD100182,2025-12-03,CUST1337,Customer_1737,Female,49,Lucknow,Uttar Pradesh,North,Sports,Running Shoes,3,5073.63,25.0,11415.67,Cash on Delivery,Delivered,793.57,3.2
ORD100183,2025-02-23,CUST1320,Customer_1126,Female,51,Jaipur,Rajasthan,North,Sports,Running Shoes,1,5076.33,15.0,4314.88,Debit Card,Shipped,757.84,4.1
ORD100184,2025-03-08,CUST1065,Customer_1292,Other,44,Panaji,Goa,West,Fashion,Shoes,1,6968.96,0.0,6968.96,Net Banking,Delivered,420.72,4.1
ORD100185,2025-09-17,CUST1414,Customer_1358,Female,41,Kochi,Kerala,South,Electronics,Tablet,2,15366.98,10.0,27660.56,UPI,Delivered,2003.29,4.5
ORD100186,2025-07-03,CUST1111,Customer_1508,Female,24,Kolkata,West Bengal,East,Home & Kitchen,Air Fryer,1,9260.86,5.0,8797.82,Net Banking,Delivered,1527.46,4.2
ORD100187,2025-11-09,CUST1281,Customer_1726,Male,28,Mumbai,Maharashtra,West,Electronics,Headphones,2,7848.66,15.0,13342.72,UPI,Delivered,1564.44,2.6
ORD100188,2025-12-01,CUST1022,Customer_1030,Female,32,Chennai,Tamil Nadu,South,Sports,Football,2,1657.93,5.0,3150.07,Credit Card,Delivered,341.82,4.9
ORD100189,2025-08-29,CUST1154,Customer_1786,Male,18,Kochi,Kerala,South,Beauty,Perfume,2,933.63,15.0,1587.17,UPI,Delivered,175.88,4.0
ORD100190,2025-04-10,CUST1141,Customer_1083,Male,23,Panaji,Goa,West,Electronics,Smartphone,1,26223.6,20.0,20978.88,Cash on Delivery,Delivered,2310.52,4.8
ORD100191,2025-08-23,CUST1013,Customer_1101,Male,30,New Delhi,Delhi,North,Sports,Dumbbells,2,3756.2,0.0,7512.4,Cash on Delivery,Delivered,651.42,5.0
ORD100192,2025-02-10,CUST1355,Customer_1303,Female,29,Patna,Bihar,East,Sports,Cricket Bat,5,1912.69,10.0,8607.11,UPI,Delivered,1046.79,2.8
ORD100193,2025-11-06,CUST1100,Customer_1621,Female,28,Kochi,Kerala,South,Beauty,Face Wash,1,703.76,10.0,633.38,Debit Card,Delivered,126.15,4.2
ORD100194,2025-02-18,CUST1118,Customer_1054,Male,32,Lucknow,Uttar Pradesh,North,Fashion,Jacket,2,1884.04,0.0,3768.08,Credit Card,Delivered,628.13,3.8
ORD100195,2025-01-29,CUST1171,Customer_1409,Male,32,Jaipur,Rajasthan,North,Beauty,Makeup Kit,2,1789.8,20.0,2863.68,Cash on Delivery,Delivered,294.01,4.1
ORD100196,2025-08-10,CUST1745,Customer_1674,Female,37,Ahmedabad,Gujarat,West,Home & Kitchen,Dining Set,5,5757.7,0.0,28788.5,UPI,Delivered,5274.78,4.5
ORD100197,2025-08-16,CUST1623,Customer_1307,Female,23,New Delhi,Delhi,North,Fashion,T-Shirt,2,1195.33,15.0,2032.06,UPI,Cancelled,300.22,4.5
ORD100198,2025-03-20,CUST1124,Customer_1471,Male,18,Panaji,Goa,West,Beauty,Face Wash,1,359.76,5.0,341.77,Debit Card,Delivered,46.98,3.3
ORD100199,2025-12-28,CUST1441,Customer_1026,Female,31,Panaji,Goa,West,Sports,Dumbbells,1,2335.86,5.0,2219.07,Net Banking,Delivered,202.67,4.2
ORD100200,2025-07-07,CUST1569,Customer_1559,Male,39,Jaipur,Rajasthan,North,Electronics,Tablet,2,42774.69,20.0,68439.5,UPI,Delivered,7800.35,4.0
ORD100201,2025-05-02,CUST1277,Customer_1558,Male,18,Jaipur,Rajasthan,North,Home & Kitchen,Cookware Set,1,3671.88,15.0,3121.1,UPI,Delivered,364.18,4.0
ORD100202,2025-06-10,CUST1721,Customer_1752,Male,18,Patna,Bihar,East,Beauty,Perfume,1,2615.83,5.0,2485.04,Cash on Delivery,Delivered,168.97,5.0
ORD100203,2025-12-23,CUST1601,Customer_1274,Male,33,Mumbai,Maharashtra,West,Fashion,Jacket,1,5788.59,10.0,5209.73,Credit Card,Delivered,495.23,3.4
ORD100204,2025-09-04,CUST1520,Customer_1141,Female,35,Mumbai,Maharashtra,West,Home & Kitchen,Cookware Set,4,7752.84,10.0,27910.22,Net Banking,Delivered,6038.91,3.6
ORD100205,2025-04-11,CUST1512,Customer_1156,Female,22,Hyderabad,Telangana,South,Fashion,T-Shirt,3,1098.45,0.0,3295.35,UPI,Delivered,202.49,4.3
ORD100206,2025-01-10,CUST1740,Customer_1265,Male,35,Panaji,Goa,West,Electronics,Smartwatch,1,1893.79,10.0,1704.41,UPI,Returned,282.91,4.5
ORD100207,2025-12-12,CUST1718,Customer_1017,Female,18,Ranchi,Jharkhand,East,Sports,Cricket Bat,1,1421.8,0.0,1421.8,Net Banking,Delivered,186.4,5.0
ORD100208,2025-04-15,CUST1193,Customer_1401,Male,20,,Uttar Pradesh,North,Home & Kitchen,Bedsheet,4,844.33,10.0,3039.59,UPI,Delivered,289.78,4.5
ORD100209,2025-11-23,CUST1154,Customer_1552,Male,35,Jaipur,Rajasthan,North,Electronics,Smartwatch,1,12835.41,5.0,12193.64,Credit Card,Delivered,1570.74,5.0
ORD100210,2025-11-20,CUST1271,Customer_1421,Male,18,Bhubaneswar,Odisha,East,Beauty,Moisturizer,1,1190.7,0.0,1190.7,Credit Card,Delivered,192.62,4.1
ORD100211,2025-10-06,CUST1581,Customer_1254,Female,40,Ludhiana,Punjab,North,Beauty,Makeup Kit,1,3590.41,10.0,3231.37,Credit Card,Delivered,339.93,4.5
ORD100212,2025-12-08,CUST1038,Customer_1511,Male,43,Mumbai,Maharashtra,West,Home & Kitchen,Dining Set,1,4141.27,10.0,3727.14,Debit Card,Delivered,750.04,3.4
ORD100213,2025-01-22,CUST1213,Customer_1310,Male,23,Lucknow,Uttar Pradesh,North,Beauty,Perfume,1,4998.04,10.0,4498.24,Credit Card,Delivered,428.58,3.4
ORD100214,2025-05-03,CUST1102,Customer_1753,Female,18,Chennai,Tamil Nadu,South,Electronics,Smartphone,1,31702.62,20.0,25362.1,Credit Card,Delivered,4086.99,4.1
ORD100215,2025-05-06,CUST1313,Customer_1593,Female,35,Bhubaneswar,Odisha,East,Fashion,T-Shirt,1,1689.39,15.0,1435.98,UPI,Delivered,253.65,4.6
ORD100216,2025-12-18,CUST1128,Customer_1452,Male,37,Ludhiana,Punjab,North,Electronics,Smartwatch,2,5711.78,10.0,10281.2,Credit Card,Delivered,1450.34,4.8
ORD100217,2025-12-05,CUST1193,Customer_1453,Male,30,New Delhi,Delhi,North,Beauty,Perfume,2,4213.65,10.0,7584.57,Debit Card,Shipped,1628.6,4.3
ORD100218,2025-11-09,CUST1519,Customer_1206,Female,22,Gurugram,Haryana,North,Electronics,Headphones,1,3030.47,5.0,2878.95,Debit Card,Delivered,574.14,3.8
ORD100219,2025-02-26,CUST1069,Customer_1118,Male,31,Gurugram,Haryana,North,Beauty,Shampoo,1,585.31,15.0,497.51,UPI,Delivered,56.44,3.6
ORD100220,2025-08-03,CUST1526,Customer_1215,Male,26,Gurugram,Haryana,North,Electronics,Laptop,1,89012.72,15.0,75660.81,Credit Card,Delivered,13419.04,4.1
ORD100221,2025-11-21,CUST1412,Customer_1318,Other,26,Panaji,Goa,West,Electronics,Tablet,1,31710.64,5.0,30125.11,Credit Card,Delivered,6486.18,2.8
ORD100222,2025-06-15,CUST1022,Customer_1154,Female,23,Hyderabad,Telangana,South,Home & Kitchen,Mixer Grinder,1,7311.05,15.0,6214.39,Credit Card,Delivered,919.34,4.0
ORD100223,2025-05-14,CUST1719,Customer_1283,Male,46,Hyderabad,Telangana,South,Electronics,Smartwatch,1,8970.62,15.0,7625.03,Debit Card,Delivered,1316.13,3.6
ORD100224,2025-05-30,CUST1560,Customer_1248,Female,36,Hyderabad,Telangana,South,Home & Kitchen,Mixer Grinder,4,3188.39,5.0,12115.88,Credit Card,Delivered,2558.36,2.9
ORD100225,2025-04-16,CUST1800,Customer_1262,Male,31,New Delhi,Delhi,North,Home & Kitchen,Dining Set,1,17406.13,10.0,15665.52,Cash on Delivery,Delivered,3044.88,3.8
ORD100226,2025-02-12,CUST1377,Customer_1041,Female,34,Gurugram,Haryana,North,Electronics,Smartphone,1,36303.1,25.0,27227.32,UPI,Delivered,2632.0,4.2
ORD100227,2025-10-23,CUST1203,Customer_1061,Male,34,Jaipur,Rajasthan,North,Electronics,Laptop,1,46792.36,5.0,44452.74,Credit Card,Delivered,4427.92,4.4
ORD100228,2025-04-01,CUST1750,Customer_1776,Female,35,Patna,Bihar,East,Home & Kitchen,Cookware Set,2,3041.75,,5170.97,UPI,Delivered,924.89,4.3
ORD100229,2025-02-27,CUST1363,Customer_1123,Female,38,Bengaluru,Karnataka,South,Sports,Running Shoes,3,1762.56,15.0,4494.53,Debit Card,Delivered,565.48,3.7
ORD100230,2025-11-06,CUST1088,Customer_1207,Male,26,Hyderabad,Telangana,South,Fashion,Jacket,1,2854.71,10.0,2569.24,UPI,Delivered,177.25,4.6
ORD100231,2025-03-10,CUST1129,Customer_1196,Female,44,New Delhi,Delhi,North,Electronics,Laptop,2,74631.11,20.0,119409.78,Cash on Delivery,Delivered,15689.51,4.1
ORD100232,2025-04-20,CUST1177,Customer_1362,Female,28,Jaipur,Rajasthan,North,Home & Kitchen,Mixer Grinder,3,3904.39,20.0,9370.54,UPI,Delivered,1741.21,4.1
ORD100233,2025-08-02,CUST1457,Customer_1285,Female,33,Bengaluru,Karnataka,South,Fashion,Backpack,3,1665.39,10.0,4496.55,Credit Card,Delivered,568.02,2.5
ORD100234,2025-09-03,CUST1289,Customer_1414,Female,18,Bhubaneswar,Odisha,East,Home & Kitchen,Dining Set,3,11446.45,15.0,29188.45,UPI,Delivered,3137.35,3.7
ORD100235,2025-05-07,CUST1147,Customer_1118,Male,41,Chennai,Tamil Nadu,South,Sports,Football,1,1277.51,5.0,1213.63,UPI,Returned,120.15,5.0
ORD100236,2025-05-21,CUST1758,Customer_1093,Female,18,Bengaluru,Karnataka,South,Home & Kitchen,Air Fryer,2,11723.61,5.0,22274.86,Credit Card,Delivered,3118.88,2.7
ORD100237,2025-04-13,CUST1193,Customer_1753,Female,34,Kolkata,West Bengal,East,Home & Kitchen,Air Fryer,1,12412.81,15.0,10550.89,Debit Card,Shipped,1937.97,4.0
ORD100238,2025-04-03,CUST1505,Customer_1598,Female,28,Bhubaneswar,Odisha,East,Home & Kitchen,Bedsheet,3,2355.16,15.0,6005.66,Net Banking,Delivered,1083.55,4.3
ORD100239,2025-08-20,CUST1658,Customer_1435,Female,19,Ahmedabad,Gujarat,West,Fashion,T-Shirt,3,1052.83,0.0,3158.49,UPI,Delivered,385.5,3.9
ORD100240,2025-12-01,CUST1532,Customer_1221,Male,35,Bhubaneswar,Odisha,East,Electronics,Smartwatch,2,2500.42,10.0,4500.76,Credit Card,Delivered,848.89,4.0
ORD100241,2025-03-03,CUST1256,Customer_1561,Female,25,Ahmedabad,Gujarat,West,Electronics,Headphones,2,5903.11,0.0,11806.22,UPI,Delivered,1119.55,2.5
ORD100242,2025-07-30,CUST1704,Customer_1044,Female,35,Ludhiana,Punjab,North,Electronics,Laptop,2,79165.11,10.0,142497.2,Debit Card,Delivered,11749.17,5.0
ORD100243,2025-03-03,CUST1682,Customer_1445,Female,34,Mumbai,Maharashtra,West,Electronics,Smartwatch,2,10330.79,20.0,16529.26,Debit Card,Delivered,2522.52,4.2
ORD100244,2025-01-02,CUST1178,Customer_1396,Male,24,Bengaluru,Karnataka,South,Electronics,Headphones,4,4450.83,5.0,16913.15,Credit Card,Delivered,1223.08,3.5
ORD100245,2025-04-20,CUST1781,Customer_1790,Female,45,Ranchi,Jharkhand,East,Sports,Cricket Bat,2,2730.28,10.0,4914.5,UPI,Delivered,944.31,5.0
ORD100246,2025-06-12,CUST1591,Customer_1517,Male,22,Chennai,Tamil Nadu,South,Beauty,Moisturizer,1,689.36,0.0,689.36,Debit Card,Shipped,138.33,5.0
ORD100247,2025-07-01,CUST1768,Customer_1550,Female,31,Panaji,Goa,West,Beauty,Face Wash,1,666.74,0.0,666.74,UPI,Returned,119.8,3.0
ORD100248,2025-10-31,CUST1501,Customer_1598,Male,53,Ranchi,Jharkhand,East,Fashion,Shoes,1,6774.72,20.0,5419.78,UPI,Delivered,1061.56,3.2
ORD100249,2025-03-09,CUST1573,Customer_1541,Male,31,Ranchi,Jharkhand,East,Home & Kitchen,Dining Set,4,9807.41,10.0,35306.68,Debit Card,Delivered,4324.89,3.2
ORD100250,2025-02-20,CUST1661,Customer_1780,Female,35,Bengaluru,Karnataka,South,Home & Kitchen,Bedsheet,4,1420.57,10.0,5114.05,Credit Card,Shipped,480.01,3.0
ORD100251,2025-05-13,CUST1343,Customer_1425,Female,30,Patna,Bihar,East,Fashion,T-Shirt,2,922.37,20.0,1475.79,Debit Card,Returned,128.06,3.5
ORD100252,2025-05-22,CUST1434,Customer_1404,Male,42,New Delhi,Delhi,North,Electronics,Headphones,2,4077.24,15.0,6931.31,Debit Card,Delivered,1344.53,5.0
ORD100253,2025-01-26,CUST1587,Customer_1150,Male,22,Panaji,Goa,West,Electronics,Smartwatch,1,9230.2,5.0,8768.69,Debit Card,Delivered,1818.71,5.0
ORD100254,2025-06-04,CUST1181,Customer_1215,Female,18,Ranchi,Jharkhand,East,Electronics,Laptop,2,62586.66,25.0,93879.99,UPI,Shipped,15898.82,4.4
ORD100255,2025-08-19,CUST1309,Customer_1631,Female,33,Jaipur,Rajasthan,North,Sports,Yoga Mat,1,2194.78,0.0,2194.78,Credit Card,Delivered,249.43,4.6
ORD100256,2025-02-21,CUST1783,Customer_1485,Male,43,Gurugram,Haryana,North,Sports,Dumbbells,1,2794.79,0.0,2794.79,Credit Card,Returned,589.09,4.2
ORD100257,2025-05-05,CUST1013,Customer_1036,Female,27,Panaji,Goa,West,Electronics,Smartwatch,1,1777.03,20.0,1421.62,UPI,Shipped,168.46,3.7
ORD100258,2025-12-21,CUST1112,Customer_1446,Female,36,Bhubaneswar,Odisha,East,Electronics,Smartphone,1,44841.95,10.0,40357.75,Net Banking,Delivered,3351.82,2.7
ORD100259,2025-04-16,CUST1271,Customer_1503,Male,22,Bengaluru,Karnataka,South,Sports,Football,1,1367.66,10.0,1230.89,Net Banking,Returned,269.18,4.7
ORD100260,2025-08-15,CUST1048,Customer_1018,Female,30,Chennai,Tamil Nadu,South,Sports,Yoga Mat,1,1466.36,20.0,1173.09,UPI,Delivered,138.22,3.0
ORD100261,2025-06-09,CUST1187,Customer_1486,Male,48,Kolkata,West Bengal,East,Fashion,Backpack,2,1343.51,10.0,2418.32,UPI,Shipped,289.1,5.0
ORD100262,2025-01-06,CUST1206,Customer_1544,Female,18,Kochi,Kerala,South,Electronics,Headphones,2,4951.62,10.0,8912.92,Net Banking,Delivered,1064.09,3.8
ORD100263,2025-01-13,CUST1557,Customer_1639,Male,34,Hyderabad,Telangana,South,Electronics,Laptop,2,47127.73,5.0,89542.69,Credit Card,Delivered,17895.24,4.3
ORD100264,2025-11-24,CUST1776,Customer_1315,Male,34,Mumbai,Maharashtra,West,Fashion,T-Shirt,1,731.92,20.0,585.54,UPI,Cancelled,123.63,2.8
ORD100265,2025-08-09,CUST1238,Customer_1094,Male,25,Kochi,Kerala,South,Fashion,T-Shirt,1,1235.67,25.0,926.75,Credit Card,Delivered,169.7,4.3
ORD100266,2025-11-09,CUST1308,Customer_1649,Male,37,Panaji,Goa,West,Beauty,Face Wash,3,286.38,15.0,730.27,Net Banking,Delivered,76.35,3.2
ORD100267,2025-07-09,CUST1139,Customer_1615,Female,25,Ranchi,Jharkhand,East,Electronics,Smartphone,1,20409.76,10.0,18368.78,UPI,Delivered,3457.58,4.2
ORD100268,2025-08-21,CUST1227,Customer_1371,Male,37,Jaipur,Rajasthan,North,Electronics,Tablet,1,12727.91,20.0,10182.33,UPI,Delivered,1465.82,4.1
ORD100269,2025-03-09,CUST1726,Customer_1218,Female,37,Ahmedabad,Gujarat,West,Sports,Running Shoes,1,7860.82,20.0,6288.66,Cash on Delivery,Delivered,1267.65,3.0
ORD100270,2025-10-11,CUST1210,Customer_1609,Male,18,Ranchi,Jharkhand,East,Fashion,Jeans,3,1484.07,5.0,4229.6,Cash on Delivery,Delivered,465.7,4.4
ORD100271,2025-04-28,CUST1073,Customer_1282,Male,33,Mumbai,Maharashtra,West,Fashion,Jacket,4,3510.22,10.0,12636.79,Debit Card,Delivered,1256.92,3.2
ORD100272,2025-07-02,CUST1368,Customer_1129,Male,22,Gurugram,Haryana,North,Electronics,Tablet,3,46031.39,20.0,110475.34,Credit Card,Delivered,12176.65,5.0
ORD100273,2025-10-29,CUST1025,Customer_1789,Male,33,Bengaluru,Karnataka,South,Sports,Dumbbells,1,1291.08,15.0,1097.42,Credit Card,Delivered,232.64,4.2
ORD100274,2025-06-29,CUST1712,Customer_1503,Female,22,Ranchi,Jharkhand,East,Fashion,Shoes,2,5258.2,10.0,9464.76,UPI,Delivered,1416.81,4.1
ORD100275,2025-11-03,CUST1030,Customer_1779,Female,24,Ahmedabad,Gujarat,West,Electronics,Tablet,1,46036.52,15.0,39131.04,Credit Card,Delivered,6728.69,3.8
ORD100276,2025-06-11,CUST1247,Customer_1543,Female,34,Panaji,Goa,West,Electronics,Headphones,5,2669.63,25.0,10011.11,UPI,Delivered,1291.41,3.9
ORD100277,2025-07-27,CUST1008,Customer_1702,Female,21,Bhubaneswar,Odisha,East,Fashion,Backpack,3,2786.5,0.0,8359.5,Net Banking,Delivered,1699.83,4.2
ORD100278,2025-10-10,CUST1269,Customer_1753,Female,18,Mumbai,Maharashtra,West,Electronics,Laptop,1,55954.52,20.0,44763.62,UPI,Delivered,8584.76,2.0
ORD100279,2025-08-30,CUST1146,Customer_1388,Female,29,Mumbai,Maharashtra,West,Electronics,Tablet,4,23848.48,5.0,90624.22,Credit Card,Delivered,14922.69,3.5
ORD100280,2025-05-02,CUST1432,Customer_1044,Male,44,Ahmedabad,Gujarat,West,Electronics,Smartwatch,2,10251.18,5.0,19477.24,Net Banking,Delivered,3291.97,4.0
ORD100281,2025-11-20,CUST1187,Customer_1720,Male,28,Lucknow,Uttar Pradesh,North,Fashion,Shoes,2,5017.33,0.0,10034.66,Net Banking,Delivered,1236.69,3.5
ORD100282,2025-09-21,CUST1583,Customer_1504,Male,32,Ranchi,Jharkhand,East,Fashion,Jacket,1,4791.69,25.0,3593.77,Credit Card,Delivered,342.38,4.7
ORD100283,2025-12-16,CUST1634,Customer_1494,Female,32,Patna,Bihar,East,Fashion,Shoes,1,5442.68,20.0,4354.14,UPI,Delivered,363.27,5.0
ORD100284,2025-04-16,CUST1651,Customer_1401,Male,33,Lucknow,Uttar Pradesh,North,Fashion,Jeans,4,1351.93,20.0,4326.18,Debit Card,Delivered,646.78,2.9
ORD100285,2025-01-03,CUST1393,Customer_1316,Male,33,Jaipur,Rajasthan,North,Electronics,Headphones,1,3552.22,15.0,3019.39,UPI,Delivered,400.69,4.2
ORD100286,2025-01-25,CUST1586,Customer_1718,Male,29,Bengaluru,Karnataka,South,Fashion,Shoes,4,5702.48,5.0,21669.42,Debit Card,Delivered,3260.54,4.7
ORD100287,2025-07-28,CUST1448,Customer_1576,Male,40,Bengaluru,Karnataka,South,Fashion,T-Shirt,1,433.19,20.0,346.55,UPI,Delivered,74.84,5.0
ORD100288,2025-08-27,CUST1304,Customer_1298,Female,29,Hyderabad,Telangana,South,Sports,Running Shoes,2,8600.67,15.0,14621.14,Credit Card,Delivered,1611.15,4.0
ORD100289,2025-01-12,CUST1141,Customer_1766,Male,39,Chennai,Tamil Nadu,South,Sports,Football,4,1436.8,10.0,5172.48,UPI,Delivered,352.2,3.3
ORD100290,2025-10-12,CUST1195,Customer_1228,Male,18,Jaipur,Rajasthan,North,Fashion,Jacket,1,4482.58,20.0,3586.06,Debit Card,Delivered,650.7,4.6
ORD100291,2025-05-26,CUST1030,Customer_1045,Female,35,Ranchi,Jharkhand,East,Electronics,Tablet,2,25169.23,10.0,45304.61,UPI,Shipped,3628.47,3.8
ORD100292,2025-02-19,CUST1517,Customer_1638,Male,21,Ludhiana,Punjab,North,Electronics,Tablet,1,37550.59,20.0,30040.47,Credit Card,Delivered,5037.63,3.5
ORD100293,2025-12-07,CUST1189,Customer_1415,Male,30,Lucknow,Uttar Pradesh,North,Electronics,Smartwatch,1,3782.33,10.0,3404.1,UPI,Delivered,619.1,3.7
ORD100294,2025-05-09,CUST1341,Customer_1004,Female,18,Chennai,Tamil Nadu,South,Home & Kitchen,Dining Set,3,6821.4,20.0,16371.36,Credit Card,Delivered,2787.29,3.5
ORD100295,2025-01-19,CUST1410,Customer_1296,Female,18,New Delhi,Delhi,North,Electronics,Laptop,3,78530.49,15.0,200252.75,UPI,Returned,28408.29,4.0
ORD100296,2025-08-25,CUST1534,Customer_1185,Male,37,Chennai,Tamil Nadu,South,Electronics,Headphones,2,5496.09,5.0,10442.57,Net Banking,Delivered,1713.29,4.0
ORD100297,2025-10-03,CUST1039,Customer_1060,Male,38,Ranchi,Jharkhand,East,Beauty,Perfume,1,758.83,0.0,758.83,Debit Card,Delivered,76.93,4.0
ORD100298,2025-04-20,CUST1658,Customer_1728,Male,32,Lucknow,Uttar Pradesh,North,Home & Kitchen,Bedsheet,3,1984.51,10.0,5358.18,UPI,Cancelled,750.38,4.1
ORD100299,2025-01-18,CUST1294,Customer_1195,Female,33,Kolkata,West Bengal,East,Fashion,Jacket,4,5064.86,15.0,17220.52,UPI,Delivered,2905.81,2.7
ORD100300,2025-11-13,CUST1711,Customer_1558,Male,23,Ludhiana,Punjab,North,Electronics,Tablet,1,38015.8,20.0,30412.64,UPI,Delivered,5898.9,3.7
ORD100301,2025-12-21,CUST1785,Customer_1476,Female,37,Lucknow,Uttar Pradesh,North,Beauty,Moisturizer,1,748.17,20.0,598.54,UPI,Delivered,37.22,3.8
ORD100302,2025-05-09,CUST1724,Customer_1608,Male,42,Hyderabad,Telangana,South,Home & Kitchen,Air Fryer,2,14877.19,5.0,28266.66,UPI,Returned,3459.39,4.2
ORD100303,2025-01-29,CUST1112,Customer_1673,Male,42,Mumbai,Maharashtra,West,Fashion,Backpack,1,1827.57,15.0,1553.43,Debit Card,Delivered,262.76,4.2
ORD100304,2025-07-07,CUST1441,Customer_1086,Female,40,,Punjab,North,Home & Kitchen,Dining Set,1,14223.49,15.0,12089.97,UPI,Delivered,1086.43,4.6
ORD100305,2025-07-30,CUST1752,Customer_1551,Female,33,Gurugram,Haryana,North,Beauty,Shampoo,1,533.17,5.0,506.51,Cash on Delivery,Delivered,92.92,
ORD100306,2025-08-08,CUST1577,Customer_1232,Female,34,Chennai,Tamil Nadu,South,Electronics,Headphones,1,3674.0,10.0,3306.6,Credit Card,Delivered,543.84,3.9
ORD100307,2025-03-29,CUST1720,Customer_1269,Female,18,Ahmedabad,Gujarat,West,Sports,Running Shoes,2,4189.66,20.0,6703.46,Debit Card,Delivered,424.66,3.9
ORD100308,2025-08-23,CUST1367,Customer_1313,Male,32,Hyderabad,Telangana,South,Fashion,Jacket,1,3977.12,15.0,3380.55,UPI,Delivered,374.83,4.3
ORD100309,2025-08-05,CUST1358,Customer_1618,Other,35,Patna,Bihar,East,Fashion,Jacket,1,3096.28,10.0,2786.65,Debit Card,Delivered,218.54,3.3
ORD100310,2025-11-02,CUST1742,Customer_1673,Female,18,Mumbai,Maharashtra,West,Fashion,Jeans,1,1315.04,5.0,1249.29,UPI,Delivered,127.42,3.2
ORD100311,2025-05-03,CUST1283,Customer_1544,Female,50,Ludhiana,Punjab,North,Electronics,Laptop,2,54001.45,20.0,86402.32,Cash on Delivery,Delivered,12653.16,4.8
ORD100312,2025-01-30,CUST1670,Customer_1278,Female,28,Bhubaneswar,Odisha,East,Electronics,Headphones,2,3097.69,10.0,5575.84,Credit Card,Delivered,782.84,4.7
ORD100313,2025-07-19,CUST1664,Customer_1598,Male,32,Chennai,Tamil Nadu,South,Beauty,Perfume,3,4875.04,5.0,13893.86,Credit Card,Delivered,2438.8,3.9
ORD100314,2025-06-10,CUST1747,Customer_1702,Female,43,Chennai,Tamil Nadu,South,Sports,Cricket Bat,1,7881.14,0.0,7881.14,UPI,Delivered,1499.8,3.9
ORD100315,2025-01-11,CUST1580,Customer_1722,Male,29,Mumbai,Maharashtra,West,Electronics,Smartwatch,2,13724.77,20.0,21959.63,UPI,Delivered,2009.35,3.8
ORD100316,2025-08-12,CUST1220,Customer_1179,Male,30,Kochi,Kerala,South,Electronics,Smartphone,1,24843.98,20.0,19875.18,Debit Card,Delivered,1716.03,4.5
ORD100317,2025-12-05,CUST1778,Customer_1348,Female,24,Ahmedabad,Gujarat,West,Electronics,Tablet,2,26204.71,15.0,44548.01,UPI,Delivered,2760.84,4.6
ORD100318,2025-12-09,CUST1016,Customer_1333,Female,18,Kolkata,West Bengal,East,Fashion,Backpack,1,2115.95,0.0,2115.95,Cash on Delivery,Delivered,151.05,3.8
ORD100319,2025-12-11,CUST1465,Customer_1700,Male,18,Bengaluru,Karnataka,South,Electronics,Tablet,2,29262.58,10.0,52672.64,UPI,Delivered,11056.43,4.9
ORD100320,2025-04-21,CUST1137,Customer_1232,Male,39,Ahmedabad,Gujarat,West,Electronics,Laptop,1,71873.89,15.0,61092.81,Debit Card,Delivered,7680.97,2.5
ORD100321,2025-12-04,CUST1066,Customer_1370,Male,35,Lucknow,Uttar Pradesh,North,Electronics,Laptop,1,44322.73,0.0,44322.73,UPI,Shipped,7038.66,
ORD100322,2025-05-31,CUST1440,Customer_1502,Female,35,Ahmedabad,Gujarat,West,Fashion,T-Shirt,1,959.07,10.0,863.16,UPI,Shipped,186.89,3.8
ORD100323,2025-06-17,CUST1592,Customer_1294,Male,34,Hyderabad,Telangana,South,Electronics,Smartwatch,1,14422.16,20.0,11537.73,Credit Card,Delivered,1896.39,2.4
ORD100324,2025-12-29,CUST1352,Customer_1158,Male,18,Ranchi,Jharkhand,East,Sports,Yoga Mat,1,1208.75,5.0,1148.31,Cash on Delivery,Delivered,203.18,5.0
ORD100325,2025-12-06,CUST1347,Customer_1646,Male,25,Bengaluru,Karnataka,South,Electronics,Tablet,1,43444.95,5.0,41272.7,UPI,Delivered,5600.06,3.3
ORD100326,2025-01-25,CUST1058,Customer_1498,Male,21,Chennai,Tamil Nadu,South,Fashion,Backpack,1,3253.49,0.0,3253.49,Credit Card,Cancelled,556.49,4.0
ORD100327,2025-12-10,CUST1749,Customer_1035,Male,36,Hyderabad,Telangana,South,Electronics,Tablet,1,15474.04,15.0,13152.93,Cash on Delivery,Delivered,1947.75,4.1
ORD100328,2025-05-09,CUST1042,Customer_1481,Female,39,Patna,Bihar,East,Electronics,Smartwatch,3,7300.59,15.0,18616.5,UPI,Delivered,3836.61,4.1
ORD100329,2025-01-30,CUST1756,Customer_1274,Male,50,Bengaluru,Karnataka,South,Electronics,Smartphone,2,14894.5,0.0,29789.0,UPI,Delivered,2606.32,4.9
ORD100330,2025-09-18,CUST1788,Customer_1079,Male,27,Bhubaneswar,Odisha,East,Beauty,Moisturizer,1,799.17,10.0,719.25,Debit Card,Delivered,124.52,4.5
ORD100331,2025-04-09,CUST1485,Customer_1509,Female,22,Kolkata,West Bengal,East,Sports,Football,1,1077.7,20.0,862.16,UPI,Delivered,87.07,4.7
ORD100332,2025-06-28,CUST1197,Customer_1735,Female,49,Chennai,Tamil Nadu,South,Fashion,Backpack,2,2950.51,0.0,5901.02,Debit Card,Returned,718.45,4.1
ORD100333,2025-12-06,CUST1192,Customer_1325,Female,41,Kolkata,West Bengal,East,Fashion,T-Shirt,1,1106.24,5.0,1050.93,UPI,Delivered,134.93,4.6
ORD100334,2025-11-01,CUST1144,Customer_1111,Female,25,Ludhiana,Punjab,North,Electronics,Laptop,1,71174.39,15.0,60498.23,UPI,Shipped,3877.4,4.7
ORD100335,2025-08-03,CUST1134,Customer_1285,Female,27,Gurugram,Haryana,North,Electronics,Smartwatch,3,11822.79,5.0,33694.95,UPI,Delivered,5743.36,4.5
ORD100336,2025-02-23,CUST1184,Customer_1222,Male,23,Chennai,Tamil Nadu,South,Home & Kitchen,Bedsheet,1,612.34,10.0,551.11,Cash on Delivery,Shipped,40.5,3.3
ORD100337,2025-04-14,CUST1519,Customer_1283,Female,34,Ahmedabad,Gujarat,West,Electronics,Headphones,2,2616.67,20.0,4186.67,Cash on Delivery,Delivered,364.31,3.5
ORD100338,2025-02-17,CUST1224,Customer_1003,Male,32,Hyderabad,Telangana,South,Electronics,Laptop,2,63111.25,15.0,107289.12,Debit Card,Delivered,14349.25,4.9
ORD100339,2025-03-11,CUST1027,Customer_1271,Female,38,Kolkata,West Bengal,East,Beauty,Makeup Kit,1,2045.67,20.0,1636.54,Net Banking,Delivered,110.55,3.8
ORD100340,2025-07-11,CUST1765,Customer_1550,Male,30,Bengaluru,Karnataka,South,Home & Kitchen,Air Fryer,1,9803.2,5.0,9313.04,UPI,Delivered,808.31,4.1
ORD100341,2025-05-08,CUST1625,Customer_1273,Male,31,Patna,Bihar,East,Fashion,Backpack,1,2989.35,20.0,2391.48,UPI,Delivered,469.97,4.8
ORD100342,2025-09-22,CUST1612,Customer_1342,Male,38,Patna,Bihar,East,Sports,Football,1,1010.61,10.0,909.55,Net Banking,Delivered,86.54,3.9
ORD100343,2025-02-28,CUST1544,Customer_1161,Male,34,Patna,Bihar,East,Electronics,Headphones,2,3015.46,5.0,5729.37,Debit Card,Delivered,410.68,4.4
ORD100344,2025-07-08,CUST1426,Customer_1079,Female,23,Ahmedabad,Gujarat,West,Electronics,Smartphone,1,37132.15,15.0,31562.33,Debit Card,Delivered,5360.62,4.7
ORD100345,2025-10-12,CUST1474,Customer_1521,Male,36,Chennai,Tamil Nadu,South,Electronics,Smartphone,3,63190.15,10.0,170613.41,UPI,Delivered,33792.99,2.7
ORD100346,2025-03-24,CUST1697,Customer_1611,Male,40,Mumbai,Maharashtra,West,Electronics,Headphones,1,2536.39,5.0,2409.57,UPI,Delivered,170.86,3.7
ORD100347,2025-07-26,CUST1110,Customer_1440,Female,24,Gurugram,Haryana,North,Sports,Dumbbells,1,2050.13,5.0,1947.62,UPI,Delivered,216.7,3.8
ORD100348,2025-03-02,CUST1054,Customer_1680,Male,32,Lucknow,Uttar Pradesh,North,Electronics,Smartwatch,4,4833.98,20.0,15468.74,UPI,Delivered,1345.93,4.9
ORD100349,2025-05-27,CUST1002,Customer_1010,Male,25,New Delhi,Delhi,North,Beauty,Shampoo,1,623.65,10.0,561.28,UPI,Delivered,48.03,3.4
ORD100350,2025-12-01,CUST1044,Customer_1027,Male,23,Ludhiana,Punjab,North,Beauty,Face Wash,3,354.36,5.0,1009.93,UPI,Delivered,214.24,4.2
ORD100351,2025-02-04,CUST1079,Customer_1579,Female,31,Bengaluru,Karnataka,South,Electronics,Headphones,1,5265.74,10.0,4739.17,UPI,Delivered,646.92,5.0
ORD100352,2025-03-12,CUST1090,Customer_1226,Male,41,Chennai,Tamil Nadu,South,Sports,Running Shoes,1,3852.77,15.0,3274.85,Debit Card,Delivered,383.0,4.3
ORD100353,2025-10-11,CUST1721,Customer_1494,Female,31,Chennai,Tamil Nadu,South,Electronics,Laptop,4,67258.15,10.0,242129.34,Credit Card,Delivered,43943.99,4.2
ORD100354,2025-06-25,CUST1427,Customer_1117,Male,19,Ahmedabad,Gujarat,West,Fashion,Jeans,1,2109.15,20.0,1687.32,Credit Card,Delivered,297.05,3.7
ORD100355,2025-11-02,CUST1368,Customer_1094,Male,36,New Delhi,Delhi,North,Electronics,Laptop,1,79677.94,10.0,71710.15,UPI,Delivered,5581.78,3.7
ORD100356,2025-02-16,CUST1107,Customer_1620,Female,22,Panaji,Goa,West,Home & Kitchen,Air Fryer,1,13792.6,0.0,13792.6,UPI,Delivered,836.02,4.7
ORD100357,2025-10-25,CUST1787,Customer_1273,Male,33,Ahmedabad,Gujarat,West,Fashion,Backpack,1,3392.34,10.0,3053.11,UPI,Delivered,422.09,4.1
ORD100358,2025-07-08,CUST1129,Customer_1561,Other,35,Hyderabad,Telangana,South,Fashion,Shoes,3,4688.03,10.0,12657.68,UPI,Delivered,1862.39,4.3
ORD100359,2025-01-26,CUST1121,Customer_1301,Male,42,Ahmedabad,Gujarat,West,Fashion,Backpack,2,2227.95,5.0,4233.1,Credit Card,Delivered,451.7,3.0
ORD100360,2025-08-24,CUST1282,Customer_1661,Male,42,Hyderabad,Telangana,South,Home & Kitchen,Cookware Set,4,5120.93,15.0,17411.16,UPI,Delivered,2940.88,4.3
ORD100361,2025-09-25,CUST1322,Customer_1512,Female,37,Ahmedabad,Gujarat,West,Electronics,Laptop,2,43422.95,15.0,73819.01,Cash on Delivery,Delivered,11518.73,3.2
ORD100362,2025-09-19,CUST1084,Customer_1155,Female,27,Patna,Bihar,East,Fashion,Backpack,2,1802.18,10.0,3243.92,Net Banking,Delivered,638.17,3.5
ORD100363,2025-06-03,CUST1405,Customer_1149,Female,38,Hyderabad,Telangana,South,Fashion,Backpack,3,1033.5,5.0,2945.47,Net Banking,Delivered,311.74,3.6
ORD100364,2025-05-25,CUST1735,Customer_1769,Female,21,Gurugram,Haryana,North,Sports,Dumbbells,1,1189.4,10.0,1070.46,Credit Card,Delivered,204.95,3.4
ORD100365,2025-11-03,CUST1267,Customer_1447,Female,34,Jaipur,Rajasthan,North,Electronics,Smartphone,4,55732.72,10.0,200637.79,UPI,Delivered,18202.61,4.1
ORD100366,2025-08-28,CUST1438,Customer_1754,Female,34,Hyderabad,Telangana,South,Fashion,Jeans,1,2526.28,10.0,2273.65,UPI,Delivered,320.74,3.5
ORD100367,2025-05-25,CUST1051,Customer_1242,Female,18,Panaji,Goa,West,Fashion,Jacket,3,5381.2,5.0,15336.42,UPI,Delivered,3011.37,3.4
ORD100368,2025-10-31,CUST1298,Customer_1283,Male,25,Panaji,Goa,West,Home & Kitchen,Air Fryer,1,12613.0,15.0,10721.05,UPI,Shipped,1426.87,3.4
ORD100369,2025-10-16,CUST1213,Customer_1258,Male,44,Chennai,Tamil Nadu,South,Fashion,Jeans,1,1704.05,15.0,1448.44,UPI,Delivered,213.79,3.9
ORD100370,2025-06-26,CUST1139,Customer_1194,Male,46,Gurugram,Haryana,North,Electronics,Headphones,1,1567.69,10.0,1410.92,Cash on Delivery,Shipped,107.12,5.0
ORD100371,2025-02-03,CUST1530,Customer_1057,Male,35,Ludhiana,Punjab,North,Home & Kitchen,Mixer Grinder,1,4223.86,5.0,4012.67,Credit Card,Delivered,302.16,4.6
ORD100372,2025-09-15,CUST1639,Customer_1282,Male,31,Kolkata,West Bengal,East,Electronics,Headphones,2,7324.88,15.0,12452.3,Net Banking,Delivered,1808.73,2.9
ORD100373,2025-12-28,CUST1760,Customer_1639,Female,39,Bengaluru,Karnataka,South,Electronics,Smartwatch,3,9917.32,5.0,28264.36,Debit Card,Delivered,3096.38,3.8
ORD100374,2025-08-07,CUST1487,Customer_1461,Female,19,Jaipur,Rajasthan,North,Electronics,Smartwatch,4,14939.4,10.0,53781.84,UPI,Delivered,5399.96,3.6
ORD100375,2025-01-12,CUST1756,Customer_1694,Male,27,Panaji,Goa,West,Beauty,Moisturizer,1,1524.98,20.0,1219.98,Debit Card,Delivered,90.12,4.0
ORD100376,2025-04-15,CUST1200,Customer_1101,Female,25,Kolkata,West Bengal,East,Sports,Football,1,1571.61,15.0,1335.87,Cash on Delivery,Delivered,126.14,2.0
ORD100377,2025-04-08,CUST1420,Customer_1101,Male,18,Kolkata,West Bengal,East,Beauty,Makeup Kit,5,2821.17,15.0,11989.97,Credit Card,Shipped,2592.94,3.5
ORD100378,2025-06-19,CUST1336,Customer_1588,Female,24,Patna,Bihar,East,Electronics,Headphones,1,5179.12,10.0,4661.21,UPI,Delivered,833.33,3.2
ORD100379,2025-05-30,CUST1132,Customer_1433,Female,25,New Delhi,Delhi,North,Fashion,Jeans,3,1218.66,10.0,3290.38,UPI,Delivered,547.38,3.9
ORD100380,2025-06-26,CUST1380,Customer_1474,Male,33,Panaji,Goa,West,Electronics,Laptop,2,52089.34,10.0,93760.81,Credit Card,Shipped,18479.66,3.7
ORD100381,2025-11-01,CUST1588,Customer_1311,Female,18,Ranchi,Jharkhand,East,Sports,Yoga Mat,2,666.45,20.0,1066.32,UPI,Delivered,145.97,3.6
ORD100382,2025-07-25,CUST1062,Customer_1420,Male,26,Ahmedabad,Gujarat,West,Sports,Football,1,2598.63,15.0,2208.84,UPI,Shipped,349.9,4.7
ORD100383,2025-01-10,CUST1358,Customer_1444,Female,29,Kochi,Kerala,South,Fashion,T-Shirt,1,1039.42,10.0,935.48,Debit Card,Delivered,63.98,3.5
ORD100384,2025-10-23,CUST1678,Customer_1171,Male,42,Ahmedabad,Gujarat,West,Electronics,Laptop,1,36069.64,5.0,34266.16,UPI,Shipped,4328.0,4.5
ORD100385,2025-01-21,CUST1092,Customer_1127,Male,42,Patna,Bihar,East,Electronics,Laptop,1,83808.35,20.0,67046.68,UPI,Cancelled,7625.26,2.3
ORD100386,2025-10-04,CUST1227,Customer_1745,Male,29,Kochi,Kerala,South,Electronics,Laptop,4,80300.51,15.0,273021.73,Credit Card,Delivered,42050.89,2.8
ORD100387,2025-11-18,CUST1275,Customer_1211,Female,30,Ahmedabad,Gujarat,West,Fashion,Backpack,1,1424.39,10.0,1281.95,Debit Card,Delivered,239.81,4.8
ORD100388,2025-02-08,CUST1548,Customer_1424,Female,48,Ludhiana,Punjab,North,Home & Kitchen,Bedsheet,1,2681.23,25.0,2010.92,UPI,Returned,196.82,4.2
ORD100389,2025-01-17,CUST1798,Customer_1344,Female,18,Ludhiana,Punjab,North,Sports,Yoga Mat,2,1530.33,25.0,2295.49,Net Banking,Delivered,362.26,4.4
ORD100390,2025-04-19,CUST1641,Customer_1522,Female,30,Bengaluru,Karnataka,South,Sports,Yoga Mat,2,1184.14,20.0,1894.62,UPI,Delivered,185.91,5.0
ORD100391,2025-11-06,CUST1479,Customer_1766,Female,35,Mumbai,Maharashtra,West,Home & Kitchen,Dining Set,3,5952.3,10.0,16071.21,Debit Card,Delivered,3196.19,4.0
ORD100392,2025-06-16,CUST1468,Customer_1409,Male,45,Bhubaneswar,Odisha,East,Electronics,Headphones,2,4762.53,10.0,8572.55,Cash on Delivery,Delivered,1460.93,4.4
ORD100393,2025-12-25,CUST1658,Customer_1450,Male,18,Kolkata,West Bengal,East,Electronics,Smartwatch,1,5829.9,5.0,5538.4,Credit Card,Delivered,606.54,3.1
ORD100394,2025-11-10,CUST1179,Customer_1418,Female,41,Ahmedabad,Gujarat,West,Sports,Yoga Mat,1,1853.74,0.0,1853.74,Net Banking,Delivered,288.04,4.7
ORD100395,2025-11-18,CUST1004,Customer_1138,Female,27,Ranchi,Jharkhand,East,Beauty,Perfume,1,1556.1,10.0,1400.49,UPI,Delivered,223.01,3.8
ORD100396,2025-12-23,CUST1168,Customer_1688,Male,22,Ranchi,Jharkhand,East,Electronics,Tablet,1,49105.35,25.0,36829.01,UPI,Delivered,6924.66,4.5
ORD100397,2025-12-14,CUST1171,Customer_1474,Male,21,Ludhiana,Punjab,North,Fashion,Backpack,2,3480.24,15.0,5916.41,Credit Card,Delivered,568.77,4.3
ORD100398,2025-02-04,CUST1259,Customer_1517,Female,32,Chennai,Tamil Nadu,South,Sports,Yoga Mat,1,1293.58,10.0,1164.22,Credit Card,Delivered,175.9,3.4
ORD100399,2025-01-20,CUST1441,Customer_1738,Male,26,Chennai,Tamil Nadu,South,Electronics,Smartphone,1,27786.69,20.0,22229.35,UPI,Delivered,1776.97,5.0
ORD100400,2025-09-09,CUST1369,Customer_1584,Male,34,Kolkata,West Bengal,East,Electronics,Laptop,3,79437.65,15.0,202566.01,Credit Card,Delivered,15847.66,4.5
ORD100401,2025-01-16,CUST1358,Customer_1163,Male,30,Ahmedabad,Gujarat,West,Fashion,Backpack,1,1909.63,25.0,1432.22,Credit Card,Delivered,136.42,4.8
ORD100402,2025-05-08,CUST1519,Customer_1426,Female,38,Jaipur,Rajasthan,North,Home & Kitchen,Bedsheet,2,780.67,0.0,1561.34,Cash on Delivery,Delivered,106.0,4.3
ORD100403,2025-02-08,CUST1772,Customer_1003,Male,30,Lucknow,Uttar Pradesh,North,Fashion,Jacket,2,5695.57,20.0,9112.91,Net Banking,Delivered,795.52,4.3
ORD100404,2025-07-12,CUST1447,Customer_1611,Female,37,Hyderabad,Telangana,South,Home & Kitchen,Cookware Set,5,2204.72,20.0,8818.88,Credit Card,Delivered,1441.09,4.4
ORD100405,2025-07-07,CUST1230,Customer_1189,Male,18,Mumbai,Maharashtra,West,Beauty,Shampoo,1,813.06,20.0,650.45,Cash on Delivery,Delivered,128.36,4.3
ORD100406,2025-09-12,CUST1236,Customer_1026,Other,36,New Delhi,Delhi,North,Fashion,Backpack,2,2987.29,15.0,5078.39,UPI,Delivered,873.1,3.8
ORD100407,2025-06-15,CUST1090,Customer_1698,Female,40,Ranchi,Jharkhand,East,Home & Kitchen,Mixer Grinder,1,5485.47,0.0,5485.47,Credit Card,Delivered,917.84,4.2
ORD100408,2025-10-29,CUST1031,Customer_1498,Male,20,Jaipur,Rajasthan,North,Sports,Cricket Bat,2,1369.89,15.0,2328.81,UPI,Delivered,331.26,4.9
ORD100409,2025-12-02,CUST1614,Customer_1412,Male,19,Chennai,Tamil Nadu,South,Electronics,Smartphone,1,13420.14,10.0,12078.13,UPI,Delivered,2348.66,4.2
ORD100410,2025-02-11,CUST1676,Customer_1283,Male,30,Bengaluru,Karnataka,South,Sports,Cricket Bat,3,6066.22,15.0,15468.86,Debit Card,Delivered,3138.6,4.3
ORD100411,2025-11-10,CUST1506,Customer_1082,Male,31,New Delhi,Delhi,North,Beauty,Shampoo,1,822.14,10.0,739.93,Net Banking,Delivered,136.37,3.4
ORD100412,2025-08-04,CUST1492,Customer_1449,Male,30,New Delhi,Delhi,North,Beauty,Moisturizer,4,614.88,15.0,2090.59,UPI,Cancelled,384.53,3.8
ORD100413,2025-08-06,CUST1115,Customer_1580,Male,36,Ranchi,Jharkhand,East,Sports,Yoga Mat,3,1647.86,10.0,4449.22,Credit Card,Delivered,859.73,3.5
ORD100414,2025-12-23,CUST1176,Customer_1591,Female,22,Lucknow,Uttar Pradesh,North,Sports,Football,1,2788.22,5.0,2648.81,UPI,Delivered,538.58,3.1
ORD100415,2025-08-05,CUST1592,Customer_1595,Female,22,Lucknow,Uttar Pradesh,North,Electronics,Smartwatch,1,2459.01,20.0,1967.21,Net Banking,Delivered,223.69,4.4
ORD100416,2025-02-08,CUST1285,Customer_1602,Female,26,Kolkata,West Bengal,East,Electronics,Headphones,2,5675.29,15.0,9647.99,Credit Card,Cancelled,1549.44,4.8
ORD100417,2025-08-31,CUST1297,Customer_1211,Female,40,Bhubaneswar,Odisha,East,Home & Kitchen,Mixer Grinder,5,6963.41,5.0,33076.2,Net Banking,Shipped,6210.68,4.8
ORD100418,2025-04-10,CUST1658,Customer_1009,Male,23,Ahmedabad,Gujarat,West,Fashion,Backpack,4,3367.94,5.0,12798.17,UPI,Delivered,2045.89,4.1
ORD100419,2025-03-16,CUST1270,Customer_1626,Female,40,Bhubaneswar,Odisha,East,Electronics,Laptop,1,60175.91,0.0,60175.91,Credit Card,Delivered,12258.04,3.5
ORD100420,2025-10-20,CUST1520,Customer_1098,Other,38,Chennai,Tamil Nadu,South,Electronics,Smartphone,1,25910.24,15.0,22023.7,Net Banking,Delivered,4723.46,3.6
ORD100421,2025-03-03,CUST1515,Customer_1430,Male,26,Chennai,Tamil Nadu,South,Sports,Cricket Bat,1,6748.5,10.0,6073.65,Credit Card,Delivered,450.32,3.4
ORD100422,2025-04-16,CUST1330,Customer_1768,Female,34,Ahmedabad,Gujarat,West,Sports,Running Shoes,3,3327.81,5.0,9484.26,Cash on Delivery,Delivered,1302.2,3.4
ORD100423,2025-01-11,CUST1354,Customer_1658,Female,31,Kolkata,West Bengal,East,Beauty,Shampoo,1,620.78,20.0,496.62,UPI,Delivered,94.45,3.8
ORD100424,2025-10-08,CUST1275,Customer_1773,Male,18,Hyderabad,Telangana,South,Electronics,Tablet,2,45515.07,25.0,68272.6,UPI,Delivered,6197.47,3.5
ORD100425,2025-08-17,CUST1609,Customer_1367,Female,22,Panaji,Goa,West,Home & Kitchen,Bedsheet,1,2401.31,15.0,2041.11,Cash on Delivery,Delivered,169.99,5.0
ORD100426,2025-08-23,CUST1018,Customer_1754,Male,40,Chennai,Tamil Nadu,South,Electronics,Tablet,1,44946.44,15.0,38204.47,UPI,Cancelled,5031.29,4.3
ORD100427,2025-03-13,CUST1785,Customer_1759,Male,21,Chennai,Tamil Nadu,South,Home & Kitchen,Mixer Grinder,3,8378.94,0.0,25136.82,UPI,Delivered,3897.76,3.9
ORD100428,2025-07-02,CUST1251,Customer_1521,Female,32,Ahmedabad,Gujarat,West,Beauty,Perfume,1,1342.58,20.0,1074.06,UPI,Delivered,143.27,4.4
ORD100429,2025-11-19,CUST1210,Customer_1615,Male,36,Chennai,Tamil Nadu,South,Sports,Running Shoes,5,6498.05,5.0,30865.74,UPI,Returned,4744.97,2.2
ORD100430,2025-07-27,CUST1024,Customer_1099,Male,35,Patna,Bihar,East,Sports,Cricket Bat,1,1883.11,10.0,1694.8,Credit Card,Returned,108.38,4.0
ORD100431,2025-08-31,CUST1770,Customer_1664,Male,27,Gurugram,Haryana,North,Beauty,Makeup Kit,4,1908.17,0.0,7632.68,UPI,Delivered,1315.76,4.1
ORD100432,2025-03-28,CUST1149,Customer_1761,Female,34,Kolkata,West Bengal,East,Beauty,Perfume,1,3376.95,5.0,3208.1,UPI,Shipped,381.75,3.6
ORD100433,2025-10-29,CUST1726,Customer_1215,Female,33,Ludhiana,Punjab,North,Electronics,Smartwatch,1,4410.73,20.0,3528.58,Net Banking,Delivered,334.29,3.6
ORD100434,2025-12-09,CUST1377,Customer_1130,Female,32,Hyderabad,Telangana,South,Sports,Running Shoes,2,1627.27,25.0,2440.9,Debit Card,Delivered,163.87,3.2
ORD100435,2025-05-01,CUST1026,Customer_1454,Female,34,Jaipur,Rajasthan,North,Electronics,Tablet,2,43089.53,15.0,73252.2,UPI,Shipped,5867.0,3.9
ORD100436,2025-07-04,CUST1687,Customer_1387,Male,35,Kolkata,West Bengal,East,Home & Kitchen,Air Fryer,2,12387.87,10.0,22298.17,Debit Card,Cancelled,2287.73,3.1
ORD100437,2025-09-13,CUST1766,Customer_1728,Female,49,Panaji,Goa,West,Electronics,Laptop,1,51329.26,0.0,51329.26,UPI,Delivered,10989.34,4.2
ORD100438,2025-01-04,CUST1090,Customer_1453,Male,25,Kolkata,West Bengal,East,Electronics,Smartphone,1,55789.0,20.0,44631.2,UPI,Delivered,5427.91,4.2
ORD100439,2025-04-03,CUST1788,Customer_1158,Male,27,Kolkata,West Bengal,East,Electronics,Smartphone,3,66169.78,10.0,178658.41,Net Banking,Delivered,37883.56,4.2
ORD100440,2025-02-03,CUST1596,Customer_1708,Female,50,Ahmedabad,Gujarat,West,Fashion,T-Shirt,2,1684.88,20.0,2695.81,Cash on Delivery,Delivered,422.52,4.9
ORD100441,2025-08-29,CUST1021,Customer_1690,Male,18,Kolkata,West Bengal,East,Electronics,Smartphone,1,42646.52,10.0,38381.87,UPI,Delivered,4492.58,3.7
ORD100442,2025-04-11,CUST1198,Customer_1226,Female,28,Ludhiana,Punjab,North,Electronics,Headphones,1,4322.81,5.0,4106.67,Credit Card,Delivered,721.31,4.1
ORD100443,2025-09-13,CUST1442,Customer_1496,Male,35,Mumbai,Maharashtra,West,Beauty,Perfume,1,1911.73,5.0,1816.14,UPI,Delivered,259.84,3.7
ORD100444,2025-12-14,CUST1235,Customer_1779,Male,30,Ranchi,Jharkhand,East,Beauty,Shampoo,1,942.21,10.0,847.99,Net Banking,Shipped,78.3,4.6
ORD100445,2025-09-01,CUST1388,Customer_1214,Male,46,Kochi,Kerala,South,Fashion,Shoes,3,2330.98,5.0,6643.29,Cash on Delivery,Delivered,1058.2,4.6
ORD100446,2025-07-10,CUST1460,Customer_1693,Female,23,Kochi,Kerala,South,Beauty,Shampoo,3,409.71,10.0,1106.22,Debit Card,Delivered,152.64,3.8
ORD100447,2025-01-09,CUST1633,Customer_1371,Female,30,Jaipur,Rajasthan,North,Home & Kitchen,Mixer Grinder,1,7244.5,20.0,5795.6,Credit Card,Delivered,404.93,5.0
ORD100448,2025-12-03,CUST1480,Customer_1647,Female,58,New Delhi,Delhi,North,Fashion,Shoes,1,2346.6,5.0,2229.27,UPI,Delivered,345.45,5.0
ORD100449,2025-02-13,CUST1313,Customer_1363,Female,39,Panaji,Goa,West,Electronics,Headphones,4,5781.88,5.0,21971.14,UPI,Delivered,2174.06,5.0
ORD100450,2025-04-16,CUST1118,Customer_1237,Female,24,Hyderabad,Telangana,South,Fashion,Jeans,1,1608.15,10.0,1447.34,Debit Card,Delivered,98.7,4.2
ORD100451,2025-07-09,CUST1476,Customer_1511,Female,32,New Delhi,Delhi,North,Sports,Cricket Bat,1,6507.89,10.0,5857.1,Debit Card,Delivered,732.3,2.8
ORD100452,2025-08-28,CUST1380,Customer_1471,Female,42,Kochi,Kerala,South,Sports,Football,2,936.25,10.0,1685.25,Cash on Delivery,Cancelled,328.46,2.7
ORD100453,2025-02-08,CUST1119,Customer_1335,Female,38,Gurugram,Haryana,North,Electronics,Smartphone,1,57845.23,15.0,49168.45,UPI,Delivered,3627.73,4.6
ORD100454,2025-04-15,CUST1466,Customer_1459,Female,44,Gurugram,Haryana,North,Fashion,Shoes,1,1898.79,20.0,1519.03,Cash on Delivery,Delivered,129.21,4.8
ORD100455,2025-12-19,CUST1623,Customer_1006,Male,41,Panaji,Goa,West,Sports,Running Shoes,3,8712.1,15.0,22215.86,UPI,Shipped,3543.65,4.9
ORD100456,2025-03-28,CUST1419,Customer_1754,Female,22,New Delhi,Delhi,North,Home & Kitchen,Bedsheet,3,1637.08,25.0,3683.43,Cash on Delivery,Delivered,487.52,4.5
ORD100457,2025-02-18,CUST1302,Customer_1038,Female,25,Gurugram,Haryana,North,Sports,Cricket Bat,1,6523.88,10.0,5871.49,Credit Card,Delivered,808.17,3.8
ORD100458,2025-04-23,CUST1205,Customer_1405,Female,40,Ranchi,Jharkhand,East,Electronics,Smartphone,1,53705.35,5.0,51020.08,UPI,Delivered,5854.55,4.2
ORD100459,2025-06-26,CUST1177,Customer_1217,Male,25,Bengaluru,Karnataka,South,Home & Kitchen,Bedsheet,1,2204.81,5.0,2094.57,Debit Card,Delivered,354.43,3.9
ORD100460,2025-12-24,CUST1235,Customer_1708,Male,24,Patna,Bihar,East,Fashion,Jeans,1,1501.19,5.0,1426.13,Net Banking,Shipped,232.8,4.4
ORD100461,2025-11-29,CUST1439,Customer_1375,Female,26,Chennai,Tamil Nadu,South,Fashion,T-Shirt,4,1755.79,10.0,6320.84,UPI,Delivered,842.65,4.0
ORD100462,2025-07-20,CUST1023,Customer_1736,Male,51,Bhubaneswar,Odisha,East,Electronics,Tablet,1,31141.34,20.0,24913.07,Cash on Delivery,Delivered,4141.6,3.1
ORD100463,2025-03-08,CUST1062,Customer_1109,Female,33,Kolkata,West Bengal,East,Electronics,Tablet,1,21372.94,10.0,19235.65,UPI,Shipped,3088.49,4.6
ORD100464,2025-12-28,CUST1381,Customer_1576,Other,38,Ludhiana,Punjab,North,Fashion,T-Shirt,1,1097.47,10.0,987.72,Cash on Delivery,Delivered,128.89,4.7
ORD100465,2025-11-28,CUST1503,Customer_1079,Male,28,Ranchi,Jharkhand,East,Sports,Cricket Bat,1,7596.69,0.0,7596.69,UPI,Delivered,883.93,4.5
ORD100466,2025-11-14,CUST1210,Customer_1656,Other,31,Ahmedabad,Gujarat,West,Fashion,T-Shirt,1,481.53,5.0,457.45,Debit Card,Delivered,59.36,5.0
ORD100467,2025-02-15,CUST1790,Customer_1192,Female,31,Chennai,Tamil Nadu,South,Home & Kitchen,Bedsheet,2,1926.49,0.0,3852.98,UPI,Delivered,308.94,4.7
ORD100468,2025-11-08,CUST1647,Customer_1118,Female,18,Lucknow,Uttar Pradesh,North,Electronics,Tablet,1,15597.88,0.0,15597.88,Debit Card,Delivered,2181.63,
ORD100469,2025-11-14,CUST1315,Customer_1177,Female,39,New Delhi,Delhi,North,Electronics,Smartphone,1,58687.96,0.0,58687.96,Debit Card,Delivered,8574.27,3.2
ORD100470,2025-03-23,CUST1181,Customer_1499,Female,34,Bengaluru,Karnataka,South,Beauty,Shampoo,1,751.77,5.0,714.18,Credit Card,Returned,110.55,4.1
ORD100471,2025-06-13,CUST1789,Customer_1293,Female,19,Ludhiana,Punjab,North,Electronics,Smartphone,2,27935.57,10.0,50284.03,Cash on Delivery,Delivered,4768.53,2.7
ORD100472,2025-08-08,CUST1441,Customer_1653,Other,31,New Delhi,Delhi,North,Electronics,Smartphone,3,12157.95,15.0,31002.77,Net Banking,Delivered,3282.66,4.3
ORD100473,2025-01-29,CUST1706,Customer_1016,Female,34,Kochi,Kerala,South,Electronics,Laptop,1,64539.59,15.0,54858.65,Debit Card,Cancelled,8797.7,4.7
ORD100474,2025-04-13,CUST1326,Customer_1363,Female,29,Gurugram,Haryana,North,Home & Kitchen,Dining Set,1,5617.08,10.0,5055.37,Cash on Delivery,Delivered,481.63,3.5
ORD100475,2025-11-29,CUST1340,Customer_1052,Male,30,Mumbai,Maharashtra,West,Home & Kitchen,Cookware Set,2,4917.26,5.0,9342.79,UPI,Delivered,1221.39,2.8
ORD100476,2025-05-29,CUST1717,Customer_1118,Female,33,Ahmedabad,Gujarat,West,Electronics,Laptop,1,72205.97,5.0,68595.67,Credit Card,Delivered,13101.74,4.7
ORD100477,2025-12-19,CUST1066,Customer_1079,Female,32,New Delhi,Delhi,North,Home & Kitchen,Dining Set,1,9186.88,10.0,8268.19,Net Banking,Delivered,1662.51,3.7
ORD100478,2025-04-04,CUST1560,Customer_1703,Male,22,,Telangana,South,Fashion,T-Shirt,1,648.1,15.0,550.88,UPI,Delivered,87.37,4.7
ORD100479,2025-12-22,CUST1216,Customer_1555,Male,52,Panaji,Goa,West,Sports,Cricket Bat,3,4758.35,0.0,14275.05,UPI,Delivered,1151.29,4.6
ORD100480,2025-12-24,CUST1253,Customer_1246,Female,34,Mumbai,Maharashtra,West,Home & Kitchen,Air Fryer,2,8649.73,5.0,16434.49,Debit Card,Delivered,1789.92,5.0
ORD100481,2025-11-10,CUST1184,Customer_1664,Female,29,Kochi,Kerala,South,Sports,Football,1,2544.47,10.0,2290.02,Credit Card,Delivered,478.08,3.6
ORD100482,2025-04-02,CUST1138,Customer_1422,Female,21,Kochi,Kerala,South,Electronics,Smartphone,2,15429.78,10.0,27773.6,Debit Card,Shipped,2835.48,4.5
ORD100483,2025-03-06,CUST1290,Customer_1376,Male,22,Lucknow,Uttar Pradesh,North,Electronics,Smartphone,1,25071.52,10.0,22564.37,Credit Card,Delivered,1841.17,3.6
ORD100484,2025-11-07,CUST1461,Customer_1208,Male,42,Panaji,Goa,West,Beauty,Makeup Kit,2,3581.93,0.0,7163.86,Debit Card,Delivered,1381.92,3.7
ORD100485,2025-07-23,CUST1431,Customer_1554,Male,56,New Delhi,Delhi,North,Home & Kitchen,Mixer Grinder,1,6931.21,5.0,6584.65,Net Banking,Delivered,1236.81,5.0
ORD100486,2025-10-17,CUST1110,Customer_1561,Male,41,New Delhi,Delhi,North,Beauty,Shampoo,2,958.13,10.0,1724.63,Net Banking,Delivered,187.02,3.6
ORD100487,2025-02-17,CUST1638,Customer_1239,Male,30,Panaji,Goa,West,Electronics,Smartwatch,1,3261.09,0.0,3261.09,UPI,Delivered,276.0,2.5
ORD100488,2025-10-13,CUST1239,Customer_1532,Female,28,Ahmedabad,Gujarat,West,Beauty,Makeup Kit,1,1813.28,0.0,1813.28,UPI,Delivered,387.76,4.9
ORD100489,2025-01-28,CUST1547,Customer_1637,Male,36,Jaipur,Rajasthan,North,Fashion,Jacket,1,5723.01,5.0,5436.86,Debit Card,Cancelled,424.72,4.1
ORD100490,2025-06-11,CUST1191,Customer_1009,Female,25,Bengaluru,Karnataka,South,Fashion,Shoes,2,2210.42,25.0,3315.63,UPI,Delivered,292.08,4.2
ORD100491,2025-03-26,CUST1028,Customer_1708,Female,31,Bhubaneswar,Odisha,East,Electronics,Tablet,2,35207.81,5.0,66894.84,Debit Card,Delivered,7088.08,4.3
ORD100492,2025-11-13,CUST1138,Customer_1343,Male,33,Jaipur,Rajasthan,North,Fashion,Jeans,1,1911.99,10.0,1720.79,Cash on Delivery,Shipped,190.23,4.0
ORD100493,2025-04-19,CUST1619,Customer_1657,Male,26,Ahmedabad,Gujarat,West,Sports,Football,1,1668.47,5.0,1585.05,Credit Card,Delivered,338.98,4.6
ORD100494,2025-07-16,CUST1710,Customer_1542,Female,18,Ranchi,Jharkhand,East,Electronics,Smartphone,2,35579.1,10.0,64042.38,UPI,Delivered,7085.33,3.1
ORD100495,2025-03-15,CUST1278,Customer_1754,Female,31,Jaipur,Rajasthan,North,Beauty,Perfume,2,4180.54,20.0,6688.86,Net Banking,Delivered,1398.91,3.5
ORD100496,2025-06-15,CUST1379,Customer_1139,Male,37,New Delhi,Delhi,North,Electronics,Smartwatch,1,13900.04,20.0,11120.03,UPI,Returned,945.7,3.9
ORD100497,2025-06-28,CUST1753,Customer_1477,Female,19,Lucknow,Uttar Pradesh,North,Sports,Cricket Bat,1,2741.96,20.0,2193.57,Debit Card,Delivered,450.44,2.5
ORD100498,2025-06-18,CUST1799,Customer_1085,Male,31,Panaji,Goa,West,Sports,Football,1,949.13,10.0,854.22,UPI,Delivered,182.19,3.4
ORD100499,2025-05-18,CUST1270,Customer_1550,Male,36,Mumbai,Maharashtra,West,Electronics,Smartphone,2,22353.24,10.0,40235.83,UPI,Shipped,5410.83,3.5
ORD100500,2025-07-05,CUST1128,Customer_1210,Female,18,Kolkata,West Bengal,East,Fashion,Shoes,2,4003.73,0.0,8007.46,Credit Card,Delivered,628.3,5.0
ORD100501,2025-06-14,CUST1139,Customer_1276,Male,19,Panaji,Goa,West,Electronics,Smartwatch,1,12325.84,20.0,9860.67,UPI,Delivered,1353.78,4.6
ORD100502,2025-05-19,CUST1205,Customer_1381,Female,22,Hyderabad,Telangana,South,Electronics,Smartwatch,3,3824.28,20.0,9178.27,Credit Card,Delivered,1839.84,4.1
ORD100503,2025-03-07,CUST1778,Customer_1382,Male,32,Mumbai,Maharashtra,West,Home & Kitchen,Cookware Set,1,4563.29,0.0,4563.29,UPI,Shipped,689.48,5.0
ORD100504,2025-07-28,CUST1224,Customer_1043,Female,31,Ranchi,Jharkhand,East,Sports,Dumbbells,1,1760.42,20.0,1408.34,Credit Card,Delivered,89.03,3.6
ORD100505,2025-04-02,CUST1510,Customer_1791,Male,23,Jaipur,Rajasthan,North,Beauty,Shampoo,1,1170.52,20.0,936.42,Net Banking,Delivered,186.64,3.0
ORD100506,2025-03-29,CUST1313,Customer_1066,Male,25,Chennai,Tamil Nadu,South,Home & Kitchen,Dining Set,2,10104.66,15.0,17177.92,Credit Card,Delivered,3306.2,4.1
ORD100507,2025-07-12,CUST1662,Customer_1131,Male,40,Lucknow,Uttar Pradesh,North,Fashion,T-Shirt,3,916.58,20.0,2199.79,UPI,Cancelled,414.34,3.9
ORD100508,2025-02-26,CUST1376,Customer_1349,Female,28,Lucknow,Uttar Pradesh,North,Home & Kitchen,Mixer Grinder,1,3714.02,20.0,2971.22,UPI,Shipped,542.79,4.5
ORD100509,2025-11-03,CUST1052,Customer_1209,Male,37,Jaipur,Rajasthan,North,Electronics,Smartwatch,1,8307.56,20.0,6646.05,Credit Card,Shipped,655.41,3.6
ORD100510,2025-01-10,CUST1356,Customer_1148,Male,29,Kolkata,West Bengal,East,Sports,Cricket Bat,5,3807.67,5.0,18086.43,Debit Card,Delivered,3014.53,5.0
ORD100511,2025-07-09,CUST1511,Customer_1089,Female,46,Patna,Bihar,East,Sports,Football,3,1487.02,15.0,3791.9,Debit Card,Shipped,318.89,2.4
ORD100512,2025-01-14,CUST1257,Customer_1346,Male,42,Bengaluru,Karnataka,South,Beauty,Face Wash,1,390.96,10.0,351.86,Cash on Delivery,Cancelled,71.09,3.9
ORD100513,2025-11-24,CUST1535,Customer_1580,Female,26,Ranchi,Jharkhand,East,Fashion,Jacket,1,3739.05,5.0,3552.1,Cash on Delivery,Delivered,317.09,4.2
ORD100514,2025-08-25,CUST1600,Customer_1011,Male,29,Ranchi,Jharkhand,East,Beauty,Moisturizer,1,990.1,5.0,940.6,Debit Card,Delivered,61.39,4.0
ORD100515,2025-10-21,CUST1743,Customer_1753,Male,33,Bengaluru,Karnataka,South,Electronics,Smartwatch,1,9498.52,20.0,7598.82,Cash on Delivery,Delivered,509.01,4.4
ORD100516,2025-04-29,CUST1067,Customer_1754,Male,29,Mumbai,Maharashtra,West,Sports,Football,1,2703.71,10.0,2433.34,Debit Card,Delivered,426.45,3.9
ORD100517,2025-06-10,CUST1528,Customer_1278,Female,25,Ludhiana,Punjab,North,Beauty,Moisturizer,1,1476.42,10.0,1328.78,UPI,Delivered,97.25,4.2
ORD100518,2025-09-26,CUST1698,Customer_1131,Female,42,Chennai,Tamil Nadu,South,Sports,Football,1,2794.4,5.0,2654.68,Debit Card,Delivered,577.28,5.0
ORD100519,2025-08-11,CUST1118,Customer_1482,Female,44,Ranchi,Jharkhand,East,Home & Kitchen,Cookware Set,1,2278.3,5.0,2164.39,UPI,Shipped,356.91,5.0
ORD100520,2025-07-03,CUST1699,Customer_1710,Male,45,Bengaluru,Karnataka,South,Fashion,Jacket,2,4646.91,15.0,7899.75,Debit Card,Delivered,539.67,4.4
ORD100521,2025-12-22,CUST1273,Customer_1580,Male,40,Kochi,Kerala,South,Sports,Running Shoes,1,8714.16,15.0,7407.04,Credit Card,Shipped,984.96,3.6
ORD100522,2025-07-01,CUST1257,Customer_1189,Male,32,Bengaluru,Karnataka,South,Beauty,Perfume,1,3301.81,10.0,2971.63,Net Banking,Cancelled,409.56,4.5
ORD100523,2025-12-05,CUST1798,Customer_1261,Female,18,Gurugram,Haryana,North,Electronics,Tablet,2,45249.53,0.0,90499.06,UPI,Delivered,18680.21,3.8
ORD100524,2025-11-09,CUST1785,Customer_1244,Male,19,Ahmedabad,Gujarat,West,Fashion,Jeans,1,1209.65,15.0,1028.2,UPI,Delivered,154.76,3.9
ORD100525,2025-02-12,CUST1208,Customer_1615,Male,35,Hyderabad,Telangana,South,Sports,Dumbbells,3,3094.84,10.0,8356.07,UPI,Delivered,960.18,4.0
ORD100526,2025-04-24,CUST1792,Customer_1667,Female,39,Bengaluru,Karnataka,South,Fashion,Jacket,1,5187.43,20.0,4149.94,Net Banking,Delivered,328.52,4.2
ORD100527,2025-06-13,CUST1568,Customer_1623,Female,34,New Delhi,Delhi,North,Fashion,Jeans,1,2798.3,10.0,2518.47,Cash on Delivery,Cancelled,373.68,4.2
ORD100528,2025-05-08,CUST1431,Customer_1325,Male,27,Mumbai,Maharashtra,West,Beauty,Shampoo,2,325.67,0.0,651.34,UPI,Delivered,85.76,4.9
ORD100529,2025-02-28,CUST1417,Customer_1357,Male,32,Ranchi,Jharkhand,East,Electronics,Smartphone,2,69555.86,15.0,118244.96,UPI,Delivered,8049.28,3.6
ORD100530,2025-05-11,CUST1049,Customer_1659,Female,18,Bhubaneswar,Odisha,East,Home & Kitchen,Mixer Grinder,2,2917.64,15.0,4959.99,Credit Card,Delivered,763.99,4.5
ORD100531,2025-06-27,CUST1293,Customer_1046,Female,23,Kochi,Kerala,South,Home & Kitchen,Mixer Grinder,1,4168.42,15.0,3543.16,Credit Card,Delivered,484.71,3.0
ORD100532,2025-09-28,CUST1606,Customer_1539,Male,22,Mumbai,Maharashtra,West,Electronics,Smartwatch,3,4639.67,15.0,11831.16,Debit Card,Delivered,1472.12,4.2
ORD100533,2025-09-17,CUST1759,Customer_1473,Male,44,Patna,Bihar,East,Electronics,Smartwatch,1,2589.56,25.0,1942.17,Credit Card,Cancelled,360.03,5.0
ORD100534,2025-08-16,CUST1147,Customer_1122,Female,44,Kolkata,West Bengal,East,Fashion,T-Shirt,2,1304.06,0.0,2608.12,UPI,Delivered,224.16,4.7
ORD100535,2025-01-02,CUST1618,Customer_1364,Male,20,New Delhi,Delhi,North,Home & Kitchen,Dining Set,2,6158.07,20.0,9852.91,UPI,Delivered,1402.53,5.0
ORD100536,2025-03-02,CUST1599,Customer_1770,Male,27,Ahmedabad,Gujarat,West,Electronics,Laptop,2,72613.22,10.0,130703.8,Debit Card,Delivered,24111.08,3.3
ORD100537,2025-10-02,CUST1123,Customer_1474,Male,42,New Delhi,Delhi,North,Electronics,Headphones,1,5042.86,10.0,4538.57,Debit Card,Delivered,808.9,3.4
ORD100538,2025-03-31,CUST1311,Customer_1557,Female,35,Ahmedabad,Gujarat,West,Electronics,Smartwatch,1,8191.83,10.0,7372.65,UPI,Shipped,526.32,1.7
ORD100539,2025-04-26,CUST1051,Customer_1693,Male,22,,Telangana,South,Fashion,Jeans,2,1312.09,15.0,2230.55,UPI,Delivered,273.15,3.6
ORD100540,2025-10-12,CUST1601,Customer_1417,Male,22,Panaji,Goa,West,Fashion,Jeans,1,2616.89,20.0,2093.51,UPI,Cancelled,299.94,4.5
ORD100541,2025-05-02,CUST1227,Customer_1294,Female,36,Patna,Bihar,East,Beauty,Face Wash,1,783.5,5.0,744.32,Credit Card,Shipped,150.96,4.3
ORD100542,2025-05-24,CUST1333,Customer_1497,Male,18,Gurugram,Haryana,North,Sports,Yoga Mat,1,1234.56,20.0,987.65,Net Banking,Shipped,117.46,3.7
ORD100543,2025-02-10,CUST1479,Customer_1589,Male,19,Kolkata,West Bengal,East,Home & Kitchen,Mixer Grinder,2,7042.42,20.0,11267.87,Credit Card,Delivered,928.77,3.2
ORD100544,2025-07-10,CUST1470,Customer_1493,Female,18,Gurugram,Haryana,North,Electronics,Smartwatch,1,14479.14,10.0,13031.23,UPI,Delivered,2465.46,3.9
ORD100545,2025-10-21,CUST1482,Customer_1634,Female,41,Ahmedabad,Gujarat,West,Sports,Dumbbells,1,2926.67,25.0,2195.0,Cash on Delivery,Delivered,228.72,4.0
ORD100546,2025-04-25,CUST1218,Customer_1649,Female,33,New Delhi,Delhi,North,Fashion,Jeans,1,1402.34,15.0,1191.99,Debit Card,Returned,82.27,3.4
ORD100547,2025-07-22,CUST1417,Customer_1416,Female,22,Gurugram,Haryana,North,Sports,Dumbbells,1,1943.41,10.0,1749.07,Credit Card,Delivered,338.88,4.7
ORD100548,2025-03-30,CUST1486,Customer_1708,Male,19,Jaipur,Rajasthan,North,Electronics,Smartphone,2,69353.0,5.0,131770.7,Net Banking,Delivered,8890.51,3.7
ORD100549,2025-04-20,CUST1037,Customer_1583,Female,26,Panaji,Goa,West,Sports,Football,1,971.58,10.0,874.42,Debit Card,Delivered,126.42,5.0
ORD100550,2025-03-09,CUST1475,Customer_1637,Female,26,Mumbai,Maharashtra,West,Sports,Cricket Bat,2,6005.69,5.0,11410.81,Credit Card,Delivered,1437.03,4.2
ORD100551,2025-02-02,CUST1513,Customer_1204,Female,39,Jaipur,Rajasthan,North,Beauty,Shampoo,1,613.79,5.0,583.1,UPI,Shipped,111.92,4.8
ORD100552,2025-12-02,CUST1495,Customer_1038,Female,22,New Delhi,Delhi,North,Home & Kitchen,Cookware Set,4,3785.12,15.0,12869.41,Net Banking,Delivered,1159.08,4.4
ORD100553,2025-11-24,CUST1696,Customer_1773,Male,18,Ranchi,Jharkhand,East,Electronics,Laptop,1,75943.06,25.0,56957.29,UPI,Delivered,7409.31,3.6
ORD100554,2025-03-08,CUST1197,Customer_1654,Female,29,Panaji,Goa,West,Fashion,Jeans,2,1926.07,15.0,3274.32,Cash on Delivery,Cancelled,367.03,4.7
ORD100555,2025-07-28,CUST1727,Customer_1612,Female,39,Ahmedabad,Gujarat,West,Electronics,Tablet,1,25519.42,5.0,24243.45,Credit Card,Delivered,4386.96,4.1
ORD100556,2025-02-10,CUST1254,Customer_1007,Female,32,Jaipur,Rajasthan,North,Beauty,Perfume,3,1516.37,0.0,4549.11,Debit Card,Shipped,797.94,4.7
ORD100557,2025-04-20,CUST1200,Customer_1427,Female,38,Mumbai,Maharashtra,West,Electronics,Laptop,3,53828.37,15.0,137262.34,Cash on Delivery,Delivered,20564.22,3.1
ORD100558,2025-01-30,CUST1359,Customer_1331,Female,21,Kolkata,West Bengal,East,Sports,Cricket Bat,1,5141.5,10.0,4627.35,UPI,Delivered,825.24,3.4
ORD100559,2025-07-27,CUST1164,Customer_1481,Female,25,Chennai,Tamil Nadu,South,Home & Kitchen,Air Fryer,2,5395.28,10.0,9711.5,UPI,Returned,1895.36,4.3
ORD100560,2025-02-22,CUST1077,Customer_1718,Male,27,Ahmedabad,Gujarat,West,Beauty,Shampoo,2,973.93,10.0,1753.07,Credit Card,Delivered,341.02,3.9
ORD100561,2025-02-09,CUST1550,Customer_1048,Female,33,Ahmedabad,Gujarat,West,Home & Kitchen,Air Fryer,4,4058.84,15.0,13800.06,Credit Card,Delivered,2821.95,4.0
ORD100562,2025-01-24,CUST1624,Customer_1485,Female,18,Panaji,Goa,West,Fashion,Jacket,2,3824.0,15.0,6500.8,UPI,Shipped,993.15,3.2
ORD100563,2025-09-12,CUST1476,Customer_1417,Male,25,Bengaluru,Karnataka,South,Sports,Football,4,821.56,10.0,2957.62,Credit Card,Delivered,563.3,3.9
ORD100564,2025-10-15,CUST1567,Customer_1499,Male,28,Mumbai,Maharashtra,West,Sports,Football,2,2840.6,20.0,4544.96,UPI,Delivered,987.22,4.0
ORD100565,2025-05-21,CUST1138,Customer_1578,Male,23,Mumbai,Maharashtra,West,Fashion,Backpack,1,1654.93,20.0,1323.94,Debit Card,Delivered,269.51,3.2
ORD100566,2025-03-11,CUST1454,Customer_1439,Male,42,Patna,Bihar,East,Home & Kitchen,Bedsheet,1,2165.43,15.0,1840.62,Debit Card,Delivered,110.65,5.0
ORD100567,2025-08-19,CUST1402,Customer_1225,Male,20,Bengaluru,Karnataka,South,Electronics,Tablet,5,21409.45,10.0,96342.53,Credit Card,Delivered,18796.85,4.8
ORD100568,2025-12-16,CUST1076,Customer_1547,Female,25,New Delhi,Delhi,North,Home & Kitchen,Cookware Set,4,5154.11,15.0,17523.97,UPI,Delivered,2612.42,4.1
ORD100569,2025-10-18,CUST1250,Customer_1525,Male,49,Lucknow,Uttar Pradesh,North,Fashion,Jacket,4,5273.47,10.0,18984.49,UPI,Delivered,2387.94,4.3
ORD100570,2025-08-23,CUST1677,Customer_1706,Male,21,Mumbai,Maharashtra,West,Beauty,Shampoo,1,913.09,15.0,776.13,Credit Card,Delivered,83.29,4.0
ORD100571,2025-05-26,CUST1639,Customer_1457,Male,18,Hyderabad,Telangana,South,Home & Kitchen,Bedsheet,2,1565.46,10.0,2817.83,UPI,Shipped,251.55,3.5
ORD100572,2025-06-15,CUST1026,Customer_1395,Female,31,Panaji,Goa,West,Electronics,Laptop,2,56287.75,15.0,95689.18,UPI,Delivered,6426.77,4.7
ORD100573,2025-06-12,CUST1173,Customer_1502,Female,24,Mumbai,Maharashtra,West,Home & Kitchen,Air Fryer,1,10283.35,20.0,8226.68,Credit Card,Cancelled,855.89,5.0
ORD100574,2025-12-15,CUST1600,Customer_1409,Male,18,Bhubaneswar,Odisha,East,Sports,Yoga Mat,3,2017.99,10.0,5448.57,Net Banking,Delivered,365.85,2.9
ORD100575,2025-12-24,CUST1481,Customer_1396,Female,47,Gurugram,Haryana,North,Beauty,Shampoo,2,674.43,10.0,1213.97,Cash on Delivery,Delivered,197.84,3.5
ORD100576,2025-03-20,CUST1673,Customer_1439,Female,23,Ludhiana,Punjab,North,Fashion,T-Shirt,1,532.94,15.0,453.0,UPI,Delivered,50.67,4.2
ORD100577,2025-06-03,CUST1463,Customer_1367,Female,21,Mumbai,Maharashtra,West,Sports,Football,2,2829.78,5.0,5376.58,UPI,Cancelled,1140.02,3.8
ORD100578,2025-04-03,CUST1133,Customer_1055,Male,28,Bhubaneswar,Odisha,East,Fashion,Jeans,3,1561.36,5.0,4449.88,UPI,Delivered,600.53,4.2
ORD100579,2025-08-09,CUST1091,Customer_1411,Female,20,Jaipur,Rajasthan,North,Fashion,Jeans,2,2436.58,15.0,4142.19,UPI,Delivered,381.31,4.0
ORD100580,2025-07-13,CUST1482,Customer_1336,Male,40,Gurugram,Haryana,North,Beauty,Makeup Kit,2,3713.89,15.0,6313.61,UPI,Delivered,944.37,3.1
ORD100581,2025-01-02,CUST1088,Customer_1799,Other,21,Patna,Bihar,East,Home & Kitchen,Mixer Grinder,1,5130.19,0.0,5130.19,UPI,Shipped,981.78,3.1
ORD100582,2025-07-21,CUST1791,Customer_1643,Female,37,Ludhiana,Punjab,North,Fashion,Backpack,1,2429.64,10.0,2186.68,UPI,Delivered,444.02,3.2
ORD100583,2025-01-21,CUST1494,Customer_1082,Male,36,Patna,Bihar,East,Fashion,Shoes,2,3393.6,15.0,5769.12,UPI,Shipped,1153.28,4.4
ORD100584,2025-09-06,CUST1595,Customer_1025,Male,27,New Delhi,Delhi,North,Home & Kitchen,Mixer Grinder,2,2702.64,20.0,4324.22,Debit Card,Cancelled,355.38,5.0
ORD100585,2025-06-24,CUST1763,Customer_1021,Female,21,New Delhi,Delhi,North,Home & Kitchen,Dining Set,1,16041.03,5.0,15238.98,Cash on Delivery,Delivered,1971.23,3.7
ORD100586,2025-07-05,CUST1778,Customer_1783,Male,50,Ranchi,Jharkhand,East,Fashion,T-Shirt,1,1425.81,15.0,1211.94,Cash on Delivery,Returned,234.3,2.9
ORD100587,2025-09-03,CUST1077,Customer_1208,Male,35,Bengaluru,Karnataka,South,Fashion,Jacket,2,3370.98,20.0,5393.57,UPI,Delivered,521.84,4.2
ORD100588,2025-04-25,CUST1313,Customer_1228,Female,49,Gurugram,Haryana,North,Electronics,Tablet,5,26776.36,0.0,133881.8,Debit Card,Delivered,25194.87,3.0
ORD100589,2025-10-01,CUST1407,Customer_1373,Male,22,Chennai,Tamil Nadu,South,Fashion,Shoes,2,2604.66,5.0,4948.85,Debit Card,Returned,716.46,5.0
ORD100590,2025-11-20,CUST1253,Customer_1265,Female,37,Hyderabad,Telangana,South,Electronics,Tablet,5,26197.02,15.0,111337.34,Debit Card,Delivered,7812.06,3.5
ORD100591,2025-03-30,CUST1187,Customer_1132,Female,26,Chennai,Tamil Nadu,South,Sports,Dumbbells,2,1280.64,5.0,2433.22,UPI,Cancelled,450.15,3.9
ORD100592,2025-10-24,CUST1593,Customer_1175,Male,23,Gurugram,Haryana,North,Beauty,Moisturizer,3,1744.18,5.0,4970.91,UPI,Delivered,632.8,5.0
ORD100593,2025-01-08,CUST1563,Customer_1491,Female,35,Kolkata,West Bengal,East,Beauty,Shampoo,1,533.53,15.0,453.5,UPI,Delivered,48.12,3.7
ORD100594,2025-09-30,CUST1306,Customer_1210,Male,24,Hyderabad,Telangana,South,Electronics,Laptop,4,63608.81,10.0,228991.72,UPI,Delivered,45739.41,3.7
ORD100595,2025-12-12,CUST1366,Customer_1448,Female,36,Kolkata,West Bengal,East,Fashion,Backpack,1,3306.51,0.0,3306.51,Cash on Delivery,Delivered,413.31,5.0
ORD100596,2025-02-27,CUST1509,Customer_1546,Male,18,Ahmedabad,Gujarat,West,Sports,Yoga Mat,2,1126.74,5.0,2140.81,UPI,Cancelled,379.66,4.7
ORD100597,2025-04-03,CUST1256,Customer_1766,Female,23,Bengaluru,Karnataka,South,Fashion,Shoes,2,2377.36,10.0,4279.25,Credit Card,Delivered,802.41,3.8
ORD100598,2025-10-20,CUST1293,Customer_1485,Female,35,Mumbai,Maharashtra,West,Sports,Yoga Mat,1,1323.5,10.0,1191.15,UPI,Delivered,199.05,3.5
ORD100599,2025-01-08,CUST1128,Customer_1373,Male,22,Kochi,Kerala,South,Beauty,Moisturizer,5,455.07,5.0,2161.58,UPI,Delivered,174.66,4.5
ORD100600,2025-11-25,CUST1688,Customer_1330,Female,42,Gurugram,Haryana,North,Beauty,Moisturizer,1,461.94,0.0,461.94,Credit Card,Delivered,71.24,2.9
ORD100601,2025-09-12,CUST1085,Customer_1458,Female,27,Lucknow,Uttar Pradesh,North,Fashion,T-Shirt,3,1017.78,0.0,3053.34,Credit Card,Shipped,219.6,4.6
ORD100602,2025-07-09,CUST1640,Customer_1342,Female,34,Kolkata,West Bengal,East,Electronics,Tablet,2,19895.28,0.0,39790.56,UPI,Delivered,5439.63,4.2
ORD100603,2025-09-09,CUST1311,Customer_1601,Female,37,Gurugram,Haryana,North,Electronics,Headphones,5,5407.69,20.0,21630.76,Debit Card,Shipped,4571.13,4.5
ORD100604,2025-02-09,CUST1359,Customer_1574,Female,36,Patna,Bihar,East,Fashion,T-Shirt,1,1341.53,15.0,1140.3,UPI,Delivered,170.34,2.6
ORD100605,2025-06-22,CUST1731,Customer_1464,Male,18,Lucknow,Uttar Pradesh,North,Electronics,Smartphone,1,46477.56,10.0,41829.8,Credit Card,Returned,3604.89,3.5
ORD100606,2025-11-22,CUST1235,Customer_1553,Female,50,Panaji,Goa,West,Beauty,Moisturizer,1,1578.66,10.0,1420.79,Credit Card,Delivered,130.1,3.7
ORD100607,2025-08-02,CUST1435,Customer_1577,Female,28,Ranchi,Jharkhand,East,Electronics,Laptop,2,59603.28,15.0,101325.58,Credit Card,Delivered,16104.22,2.9
ORD100608,2025-12-09,CUST1652,Customer_1689,Male,18,Gurugram,Haryana,North,Home & Kitchen,Cookware Set,1,2795.74,10.0,2516.17,UPI,Delivered,281.4,3.8
ORD100609,2025-06-13,CUST1680,Customer_1221,Female,36,Bengaluru,Karnataka,South,Sports,Dumbbells,4,3934.27,5.0,14950.23,Net Banking,Returned,1051.39,4.0
ORD100610,2025-02-07,CUST1699,Customer_1385,Male,40,Ahmedabad,Gujarat,West,Fashion,Jeans,1,907.81,5.0,862.42,UPI,Returned,122.08,5.0
ORD100611,2025-05-03,CUST1186,Customer_1484,Female,22,Kochi,Kerala,South,Beauty,Shampoo,1,699.51,15.0,594.58,UPI,Delivered,122.04,3.6
ORD100612,2025-05-08,CUST1767,Customer_1475,Male,34,Kolkata,West Bengal,East,Electronics,Laptop,3,87882.48,5.0,250465.07,Debit Card,Delivered,33065.21,3.1
ORD100613,2025-03-23,CUST1135,Customer_1719,Female,18,Bengaluru,Karnataka,South,Beauty,Makeup Kit,1,3950.36,5.0,3752.84,UPI,Delivered,370.46,4.2
ORD100614,2025-07-01,CUST1503,Customer_1782,Male,34,Panaji,Goa,West,Fashion,T-Shirt,4,861.96,25.0,2585.88,Cash on Delivery,Delivered,528.13,3.3
ORD100615,2025-12-19,CUST1303,Customer_1541,Male,24,Bhubaneswar,Odisha,East,Fashion,Shoes,1,6264.88,15.0,5325.15,UPI,Delivered,392.1,3.4
ORD100616,2025-06-10,CUST1391,Customer_1449,Female,31,Kolkata,West Bengal,East,Sports,Yoga Mat,3,1075.1,10.0,2902.77,UPI,Delivered,372.27,4.0
ORD100617,2025-06-27,CUST1651,Customer_1170,Male,35,Mumbai,Maharashtra,West,Fashion,Jeans,2,2823.48,5.0,5364.61,UPI,Delivered,481.12,3.5
ORD100618,2025-01-08,CUST1516,Customer_1533,Male,23,Lucknow,Uttar Pradesh,North,Fashion,Backpack,1,2922.76,15.0,2484.35,Debit Card,Delivered,191.91,3.1
ORD100619,2025-03-17,CUST1709,Customer_1486,Female,43,Gurugram,Haryana,North,Sports,Dumbbells,1,1372.25,20.0,1097.8,Net Banking,Delivered,148.56,4.2
ORD100620,2025-01-14,CUST1298,Customer_1464,Male,18,Bhubaneswar,Odisha,East,Fashion,Jacket,4,1909.66,15.0,6492.84,UPI,Delivered,818.82,2.9
ORD100621,2025-08-08,CUST1336,Customer_1553,Male,38,Bengaluru,Karnataka,South,Beauty,Makeup Kit,2,3732.83,20.0,5972.53,Credit Card,Delivered,786.62,4.2
ORD100622,2025-11-25,CUST1612,Customer_1256,Male,32,Lucknow,Uttar Pradesh,North,Electronics,Headphones,1,1243.11,5.0,1180.95,UPI,Shipped,216.05,3.7
ORD100623,2025-10-28,CUST1763,Customer_1331,Male,32,Bengaluru,Karnataka,South,Electronics,Smartphone,1,54208.31,15.0,46077.06,Credit Card,Delivered,7596.84,5.0
ORD100624,2025-04-15,CUST1696,Customer_1330,Female,45,Bhubaneswar,Odisha,East,Fashion,Shoes,1,3818.97,10.0,3437.07,Net Banking,Delivered,584.28,3.6
ORD100625,2025-03-01,CUST1107,Customer_1220,Female,28,Lucknow,Uttar Pradesh,North,Sports,Cricket Bat,4,1864.41,0.0,7457.64,Credit Card,Shipped,639.69,3.7
ORD100626,2025-05-08,CUST1237,Customer_1619,Male,37,Ranchi,Jharkhand,East,Electronics,Smartphone,2,50453.18,5.0,95861.04,Credit Card,Cancelled,6285.4,3.7
ORD100627,2025-10-31,CUST1711,Customer_1001,Male,19,Bhubaneswar,Odisha,East,Fashion,Shoes,2,4410.24,10.0,7938.43,Debit Card,Delivered,864.97,2.9
ORD100628,2025-04-19,CUST1706,Customer_1035,Male,34,Chennai,Tamil Nadu,South,Electronics,Headphones,1,4667.62,,4434.24,Cash on Delivery,Delivered,376.56,3.0
ORD100629,2025-03-08,CUST1135,Customer_1055,Male,35,Panaji,Goa,West,Sports,Running Shoes,1,3158.09,10.0,2842.28,UPI,Delivered,418.79,3.3
ORD100630,2025-04-11,CUST1551,Customer_1353,Female,26,Gurugram,Haryana,North,Home & Kitchen,Dining Set,1,12196.8,5.0,11586.96,Credit Card,Delivered,856.4,4.3
ORD100631,2025-09-23,CUST1598,Customer_1102,Female,52,Kochi,Kerala,South,Electronics,Headphones,2,4192.44,10.0,7546.39,UPI,Delivered,1573.15,4.3
ORD100632,2025-12-28,CUST1545,Customer_1044,Female,24,Ranchi,Jharkhand,East,Fashion,Shoes,3,2879.09,15.0,7341.68,Debit Card,Cancelled,941.6,4.0
ORD100633,2025-06-01,CUST1188,Customer_1013,Male,23,Panaji,Goa,West,Fashion,T-Shirt,3,1414.19,10.0,3818.31,UPI,Shipped,360.29,4.5
ORD100634,2025-10-29,CUST1766,Customer_1527,Male,29,Panaji,Goa,West,Fashion,Jacket,1,3417.52,5.0,3246.64,UPI,Delivered,278.08,2.7
ORD100635,2025-04-12,CUST1632,Customer_1703,Male,33,Ludhiana,Punjab,North,Fashion,Jacket,1,2281.07,25.0,1710.8,UPI,Delivered,336.58,3.4
ORD100636,2025-02-16,CUST1213,Customer_1479,Male,39,Patna,Bihar,East,Electronics,Tablet,3,42094.52,5.0,119969.38,UPI,Delivered,14848.55,4.0
ORD100637,2025-10-06,CUST1629,Customer_1618,Male,24,Ranchi,Jharkhand,East,Fashion,Backpack,3,1564.81,15.0,3990.27,Debit Card,Delivered,601.06,4.8
ORD100638,2025-07-30,CUST1232,Customer_1774,Male,26,Ranchi,Jharkhand,East,Home & Kitchen,Air Fryer,1,9574.47,5.0,9095.75,Credit Card,Returned,1239.38,5.0
ORD100639,2025-06-21,CUST1289,Customer_1545,Male,32,Mumbai,Maharashtra,West,Home & Kitchen,Dining Set,2,12474.81,0.0,24949.62,Debit Card,Delivered,1642.76,2.9
ORD100640,2025-11-28,CUST1696,Customer_1027,Female,27,Ahmedabad,Gujarat,West,Fashion,Shoes,1,3470.43,5.0,3296.91,UPI,Delivered,378.77,4.5
ORD100641,2025-04-10,CUST1402,Customer_1517,Male,36,Jaipur,Rajasthan,North,Home & Kitchen,Air Fryer,1,10158.07,0.0,10158.07,Cash on Delivery,Delivered,743.84,4.4
ORD100642,2025-01-19,CUST1447,Customer_1732,Male,30,Chennai,Tamil Nadu,South,Fashion,Backpack,2,2049.14,5.0,3893.37,UPI,Delivered,367.08,4.6
ORD100643,2025-11-29,CUST1687,Customer_1114,Female,36,Panaji,Goa,West,Electronics,Smartphone,3,22049.73,10.0,59534.27,UPI,Cancelled,10162.23,4.4
ORD100644,2025-01-16,CUST1556,Customer_1376,Male,20,Bhubaneswar,Odisha,East,Electronics,Headphones,2,3988.98,0.0,7977.96,Debit Card,Delivered,886.71,3.0
ORD100645,2025-05-21,CUST1638,Customer_1763,Male,28,Patna,Bihar,East,Fashion,Jacket,1,4103.63,0.0,4103.63,UPI,Delivered,865.61,4.0
ORD100646,2025-03-02,CUST1480,Customer_1780,Male,18,Panaji,Goa,West,Home & Kitchen,Air Fryer,3,4214.75,20.0,10115.4,Credit Card,Delivered,840.15,3.8
ORD100647,2025-05-21,CUST1103,Customer_1226,Female,31,Jaipur,Rajasthan,North,Fashion,Shoes,1,4636.16,20.0,3708.93,UPI,Delivered,434.33,5.0
ORD100648,2025-12-09,CUST1040,Customer_1173,Male,32,Panaji,Goa,West,Electronics,Smartwatch,2,14519.18,0.0,29038.36,Net Banking,Shipped,3202.98,3.7
ORD100649,2025-06-19,CUST1598,Customer_1645,Female,18,Chennai,Tamil Nadu,South,Sports,Yoga Mat,1,1629.64,10.0,1466.68,UPI,Delivered,163.72,4.4
ORD100650,2025-12-09,CUST1580,Customer_1733,Female,34,Bengaluru,Karnataka,South,Beauty,Shampoo,3,755.02,5.0,2151.81,Credit Card,Delivered,275.63,4.1
ORD100651,2025-03-15,CUST1011,Customer_1799,Female,40,Bengaluru,Karnataka,South,Electronics,Laptop,1,49432.43,15.0,42017.57,UPI,Delivered,7722.14,5.0
ORD100652,2025-11-28,CUST1621,Customer_1785,Male,34,Ranchi,Jharkhand,East,Fashion,Jacket,1,3031.73,10.0,2728.56,UPI,Delivered,292.97,4.9
ORD100653,2025-03-10,CUST1727,Customer_1161,Female,38,Bhubaneswar,Odisha,East,Electronics,Smartphone,2,41927.96,10.0,75470.33,UPI,Delivered,6479.56,3.2
ORD100654,2025-02-20,CUST1476,Customer_1087,Male,29,New Delhi,Delhi,North,Electronics,Laptop,3,37138.05,15.0,94702.03,Credit Card,Delivered,9812.01,3.9
ORD100655,2025-11-13,CUST1532,Customer_1106,Male,26,Ludhiana,Punjab,North,Sports,Football,1,1203.77,5.0,1143.58,Debit Card,Delivered,171.14,4.8
ORD100656,2025-01-26,CUST1469,Customer_1476,Male,26,Kochi,Kerala,South,Beauty,Makeup Kit,5,1547.54,10.0,6963.93,Cash on Delivery,Delivered,451.29,3.7
ORD100657,2025-07-11,CUST1476,Customer_1592,Female,22,Lucknow,Uttar Pradesh,North,Beauty,Shampoo,2,530.86,10.0,955.55,Credit Card,Delivered,201.69,3.0
ORD100658,2025-05-31,CUST1719,Customer_1255,Male,33,Kochi,Kerala,South,Electronics,Tablet,1,26059.96,15.0,22150.97,Cash on Delivery,Delivered,4108.34,4.3
ORD100659,2025-06-01,CUST1640,Customer_1124,Female,27,Lucknow,Uttar Pradesh,North,Beauty,Makeup Kit,2,3518.25,20.0,5629.2,UPI,Delivered,375.02,5.0
ORD100660,2025-06-16,CUST1663,Customer_1514,Female,38,Bengaluru,Karnataka,South,Home & Kitchen,Air Fryer,1,12487.29,10.0,11238.56,Cash on Delivery,Shipped,958.59,3.9
ORD100661,2025-10-27,CUST1403,Customer_1648,Female,39,Kolkata,West Bengal,East,Fashion,T-Shirt,1,458.55,15.0,389.77,Credit Card,Delivered,58.47,3.3
ORD100662,2025-01-17,CUST1068,Customer_1133,Female,28,Ahmedabad,Gujarat,West,Fashion,T-Shirt,1,1241.52,15.0,1055.29,Debit Card,Delivered,223.82,4.6
ORD100663,2025-01-21,CUST1152,Customer_1102,Female,29,New Delhi,Delhi,North,Electronics,Smartwatch,1,14173.26,10.0,12755.93,Credit Card,Delivered,1981.66,5.0
ORD100664,2025-06-19,CUST1559,Customer_1261,Male,49,Lucknow,Uttar Pradesh,North,Fashion,Backpack,1,2089.01,5.0,1984.56,UPI,Delivered,159.13,5.0
ORD100665,2025-11-05,CUST1484,Customer_1647,Female,25,Patna,Bihar,East,Home & Kitchen,Cookware Set,3,7094.48,5.0,20219.27,Credit Card,Delivered,2089.74,4.9
ORD100666,2025-12-27,CUST1118,Customer_1666,Female,40,Jaipur,Rajasthan,North,Beauty,Face Wash,4,206.0,0.0,824.0,Debit Card,Delivered,74.69,5.0
ORD100667,2025-12-17,CUST1143,Customer_1398,Male,34,Kolkata,West Bengal,East,Home & Kitchen,Bedsheet,2,2903.8,15.0,4936.46,Net Banking,Delivered,746.84,4.3
ORD100668,2025-10-15,CUST1459,Customer_1624,Female,40,Gurugram,Haryana,North,Fashion,Jeans,4,2878.18,0.0,11512.72,UPI,Delivered,1431.94,4.5
ORD100669,2025-03-11,CUST1256,Customer_1396,Female,32,Kochi,Kerala,South,Electronics,Tablet,1,46179.22,20.0,36943.38,UPI,Delivered,4596.42,3.4
ORD100670,2025-12-08,CUST1035,Customer_1559,Female,26,Kochi,Kerala,South,Electronics,Smartwatch,1,3207.48,10.0,2886.73,Debit Card,Delivered,180.04,4.3
ORD100671,2025-01-30,CUST1115,Customer_1090,Male,18,Kolkata,West Bengal,East,Sports,Yoga Mat,1,1767.07,5.0,1678.72,UPI,Delivered,182.42,3.8
ORD100672,2025-11-21,CUST1320,Customer_1506,Male,27,Ahmedabad,Gujarat,West,Beauty,Moisturizer,1,1448.0,15.0,1230.8,UPI,Delivered,185.42,5.0
ORD100673,2025-08-28,CUST1318,Customer_1633,Female,19,Panaji,Goa,West,Fashion,Backpack,1,923.41,10.0,831.07,Cash on Delivery,Shipped,175.24,3.3
ORD100674,2025-03-10,CUST1509,Customer_1326,Female,51,Kochi,Kerala,South,Home & Kitchen,Dining Set,4,10542.02,10.0,37951.27,Net Banking,Cancelled,4978.03,3.6
ORD100675,2025-01-17,CUST1263,Customer_1619,Male,41,New Delhi,Delhi,North,Electronics,Smartwatch,2,3375.96,5.0,6414.32,UPI,Delivered,1135.87,4.0
ORD100676,2025-04-01,CUST1272,Customer_1005,Male,32,Bengaluru,Karnataka,South,Home & Kitchen,Mixer Grinder,3,8658.97,10.0,23379.22,Credit Card,Delivered,2337.46,4.6
ORD100677,2025-04-27,CUST1070,Customer_1070,Female,20,Ahmedabad,Gujarat,West,Sports,Running Shoes,2,2533.22,10.0,4559.8,Credit Card,Delivered,800.41,2.9
ORD100678,2025-06-05,CUST1565,Customer_1442,Female,34,Bengaluru,Karnataka,South,Home & Kitchen,Mixer Grinder,1,4760.3,20.0,3808.24,Credit Card,Delivered,351.37,4.6
ORD100679,2025-03-07,CUST1565,Customer_1106,Female,29,New Delhi,Delhi,North,Electronics,Smartphone,2,13002.15,0.0,26004.3,Credit Card,Shipped,4899.96,3.9
ORD100680,2025-06-04,CUST1649,Customer_1503,Female,30,Kochi,Kerala,South,Electronics,Tablet,1,45299.93,5.0,43034.93,Debit Card,Delivered,2663.84,3.9
ORD100681,2025-09-06,CUST1638,Customer_1516,Female,51,Kolkata,West Bengal,East,Electronics,Headphones,5,2494.93,15.0,10603.45,Credit Card,Delivered,1277.56,2.8
ORD100682,2025-08-18,CUST1460,Customer_1345,Male,18,Gurugram,Haryana,North,Home & Kitchen,Bedsheet,1,1157.46,10.0,1041.71,Debit Card,Delivered,95.64,4.4
ORD100683,2025-02-01,CUST1305,Customer_1269,Male,32,Ranchi,Jharkhand,East,Electronics,Tablet,2,31663.52,20.0,50661.63,Cash on Delivery,Delivered,7490.49,3.5
ORD100684,2025-12-08,CUST1304,Customer_1764,Female,42,Ranchi,Jharkhand,East,Electronics,Smartwatch,1,10965.41,5.0,10417.14,UPI,Delivered,1120.87,3.8
ORD100685,2025-06-29,CUST1377,Customer_1776,Male,25,Bhubaneswar,Odisha,East,Electronics,Smartphone,1,68234.4,15.0,57999.24,Debit Card,Delivered,6479.16,3.1
ORD100686,2025-05-12,CUST1324,Customer_1132,Female,24,Kolkata,West Bengal,East,Electronics,Smartwatch,2,6113.11,15.0,10392.29,UPI,Delivered,656.27,3.0
ORD100687,2025-07-27,CUST1263,Customer_1563,Female,26,Kolkata,West Bengal,East,Home & Kitchen,Air Fryer,1,5855.72,5.0,5562.93,UPI,Delivered,862.36,4.6
ORD100688,2025-10-03,CUST1239,Customer_1581,Male,27,Panaji,Goa,West,Home & Kitchen,Bedsheet,1,1638.24,10.0,1474.42,UPI,Shipped,238.89,4.2
ORD100689,2025-01-07,CUST1078,Customer_1434,Male,51,Ahmedabad,Gujarat,West,Home & Kitchen,Mixer Grinder,4,8872.69,10.0,31941.68,UPI,Delivered,6771.99,3.5
ORD100690,2025-04-26,CUST1490,Customer_1781,Female,27,Kolkata,West Bengal,East,Electronics,Headphones,1,2549.37,15.0,2166.96,Debit Card,Cancelled,225.74,3.4
ORD100691,2025-06-06,CUST1035,Customer_1075,Male,39,Chennai,Tamil Nadu,South,Home & Kitchen,Air Fryer,5,14439.76,0.0,72198.8,Credit Card,Delivered,15114.54,3.9
ORD100692,2025-04-16,CUST1531,Customer_1047,Female,24,Ahmedabad,Gujarat,West,Home & Kitchen,Mixer Grinder,1,2786.6,10.0,2507.94,Debit Card,Delivered,317.56,3.3
ORD100693,2025-04-01,CUST1748,Customer_1474,Female,48,Jaipur,Rajasthan,North,Fashion,Jeans,3,1051.77,15.0,2682.01,Debit Card,Cancelled,390.08,4.0
ORD100694,2025-07-28,CUST1286,Customer_1010,Male,23,Bhubaneswar,Odisha,East,Fashion,Shoes,1,3404.87,10.0,3064.38,UPI,Returned,535.87,3.9
ORD100695,2025-09-19,CUST1368,Customer_1786,Female,24,Bengaluru,Karnataka,South,Fashion,Shoes,1,5649.58,15.0,4802.14,Credit Card,Delivered,630.77,3.9
ORD100696,2025-03-02,CUST1389,Customer_1563,Male,20,Jaipur,Rajasthan,North,Fashion,Jeans,1,2522.25,5.0,2396.14,UPI,Delivered,160.6,3.5
ORD100697,2025-10-07,CUST1551,Customer_1380,Female,20,Panaji,Goa,West,Sports,Dumbbells,3,3766.75,5.0,10735.24,Credit Card,Delivered,927.82,2.5
ORD100698,2025-04-11,CUST1322,Customer_1066,Female,18,Jaipur,Rajasthan,North,Fashion,Backpack,3,833.23,10.0,2249.72,Debit Card,Delivered,191.94,3.3
ORD100699,2025-09-19,CUST1194,Customer_1149,Male,30,Mumbai,Maharashtra,West,Electronics,Headphones,1,4407.54,10.0,3966.79,Credit Card,Shipped,321.89,3.8
ORD100700,2025-09-09,CUST1295,Customer_1451,Female,40,Jaipur,Rajasthan,North,Sports,Dumbbells,1,3736.25,20.0,2989.0,Net Banking,Delivered,357.9,5.0
ORD100701,2025-01-21,CUST1228,Customer_1376,Female,37,Gurugram,Haryana,North,Electronics,Headphones,1,5826.14,10.0,5243.53,UPI,Delivered,448.77,3.3
ORD100702,2025-08-12,CUST1175,Customer_1385,Male,41,Lucknow,Uttar Pradesh,North,Home & Kitchen,Dining Set,4,4289.01,25.0,12867.03,Net Banking,Returned,1723.88,3.3
ORD100703,2025-04-26,CUST1052,Customer_1376,Female,28,Bhubaneswar,Odisha,East,Fashion,Backpack,1,2781.81,10.0,2503.63,Net Banking,Delivered,474.3,4.8
ORD100704,2025-06-27,CUST1006,Customer_1307,Male,30,New Delhi,Delhi,North,Electronics,Smartwatch,1,10243.55,10.0,9219.19,UPI,Delivered,769.69,4.8
ORD100705,2025-05-24,CUST1060,Customer_1780,Male,44,Kolkata,West Bengal,East,Home & Kitchen,Air Fryer,1,7705.01,10.0,6934.51,UPI,Shipped,1054.36,4.1
ORD100706,2025-07-23,CUST1172,Customer_1735,Female,45,Mumbai,Maharashtra,West,Fashion,Backpack,2,1807.0,,3071.9,Debit Card,Delivered,393.3,3.6
ORD100707,2025-11-14,CUST1257,Customer_1529,Male,29,Bengaluru,Karnataka,South,Home & Kitchen,Air Fryer,1,12453.15,5.0,11830.49,UPI,Delivered,1219.94,4.4
ORD100708,2025-03-13,CUST1498,Customer_1625,Male,42,Kochi,Kerala,South,Sports,Cricket Bat,3,1504.01,15.0,3835.23,UPI,Delivered,394.0,4.6
ORD100709,2025-11-10,CUST1109,Customer_1348,Other,50,Ahmedabad,Gujarat,West,Fashion,Shoes,1,4769.32,10.0,4292.39,UPI,Delivered,527.3,2.6
ORD100710,2025-09-06,CUST1261,Customer_1063,Female,31,New Delhi,Delhi,North,Home & Kitchen,Mixer Grinder,1,5672.63,15.0,4821.74,UPI,Delivered,959.68,3.9
ORD100711,2025-05-22,CUST1722,Customer_1584,Female,36,Lucknow,Uttar Pradesh,North,Beauty,Moisturizer,2,1237.82,25.0,1856.73,UPI,Delivered,269.92,5.0
ORD100712,2025-06-06,CUST1116,Customer_1435,Male,18,Bengaluru,Karnataka,South,Sports,Yoga Mat,2,2002.55,15.0,3404.34,Credit Card,Delivered,312.33,3.6
ORD100713,2025-03-27,CUST1320,Customer_1032,Female,38,Panaji,Goa,West,Beauty,Perfume,4,915.1,5.0,3477.38,Cash on Delivery,Shipped,647.76,3.3
ORD100714,2025-12-08,CUST1666,Customer_1757,Female,40,Jaipur,Rajasthan,North,Fashion,Jeans,1,2208.24,0.0,2208.24,Debit Card,Shipped,147.85,4.5
ORD100715,2025-04-13,CUST1489,Customer_1037,Male,18,Patna,Bihar,East,Sports,Dumbbells,1,2339.27,10.0,2105.34,Credit Card,Delivered,350.5,3.9
ORD100716,2025-10-16,CUST1344,Customer_1194,Female,36,Kochi,Kerala,South,Sports,Running Shoes,1,3462.19,10.0,3115.97,Credit Card,Shipped,395.54,3.4
ORD100717,2025-11-30,CUST1786,Customer_1411,Female,32,Ranchi,Jharkhand,East,Home & Kitchen,Air Fryer,3,6024.45,5.0,17169.68,Debit Card,Delivered,3000.02,3.7
ORD100718,2025-07-04,CUST1032,Customer_1762,Male,39,Kolkata,West Bengal,East,Electronics,Smartphone,1,32380.43,5.0,30761.41,Cash on Delivery,Delivered,4593.96,4.4
ORD100719,2025-10-31,CUST1672,Customer_1205,Male,32,Ranchi,Jharkhand,East,Home & Kitchen,Mixer Grinder,4,3296.37,5.0,12526.21,Net Banking,Delivered,810.78,3.4
ORD100720,2025-05-08,CUST1722,Customer_1151,Other,29,Hyderabad,Telangana,South,Home & Kitchen,Cookware Set,3,7339.45,20.0,17614.68,Cash on Delivery,Delivered,1347.29,3.4
ORD100721,2025-03-09,CUST1694,Customer_1034,Male,21,Kolkata,West Bengal,East,Beauty,Face Wash,3,255.23,0.0,765.69,Credit Card,Delivered,98.3,4.4
ORD100722,2025-11-04,CUST1723,Customer_1493,Male,18,Gurugram,Haryana,North,Fashion,Jeans,1,2457.79,15.0,2089.12,Net Banking,Delivered,348.27,3.6
ORD100723,2025-01-15,CUST1231,Customer_1617,Male,36,Kochi,Kerala,South,Sports,Yoga Mat,1,1173.59,10.0,1056.23,Credit Card,Delivered,203.91,5.0
ORD100724,2025-06-25,CUST1675,Customer_1416,Male,32,Mumbai,Maharashtra,West,Fashion,Backpack,2,1573.6,20.0,2517.76,Credit Card,Delivered,501.7,4.3
ORD100725,2025-07-08,CUST1295,Customer_1183,Female,28,Gurugram,Haryana,North,Fashion,T-Shirt,1,1600.72,20.0,1280.58,Debit Card,Delivered,270.81,2.6
ORD100726,2025-10-29,CUST1267,Customer_1799,Female,29,Hyderabad,Telangana,South,Sports,Running Shoes,1,1904.77,15.0,1619.05,UPI,Delivered,279.39,4.3
ORD100727,2025-12-27,CUST1599,Customer_1716,Male,24,Patna,Bihar,East,Electronics,Tablet,4,12312.48,15.0,41862.43,Debit Card,Delivered,3530.83,3.6
ORD100728,2025-04-18,CUST1321,Customer_1579,Female,19,Hyderabad,Telangana,South,Electronics,Laptop,1,65949.13,0.0,65949.13,UPI,Delivered,13685.3,4.9
ORD100729,2025-06-13,CUST1290,Customer_1378,Female,31,Gurugram,Haryana,North,Fashion,Backpack,3,2658.72,10.0,7178.54,Credit Card,Delivered,1018.81,3.9
ORD100730,2025-10-30,CUST1503,Customer_1147,Male,18,Jaipur,Rajasthan,North,Fashion,T-Shirt,2,1353.69,15.0,2301.27,Cash on Delivery,Delivered,323.49,4.3
ORD100731,2025-11-12,CUST1024,Customer_1271,Female,31,Mumbai,Maharashtra,West,Electronics,Smartwatch,2,4999.74,20.0,7999.58,Debit Card,Delivered,507.07,3.2
ORD100732,2025-09-30,CUST1497,Customer_1561,Male,18,Lucknow,Uttar Pradesh,North,Electronics,Laptop,1,88821.81,25.0,66616.36,UPI,Delivered,8433.75,4.7
ORD100733,2025-03-22,CUST1659,Customer_1222,Male,42,Ahmedabad,Gujarat,West,Home & Kitchen,Air Fryer,1,9630.92,5.0,9149.37,Debit Card,Delivered,794.34,3.3
ORD100734,2025-12-29,CUST1383,Customer_1751,Female,33,Lucknow,Uttar Pradesh,North,Electronics,Laptop,1,89470.58,15.0,76049.99,Net Banking,Delivered,12393.4,4.1
ORD100735,2025-12-10,CUST1084,Customer_1046,Male,18,Kochi,Kerala,South,Beauty,Face Wash,1,286.31,10.0,257.68,Credit Card,Delivered,41.24,3.8
ORD100736,2025-10-22,CUST1783,Customer_1053,Female,25,Kochi,Kerala,South,Electronics,Tablet,3,44480.35,20.0,106752.84,UPI,Delivered,14608.13,3.9
ORD100737,2025-02-17,CUST1790,Customer_1379,Female,24,Ranchi,Jharkhand,East,Beauty,Makeup Kit,3,2526.65,15.0,6442.96,UPI,Delivered,875.55,3.5
ORD100738,2025-01-15,CUST1690,Customer_1378,Male,30,Ranchi,Jharkhand,East,Fashion,Jeans,1,1898.8,10.0,1708.92,Credit Card,Delivered,337.78,4.7
ORD100739,2025-01-13,CUST1146,Customer_1368,Male,35,Kochi,Kerala,South,Fashion,Jeans,1,1102.76,0.0,1102.76,Credit Card,Delivered,140.78,3.8
ORD100740,2025-09-01,CUST1169,Customer_1584,Female,20,Hyderabad,Telangana,South,Electronics,Tablet,2,20048.37,20.0,32077.39,Net Banking,Delivered,4118.25,4.5
ORD100741,2025-04-24,CUST1591,Customer_1535,Female,32,Ludhiana,Punjab,North,Electronics,Tablet,3,35655.6,5.0,101618.46,UPI,Delivered,14907.51,3.3
ORD100742,2025-06-24,CUST1123,Customer_1227,Female,49,Kolkata,West Bengal,East,Sports,Dumbbells,1,2394.45,10.0,2155.01,Net Banking,Delivered,332.43,3.8
ORD100743,2025-06-08,CUST1265,Customer_1468,Female,26,Panaji,Goa,West,Beauty,Perfume,1,2744.76,5.0,2607.52,Debit Card,Delivered,267.72,4.5
ORD100744,2025-08-26,CUST1715,Customer_1759,Female,35,Lucknow,Uttar Pradesh,North,Beauty,Perfume,4,3564.96,5.0,13546.85,UPI,Delivered,2751.69,3.8
ORD100745,2025-05-13,CUST1667,Customer_1028,Male,30,Kolkata,West Bengal,East,Home & Kitchen,Mixer Grinder,1,5433.69,10.0,4890.32,Credit Card,Delivered,631.7,3.6
ORD100746,2025-11-21,CUST1774,Customer_1023,Male,18,Mumbai,Maharashtra,West,Beauty,Face Wash,4,780.25,0.0,3121.0,Cash on Delivery,Delivered,241.25,3.0
ORD100747,2025-09-28,CUST1736,Customer_1651,Female,18,Kolkata,West Bengal,East,Electronics,Headphones,3,4718.11,5.0,13446.61,Net Banking,Delivered,1346.78,4.7
ORD100748,2025-08-01,CUST1560,Customer_1561,Male,35,Kolkata,West Bengal,East,Sports,Football,4,1273.7,25.0,3821.1,Credit Card,Cancelled,401.22,4.2
ORD100749,2025-12-25,CUST1602,Customer_1346,Female,22,Jaipur,Rajasthan,North,Fashion,Jacket,1,5800.3,0.0,5800.3,Net Banking,Delivered,533.38,4.4
ORD100750,2025-03-17,CUST1596,Customer_1343,Male,18,Patna,Bihar,East,Home & Kitchen,Cookware Set,1,2711.15,20.0,2168.92,Net Banking,Delivered,476.56,4.9
ORD100751,2025-06-17,CUST1409,Customer_1508,Male,28,Chennai,Tamil Nadu,South,Home & Kitchen,Mixer Grinder,1,5953.85,5.0,5656.16,UPI,Delivered,597.0,4.3
ORD100752,2025-09-28,CUST1620,Customer_1559,Female,26,Ahmedabad,Gujarat,West,Home & Kitchen,Dining Set,2,9110.35,20.0,14576.56,Debit Card,Delivered,2048.25,4.8
ORD100753,2025-06-21,CUST1759,Customer_1005,Male,23,Kochi,Kerala,South,Electronics,Headphones,1,6741.55,5.0,6404.47,Credit Card,Shipped,701.46,5.0
ORD100754,2025-07-04,CUST1504,Customer_1241,Male,27,Ludhiana,Punjab,North,Fashion,Jacket,1,4317.81,5.0,4101.92,Cash on Delivery,Delivered,882.24,4.6
ORD100755,2025-02-14,CUST1540,Customer_1154,Female,33,Lucknow,Uttar Pradesh,North,Electronics,Headphones,4,1321.44,5.0,5021.47,UPI,Delivered,456.79,3.9
ORD100756,2025-03-09,CUST1740,Customer_1123,Male,23,Ludhiana,Punjab,North,Home & Kitchen,Bedsheet,1,2392.14,20.0,1913.71,UPI,Delivered,230.07,4.5
ORD100757,2025-04-06,CUST1262,Customer_1354,Male,18,Mumbai,Maharashtra,West,Fashion,Jeans,1,1623.3,15.0,1379.8,UPI,Delivered,250.47,3.4
ORD100758,2025-05-17,CUST1191,Customer_1142,Male,36,Panaji,Goa,West,Electronics,Laptop,1,49823.08,5.0,47331.93,UPI,Delivered,7243.91,3.7
ORD100759,2025-06-05,CUST1787,Customer_1795,Female,49,Ahmedabad,Gujarat,West,Fashion,Shoes,2,2408.49,10.0,4335.28,Cash on Delivery,Delivered,891.57,3.3
ORD100760,2025-09-11,CUST1475,Customer_1506,Male,32,Ahmedabad,Gujarat,West,Beauty,Makeup Kit,1,729.72,5.0,693.23,Credit Card,Delivered,56.87,4.4
ORD100761,2025-07-03,CUST1311,Customer_1793,Female,23,Patna,Bihar,East,Electronics,Headphones,1,4061.59,10.0,3655.43,Credit Card,Delivered,636.36,4.8
ORD100762,2025-07-15,CUST1203,Customer_1085,Female,36,New Delhi,Delhi,North,Fashion,T-Shirt,1,1717.76,10.0,1545.98,Credit Card,Delivered,338.17,2.7
ORD100763,2025-05-26,CUST1441,Customer_1421,Female,38,Hyderabad,Telangana,South,Home & Kitchen,Dining Set,1,12356.0,10.0,11120.4,Net Banking,Shipped,1255.51,4.6
ORD100764,2025-11-14,CUST1599,Customer_1219,Female,20,Ludhiana,Punjab,North,Electronics,Laptop,2,62202.44,5.0,118184.64,Debit Card,Delivered,14314.21,3.2
ORD100765,2025-09-29,CUST1544,Customer_1450,Male,29,New Delhi,Delhi,North,Fashion,Jeans,2,2685.63,10.0,4834.13,UPI,Delivered,1008.22,3.8
ORD100766,2025-01-08,CUST1052,Customer_1045,Female,27,Jaipur,Rajasthan,North,Electronics,Smartwatch,3,5376.28,5.0,15322.4,Credit Card,Delivered,1848.12,2.8
ORD100767,2025-08-02,CUST1732,Customer_1286,Female,30,Kochi,Kerala,South,Fashion,Shoes,2,4909.78,10.0,8837.6,Credit Card,Delivered,555.53,4.7
ORD100768,2025-02-16,CUST1270,Customer_1413,Female,36,Chennai,Tamil Nadu,South,Fashion,Backpack,1,1281.7,15.0,1089.44,Cash on Delivery,Delivered,217.22,3.2
ORD100769,2025-03-31,CUST1264,Customer_1472,Male,27,,Telangana,South,Sports,Dumbbells,4,4719.17,10.0,16989.01,Cash on Delivery,Returned,1037.0,4.9
ORD100770,2025-07-01,CUST1667,Customer_1287,Male,47,Lucknow,Uttar Pradesh,North,Home & Kitchen,Dining Set,1,13554.9,20.0,10843.92,Debit Card,Delivered,1854.08,4.9
ORD100771,2025-11-21,CUST1167,Customer_1635,Male,37,New Delhi,Delhi,North,Home & Kitchen,Air Fryer,1,13805.99,20.0,11044.79,UPI,Cancelled,2416.76,4.0
ORD100772,2025-09-15,CUST1624,Customer_1717,Male,43,Kochi,Kerala,South,Fashion,Jacket,2,3617.27,0.0,7234.54,Credit Card,Delivered,1455.07,2.3
ORD100773,2025-10-23,CUST1647,Customer_1454,Male,25,Mumbai,Maharashtra,West,Electronics,Laptop,1,77449.3,20.0,61959.44,Credit Card,Returned,9806.07,3.6
ORD100774,2025-09-15,CUST1706,Customer_1347,Male,28,New Delhi,Delhi,North,Electronics,Laptop,3,51971.16,25.0,116935.11,UPI,Cancelled,7738.61,3.4
ORD100775,2025-02-17,CUST1062,Customer_1069,Male,46,Ranchi,Jharkhand,East,Beauty,Moisturizer,1,964.61,5.0,916.38,Net Banking,Delivered,198.97,3.9
ORD100776,2025-08-27,CUST1800,Customer_1082,Male,41,Bhubaneswar,Odisha,East,Home & Kitchen,Cookware Set,3,3303.98,10.0,8920.75,Debit Card,Delivered,1891.46,3.4
ORD100777,2025-12-20,CUST1407,Customer_1370,Male,23,Chennai,Tamil Nadu,South,Fashion,Jeans,1,1271.79,15.0,1081.02,UPI,Delivered,127.85,5.0
ORD100778,2025-12-05,CUST1198,Customer_1300,Male,25,Ludhiana,Punjab,North,Beauty,Shampoo,3,467.54,10.0,1262.36,Net Banking,Delivered,166.94,3.6
ORD100779,2025-03-26,CUST1273,Customer_1430,Male,41,Ranchi,Jharkhand,East,Fashion,Jeans,2,964.27,5.0,1832.11,UPI,Delivered,256.09,3.4
ORD100780,2025-10-20,CUST1799,Customer_1204,Female,35,New Delhi,Delhi,North,Home & Kitchen,Air Fryer,1,9306.97,10.0,8376.27,Cash on Delivery,Delivered,1135.77,4.8
ORD100781,2025-10-25,CUST1506,Customer_1686,Male,29,Ranchi,Jharkhand,East,Home & Kitchen,Air Fryer,1,9299.31,5.0,8834.34,UPI,Cancelled,1039.98,3.1
ORD100782,2025-11-12,CUST1773,Customer_1625,Female,18,Bhubaneswar,Odisha,East,Sports,Dumbbells,2,1623.96,15.0,2760.73,Debit Card,Delivered,277.15,3.2
ORD100783,2025-10-08,CUST1675,Customer_1790,Male,46,Chennai,Tamil Nadu,South,Fashion,Shoes,1,2945.52,10.0,2650.97,UPI,Cancelled,488.45,4.7
ORD100784,2025-12-24,CUST1537,Customer_1452,Male,28,Jaipur,Rajasthan,North,Home & Kitchen,Air Fryer,1,14501.01,5.0,13775.96,UPI,Delivered,2363.87,3.0
ORD100785,2025-11-24,CUST1360,Customer_1129,Female,31,Patna,Bihar,East,Electronics,Headphones,1,4882.01,10.0,4393.81,Net Banking,Delivered,806.33,4.4
ORD100786,2025-08-20,CUST1261,Customer_1704,Female,39,Ranchi,Jharkhand,East,Home & Kitchen,Dining Set,1,11013.57,10.0,9912.21,UPI,Delivered,1587.31,4.1
ORD100787,2025-07-29,CUST1499,Customer_1402,Male,18,Bhubaneswar,Odisha,East,Beauty,Moisturizer,1,1309.38,10.0,1178.44,Debit Card,Delivered,224.71,
ORD100788,2025-05-12,CUST1493,Customer_1499,Male,42,Lucknow,Uttar Pradesh,North,Fashion,Jeans,4,1538.63,10.0,5539.07,Credit Card,Delivered,814.25,5.0
ORD100789,2025-04-08,CUST1670,Customer_1246,Female,44,Panaji,Goa,West,Fashion,Jacket,1,4792.24,5.0,4552.63,Credit Card,Delivered,400.78,4.4
ORD100790,2025-12-09,CUST1360,Customer_1117,Female,36,Ranchi,Jharkhand,East,Fashion,Jeans,3,1938.99,5.0,5526.12,Net Banking,Delivered,473.37,4.7
ORD100791,2025-09-28,CUST1528,Customer_1514,Female,21,Panaji,Goa,West,Electronics,Smartwatch,2,2312.97,0.0,4625.94,Credit Card,Delivered,753.48,3.4
ORD100792,2025-01-08,CUST1424,Customer_1315,Male,35,Ludhiana,Punjab,North,Electronics,Tablet,2,45172.05,20.0,72275.28,Credit Card,Returned,8632.79,3.7
ORD100793,2025-05-02,CUST1235,Customer_1331,Male,44,Ranchi,Jharkhand,East,Electronics,Smartwatch,1,6083.17,15.0,5170.69,UPI,Delivered,358.34,4.8
ORD100794,2025-10-15,CUST1698,Customer_1690,Female,41,Kochi,Kerala,South,Home & Kitchen,Dining Set,1,14418.39,20.0,11534.71,Credit Card,Delivered,2401.36,3.8
ORD100795,2025-11-30,CUST1420,Customer_1326,Female,20,Mumbai,Maharashtra,West,Electronics,Laptop,1,84159.47,20.0,67327.58,Debit Card,Delivered,7454.12,3.8
ORD100796,2025-01-08,CUST1265,Customer_1783,Male,36,Patna,Bihar,East,Fashion,Jeans,2,1432.83,20.0,2292.53,Credit Card,Shipped,163.32,4.2
ORD100797,2025-11-27,CUST1335,Customer_1522,Female,39,Bhubaneswar,Odisha,East,Fashion,Shoes,4,4369.83,10.0,15731.39,Debit Card,Shipped,1503.55,4.0
ORD100798,2025-12-18,CUST1512,Customer_1778,Female,49,Hyderabad,Telangana,South,Home & Kitchen,Mixer Grinder,1,8187.35,20.0,6549.88,UPI,Cancelled,1095.58,4.1
ORD100799,2025-06-21,CUST1575,Customer_1577,Male,32,Ludhiana,Punjab,North,Electronics,Smartwatch,3,7790.24,0.0,23370.72,UPI,Delivered,4045.26,3.7
ORD100800,2025-07-08,CUST1120,Customer_1105,Female,37,Kochi,Kerala,South,Home & Kitchen,Air Fryer,1,14652.74,20.0,11722.19,UPI,Delivered,1189.52,3.0
ORD100801,2025-11-26,CUST1382,Customer_1676,Male,20,Mumbai,Maharashtra,West,Electronics,Laptop,1,71004.18,20.0,56803.34,Credit Card,Delivered,12389.52,3.8
ORD100802,2025-12-24,CUST1450,Customer_1219,Female,23,Bhubaneswar,Odisha,East,Fashion,T-Shirt,1,1311.67,5.0,1246.09,Credit Card,Delivered,91.09,3.4
ORD100803,2025-07-26,CUST1686,Customer_1696,Male,43,Chennai,Tamil Nadu,South,Sports,Football,2,2358.25,5.0,4480.68,Debit Card,Delivered,312.7,3.8
ORD100804,2025-09-28,CUST1307,Customer_1500,Female,33,Lucknow,Uttar Pradesh,North,Fashion,Shoes,2,5459.92,10.0,9827.86,Credit Card,Delivered,922.09,3.8
ORD100805,2025-12-02,CUST1289,Customer_1140,Male,33,Patna,Bihar,East,Electronics,Smartwatch,1,10060.04,0.0,10060.04,Credit Card,Shipped,2048.65,3.9
ORD100806,2025-03-19,CUST1390,Customer_1577,Male,43,Jaipur,Rajasthan,North,Sports,Dumbbells,3,3494.71,15.0,8911.51,Debit Card,Delivered,1821.05,3.1
ORD100807,2025-05-08,CUST1078,Customer_1421,Female,36,Jaipur,Rajasthan,North,Fashion,Jacket,5,4951.56,20.0,19806.24,Debit Card,Delivered,1873.48,3.8
ORD100808,2025-08-30,CUST1301,Customer_1708,Male,36,Mumbai,Maharashtra,West,Electronics,Headphones,2,3921.52,5.0,7450.89,Debit Card,Delivered,1187.83,4.4
ORD100809,2025-09-28,CUST1577,Customer_1344,Female,24,Gurugram,Haryana,North,Fashion,Jacket,1,2439.36,10.0,2195.42,UPI,Delivered,161.92,4.8
ORD100810,2025-09-03,CUST1008,Customer_1152,Male,18,Ludhiana,Punjab,North,Home & Kitchen,Cookware Set,1,3817.51,5.0,3626.63,Cash on Delivery,Delivered,585.38,3.4
ORD100811,2025-07-22,CUST1261,Customer_1690,Male,21,Chennai,Tamil Nadu,South,Home & Kitchen,Mixer Grinder,2,3333.49,5.0,6333.63,UPI,Delivered,1226.44,4.2
ORD100812,2025-12-04,CUST1674,Customer_1437,Male,30,Patna,Bihar,East,Home & Kitchen,Air Fryer,1,14026.67,25.0,10520.0,Net Banking,Delivered,935.18,3.9
ORD100813,2025-09-11,CUST1442,Customer_1685,Male,18,Lucknow,Uttar Pradesh,North,Electronics,Tablet,1,41064.22,20.0,32851.38,Net Banking,Delivered,4144.52,2.6
ORD100814,2025-03-23,CUST1640,Customer_1483,Female,23,Hyderabad,Telangana,South,Home & Kitchen,Cookware Set,1,4963.34,10.0,4467.01,UPI,Delivered,894.26,4.2
ORD100815,2025-08-21,CUST1245,Customer_1721,Male,36,Kochi,Kerala,South,Home & Kitchen,Bedsheet,1,1466.64,20.0,1173.31,Cash on Delivery,Delivered,174.36,3.5
ORD100816,2025-12-01,CUST1036,Customer_1311,Male,38,Bengaluru,Karnataka,South,Sports,Cricket Bat,1,3257.83,15.0,2769.16,UPI,Delivered,360.36,3.8
ORD100817,2025-01-07,CUST1242,Customer_1622,Male,37,Chennai,Tamil Nadu,South,Home & Kitchen,Air Fryer,3,8799.03,0.0,26397.09,UPI,Delivered,2616.96,4.8
ORD100818,2025-12-04,CUST1663,Customer_1717,Female,26,Panaji,Goa,West,Sports,Dumbbells,1,4599.56,10.0,4139.6,UPI,Delivered,396.7,4.1
ORD100819,2025-02-18,CUST1648,Customer_1191,Male,27,Mumbai,Maharashtra,West,Electronics,Laptop,2,41382.94,0.0,82765.88,Credit Card,Shipped,5643.07,3.0
ORD100820,2025-01-31,CUST1704,Customer_1361,Female,35,Ranchi,Jharkhand,East,Beauty,Makeup Kit,1,2811.77,15.0,2390.0,Cash on Delivery,Delivered,472.49,4.5
ORD100821,2025-11-11,CUST1018,Customer_1351,Female,29,New Delhi,Delhi,North,Fashion,Shoes,2,2155.09,10.0,3879.16,Debit Card,Cancelled,426.8,4.1
ORD100822,2025-06-14,CUST1705,Customer_1426,Male,38,Mumbai,Maharashtra,West,Sports,Yoga Mat,1,1375.86,20.0,1100.69,UPI,Delivered,171.12,4.4
ORD100823,2025-08-23,CUST1790,Customer_1387,Female,33,Kochi,Kerala,South,Home & Kitchen,Dining Set,1,4520.53,10.0,4068.48,UPI,Delivered,255.48,3.7
ORD100824,2025-05-22,CUST1046,Customer_1675,Female,27,Jaipur,Rajasthan,North,Fashion,T-Shirt,1,1007.91,5.0,957.51,Credit Card,Delivered,99.23,3.7
ORD100825,2025-06-08,CUST1287,Customer_1511,Female,36,Hyderabad,Telangana,South,Electronics,Smartphone,1,38886.12,0.0,38886.12,UPI,Delivered,7419.67,5.0
ORD100826,2025-10-22,CUST1120,Customer_1456,Male,49,Kolkata,West Bengal,East,Fashion,Backpack,2,1453.79,10.0,2616.82,Cash on Delivery,Delivered,526.77,3.4
ORD100827,2025-07-12,CUST1401,Customer_1109,Male,34,Chennai,Tamil Nadu,South,Beauty,Makeup Kit,1,1094.78,10.0,985.3,UPI,Cancelled,70.59,3.1
ORD100828,2025-12-19,CUST1701,Customer_1452,Male,47,Kochi,Kerala,South,Fashion,Jeans,4,2013.19,20.0,6442.21,Debit Card,Delivered,762.8,4.2
ORD100829,2025-02-06,CUST1576,Customer_1731,Female,28,Ludhiana,Punjab,North,Fashion,Jacket,2,5491.08,10.0,9883.94,UPI,Delivered,1118.51,4.2
ORD100830,2025-03-28,CUST1551,Customer_1393,Male,47,Patna,Bihar,East,Sports,Cricket Bat,2,3873.97,20.0,6198.35,Credit Card,Returned,636.99,4.3
ORD100831,2025-09-07,CUST1095,Customer_1017,Female,36,Kochi,Kerala,South,Electronics,Smartwatch,1,2596.04,15.0,2206.63,Debit Card,Delivered,251.16,3.8
ORD100832,2025-06-05,CUST1614,Customer_1013,Female,28,Chennai,Tamil Nadu,South,Home & Kitchen,Bedsheet,2,1135.14,10.0,2043.25,Net Banking,Delivered,445.59,4.2
ORD100833,2025-06-06,CUST1151,Customer_1697,Female,39,Hyderabad,Telangana,South,Fashion,Backpack,1,2306.04,20.0,1844.83,Credit Card,Shipped,324.07,4.1
ORD100834,2025-02-05,CUST1303,Customer_1438,Male,29,Patna,Bihar,East,Home & Kitchen,Dining Set,5,8316.97,20.0,33267.88,UPI,Delivered,5595.57,3.6
ORD100835,2025-11-19,CUST1583,Customer_1676,Male,52,Bengaluru,Karnataka,South,Sports,Football,4,1403.63,10.0,5053.07,Net Banking,Cancelled,443.95,4.0
ORD100836,2025-01-20,CUST1582,Customer_1520,Male,44,Ranchi,Jharkhand,East,Fashion,Backpack,3,2255.43,15.0,5751.35,Net Banking,Delivered,1238.98,4.3
ORD100837,2025-01-12,CUST1641,Customer_1434,Female,37,Ludhiana,Punjab,North,Electronics,Smartphone,1,37121.71,0.0,37121.71,Debit Card,Delivered,2661.23,5.0
ORD100838,2025-05-07,CUST1629,Customer_1072,Female,46,New Delhi,Delhi,North,Electronics,Smartphone,1,55663.62,10.0,50097.26,UPI,Delivered,4791.29,4.4
ORD100839,2025-07-28,CUST1248,Customer_1211,Female,28,Chennai,Tamil Nadu,South,Fashion,Backpack,1,3186.42,20.0,2549.14,UPI,Shipped,365.25,3.5
ORD100840,2025-06-12,CUST1242,Customer_1495,Female,33,Kolkata,West Bengal,East,Electronics,Laptop,1,48790.25,20.0,39032.2,UPI,Delivered,6807.88,4.4
ORD100841,2025-10-25,CUST1241,Customer_1030,Male,36,Panaji,Goa,West,Sports,Running Shoes,1,7587.85,15.0,6449.67,UPI,Delivered,661.27,4.0
ORD100842,2025-12-21,CUST1390,Customer_1416,Female,32,Hyderabad,Telangana,South,Fashion,T-Shirt,2,1712.85,5.0,3254.41,Net Banking,Shipped,240.95,3.8
ORD100843,2025-10-15,CUST1676,Customer_1412,Male,32,Ranchi,Jharkhand,East,Fashion,Jeans,1,1004.84,0.0,1004.84,Credit Card,Cancelled,71.76,3.2
ORD100844,2025-04-28,CUST1184,Customer_1191,Female,21,Mumbai,Maharashtra,West,Sports,Running Shoes,2,5112.75,10.0,9202.95,Debit Card,Delivered,2004.3,2.9
ORD100845,2025-02-19,CUST1285,Customer_1223,Male,20,Ludhiana,Punjab,North,Electronics,Smartphone,1,40056.32,25.0,30042.24,UPI,Delivered,5465.81,4.7
ORD100846,2025-07-28,CUST1643,Customer_1509,Female,39,Kochi,Kerala,South,Beauty,Moisturizer,1,365.39,5.0,347.12,UPI,Cancelled,59.47,4.1
ORD100847,2025-12-17,CUST1009,Customer_1350,Male,18,New Delhi,Delhi,North,Beauty,Face Wash,1,605.1,10.0,544.59,UPI,Cancelled,39.67,2.8
ORD100848,2025-05-17,CUST1029,Customer_1543,Female,22,Kochi,Kerala,South,Fashion,Jeans,1,2098.56,15.0,1783.78,UPI,Delivered,371.88,4.8
ORD100849,2025-11-08,CUST1407,Customer_1609,Female,34,Kochi,Kerala,South,Sports,Dumbbells,2,2197.64,10.0,3955.75,Credit Card,Shipped,613.56,4.0
ORD100850,2025-07-08,CUST1476,Customer_1323,Female,18,Ranchi,Jharkhand,East,Electronics,Smartphone,1,41116.9,15.0,34949.36,UPI,Delivered,3015.7,3.5
ORD100851,2025-10-01,CUST1021,Customer_1275,Male,33,Jaipur,Rajasthan,North,Sports,Dumbbells,1,2886.04,10.0,2597.44,Debit Card,Delivered,446.3,4.9
ORD100852,2025-01-15,CUST1050,Customer_1304,Female,44,Patna,Bihar,East,Home & Kitchen,Air Fryer,1,14938.74,0.0,14938.74,Cash on Delivery,Delivered,1284.19,3.8
ORD100853,2025-12-31,CUST1279,Customer_1758,Male,26,Jaipur,Rajasthan,North,Electronics,Smartwatch,3,12828.14,20.0,30787.54,Net Banking,Shipped,4355.8,3.1
ORD100854,2025-02-03,CUST1304,Customer_1467,Female,42,Ranchi,Jharkhand,East,Home & Kitchen,Mixer Grinder,4,5843.09,15.0,19866.51,Cash on Delivery,Delivered,4257.82,4.7
ORD100855,2025-04-18,CUST1176,Customer_1320,Male,19,Chennai,Tamil Nadu,South,Electronics,Tablet,5,38767.41,15.0,164761.49,UPI,Delivered,12381.77,3.6
ORD100856,2025-05-25,CUST1732,Customer_1350,Male,36,Patna,Bihar,East,Beauty,Moisturizer,2,401.89,15.0,683.21,UPI,Delivered,150.0,5.0
ORD100857,2025-06-29,CUST1264,Customer_1695,Female,35,Gurugram,Haryana,North,Sports,Dumbbells,4,2060.81,15.0,7006.75,Credit Card,Delivered,907.03,3.4
ORD100858,2025-03-31,CUST1455,Customer_1238,Female,35,Ranchi,Jharkhand,East,Electronics,Smartwatch,1,12163.81,20.0,9731.05,UPI,Delivered,1036.13,3.8
ORD100859,2025-06-02,CUST1776,Customer_1074,Female,31,Patna,Bihar,East,Fashion,Jeans,1,2136.25,15.0,1815.81,Credit Card,Cancelled,136.06,
ORD100860,2025-03-11,CUST1318,Customer_1376,Female,35,Ludhiana,Punjab,North,Home & Kitchen,Bedsheet,4,2496.59,10.0,8987.72,Debit Card,Shipped,1350.8,2.5
ORD100861,2025-03-08,CUST1570,Customer_1793,Male,27,New Delhi,Delhi,North,Home & Kitchen,Air Fryer,1,10916.2,15.0,9278.77,UPI,Delivered,2021.9,4.2
ORD100862,2025-10-16,CUST1340,Customer_1502,Male,30,Lucknow,Uttar Pradesh,North,Sports,Cricket Bat,1,1201.07,15.0,1020.91,Debit Card,Delivered,79.4,4.8
ORD100863,2025-08-17,CUST1781,Customer_1637,Male,28,Ranchi,Jharkhand,East,Fashion,Shoes,2,5943.68,15.0,10104.26,Credit Card,Delivered,1678.22,2.9
ORD100864,2025-02-27,CUST1786,Customer_1108,Male,18,Ludhiana,Punjab,North,Beauty,Moisturizer,4,1204.96,5.0,4578.85,UPI,Delivered,948.45,3.4
ORD100865,2025-06-24,CUST1311,Customer_1274,Male,26,Patna,Bihar,East,Home & Kitchen,Cookware Set,5,3635.35,20.0,14541.4,Debit Card,Delivered,882.09,4.4
ORD100866,2025-04-01,CUST1481,Customer_1637,Female,42,Patna,Bihar,East,Electronics,Tablet,2,45835.15,20.0,73336.24,Net Banking,Cancelled,7658.83,3.6
ORD100867,2025-01-03,CUST1068,Customer_1246,Male,23,Kolkata,West Bengal,East,Beauty,Shampoo,2,268.75,0.0,537.5,Debit Card,Returned,104.87,3.7
ORD100868,2025-11-26,CUST1561,Customer_1626,Female,22,Kochi,Kerala,South,Fashion,Jeans,1,2743.29,0.0,2743.29,UPI,Delivered,277.73,3.6
ORD100869,2025-10-03,CUST1795,Customer_1776,Female,29,New Delhi,Delhi,North,Home & Kitchen,Bedsheet,1,1260.1,5.0,1197.09,Credit Card,Delivered,72.54,4.8
ORD100870,2025-09-20,CUST1360,Customer_1518,Male,28,Jaipur,Rajasthan,North,Sports,Running Shoes,2,7783.04,15.0,13231.17,Net Banking,Delivered,1653.13,4.0
ORD100871,2025-09-01,CUST1581,Customer_1607,Male,25,Kochi,Kerala,South,Sports,Cricket Bat,3,4795.06,20.0,11508.14,Cash on Delivery,Returned,1479.95,4.2
ORD100872,2025-12-04,CUST1016,Customer_1639,Male,27,Lucknow,Uttar Pradesh,North,Fashion,Jeans,1,2810.91,20.0,2248.73,Net Banking,Delivered,253.3,4.4
ORD100873,2025-06-04,CUST1486,Customer_1432,Male,18,Lucknow,Uttar Pradesh,North,Fashion,Jacket,1,3024.06,15.0,2570.45,UPI,Shipped,377.92,5.0
ORD100874,2025-09-16,CUST1249,Customer_1074,Female,18,Ahmedabad,Gujarat,West,Beauty,Perfume,1,3823.7,0.0,3823.7,UPI,Delivered,471.71,4.9
ORD100875,2025-03-14,CUST1115,Customer_1051,Female,31,Ludhiana,Punjab,North,Fashion,Jeans,1,1160.15,10.0,1044.14,UPI,Delivered,221.74,5.0
ORD100876,2025-08-30,CUST1360,Customer_1329,Male,18,Mumbai,Maharashtra,West,Fashion,T-Shirt,4,966.04,20.0,3091.33,Debit Card,Delivered,279.14,3.3
ORD100877,2025-02-14,CUST1777,Customer_1774,Female,20,Ahmedabad,Gujarat,West,Home & Kitchen,Mixer Grinder,1,2952.87,10.0,2657.58,Debit Card,Delivered,266.84,3.6
ORD100878,2025-05-22,CUST1136,Customer_1591,Female,19,Gurugram,Haryana,North,Beauty,Makeup Kit,1,1855.63,0.0,1855.63,Net Banking,Delivered,119.94,3.1
ORD100879,2025-04-30,CUST1584,Customer_1219,Female,30,Chennai,Tamil Nadu,South,Electronics,Tablet,1,43162.26,25.0,32371.69,Credit Card,Shipped,2339.15,4.0
ORD100880,2025-06-01,CUST1056,Customer_1702,Male,27,Mumbai,Maharashtra,West,Sports,Running Shoes,1,3198.33,10.0,2878.5,Debit Card,Delivered,439.23,4.2
ORD100881,2025-05-20,CUST1594,Customer_1570,Male,26,Hyderabad,Telangana,South,Electronics,Laptop,3,68852.97,0.0,206558.91,UPI,Delivered,31805.39,4.4
ORD100882,2025-07-26,CUST1194,Customer_1047,Male,27,Ranchi,Jharkhand,East,Home & Kitchen,Cookware Set,1,5975.03,10.0,5377.53,Credit Card,Delivered,576.01,2.9
ORD100883,2025-02-07,CUST1568,Customer_1319,Male,18,Ahmedabad,Gujarat,West,Fashion,T-Shirt,2,1605.2,15.0,2728.84,UPI,Returned,405.35,4.2
ORD100884,2025-11-10,CUST1293,Customer_1049,Male,31,Kochi,Kerala,South,Home & Kitchen,Air Fryer,1,7057.14,20.0,5645.71,Net Banking,Cancelled,835.55,3.7
ORD100885,2025-06-14,CUST1640,Customer_1557,Male,48,Bengaluru,Karnataka,South,Home & Kitchen,Dining Set,4,12243.12,5.0,46523.86,Debit Card,Delivered,6138.77,3.0
ORD100886,2025-03-14,CUST1010,Customer_1573,Male,18,Jaipur,Rajasthan,North,Beauty,Makeup Kit,2,2379.71,25.0,3569.57,UPI,Delivered,775.72,4.7
ORD100887,2025-02-10,CUST1473,Customer_1115,Female,30,Mumbai,Maharashtra,West,Home & Kitchen,Mixer Grinder,1,4680.6,0.0,4680.6,UPI,Delivered,692.95,3.0
ORD100888,2025-10-08,CUST1516,Customer_1127,Male,33,Ludhiana,Punjab,North,Fashion,Jacket,5,1962.75,0.0,9813.75,Credit Card,Delivered,1932.29,4.2
ORD100889,2025-07-01,CUST1366,Customer_1516,Male,36,Panaji,Goa,West,Home & Kitchen,Bedsheet,1,618.74,15.0,525.93,Credit Card,Shipped,58.71,4.8
ORD100890,2025-10-05,CUST1598,Customer_1538,Female,27,Bhubaneswar,Odisha,East,Sports,Dumbbells,1,965.44,10.0,868.9,UPI,Cancelled,137.03,4.2
ORD100891,2025-02-05,CUST1500,Customer_1167,Female,44,Mumbai,Maharashtra,West,Home & Kitchen,Bedsheet,2,1534.0,10.0,2761.2,UPI,Delivered,602.99,3.5
ORD100892,2025-10-01,CUST1659,Customer_1332,Other,18,New Delhi,Delhi,North,Beauty,Shampoo,1,493.6,20.0,394.88,Credit Card,Cancelled,54.72,2.9
ORD100893,2025-04-16,CUST1519,Customer_1542,Male,28,Mumbai,Maharashtra,West,Home & Kitchen,Bedsheet,4,1013.75,15.0,3446.75,UPI,Delivered,545.68,4.3
ORD100894,2025-05-08,CUST1343,Customer_1594,Male,35,Chennai,Tamil Nadu,South,Electronics,Tablet,2,19637.01,15.0,33382.92,Debit Card,Delivered,6188.94,4.0
ORD100895,2025-05-01,CUST1024,Customer_1211,Male,29,Mumbai,Maharashtra,West,Electronics,Smartphone,1,40029.69,15.0,34025.24,Cash on Delivery,Shipped,2858.96,4.2
ORD100896,2025-05-18,CUST1617,Customer_1512,Female,29,Ranchi,Jharkhand,East,Electronics,Laptop,4,62318.84,10.0,224347.82,Credit Card,Delivered,30807.4,4.1
ORD100897,2025-10-04,CUST1773,Customer_1341,Male,32,Ludhiana,Punjab,North,Fashion,Jacket,3,3099.52,5.0,8833.63,Credit Card,Delivered,1718.51,3.6
ORD100898,2025-08-04,CUST1561,Customer_1604,Female,34,Patna,Bihar,East,Sports,Football,1,2370.14,0.0,2370.14,Debit Card,Delivered,240.71,4.5
ORD100899,2025-02-17,CUST1317,Customer_1209,Male,25,Chennai,Tamil Nadu,South,Sports,Cricket Bat,2,6212.2,0.0,12424.4,Credit Card,Delivered,1263.51,4.3
ORD100900,2025-02-18,CUST1658,Customer_1637,Female,28,Bhubaneswar,Odisha,East,Electronics,Smartwatch,1,2865.19,0.0,2865.19,Credit Card,Delivered,434.65,4.2
ORD100901,2025-04-24,CUST1533,Customer_1148,Male,39,Ranchi,Jharkhand,East,Sports,Dumbbells,2,1922.85,15.0,3268.84,Credit Card,Delivered,711.81,4.4
ORD100902,2025-09-25,CUST1229,Customer_1631,Female,25,Panaji,Goa,West,Fashion,Jacket,1,4273.33,5.0,4059.66,Credit Card,Delivered,618.16,3.7
ORD100903,2025-04-01,CUST1645,Customer_1123,Male,33,Kolkata,West Bengal,East,Beauty,Moisturizer,1,1394.87,20.0,1115.9,Cash on Delivery,Delivered,240.15,5.0
ORD100904,2025-02-10,CUST1147,Customer_1246,Female,19,Mumbai,Maharashtra,West,Electronics,Smartphone,1,22729.68,5.0,21593.2,UPI,Delivered,4263.96,3.2
ORD100905,2025-09-10,CUST1197,Customer_1642,Male,27,Ahmedabad,Gujarat,West,Fashion,Jeans,2,1344.21,10.0,2419.58,Net Banking,Delivered,170.0,4.4
ORD100906,2025-11-21,CUST1258,Customer_1528,Female,39,Lucknow,Uttar Pradesh,North,Fashion,Jacket,1,4730.91,5.0,4494.36,Cash on Delivery,Delivered,489.75,3.0
ORD100907,2025-12-02,CUST1050,Customer_1085,Other,27,Patna,Bihar,East,Sports,Dumbbells,1,2968.63,15.0,2523.34,Credit Card,Delivered,326.07,4.6
ORD100908,2025-07-15,CUST1453,Customer_1553,Female,28,Hyderabad,Telangana,South,Electronics,Headphones,1,808.67,15.0,687.37,UPI,Delivered,62.03,4.0
ORD100909,2025-10-15,CUST1774,Customer_1350,Female,32,Jaipur,Rajasthan,North,Fashion,Jacket,1,5501.52,15.0,4676.29,Credit Card,Shipped,742.02,3.0
ORD100910,2025-01-11,CUST1539,Customer_1083,Male,38,Panaji,Goa,West,Fashion,Backpack,5,1546.91,15.0,6574.37,Debit Card,Delivered,1005.86,2.2
ORD100911,2025-08-29,CUST1520,Customer_1584,Female,42,Gurugram,Haryana,North,Home & Kitchen,Bedsheet,1,1995.62,5.0,1895.84,UPI,Delivered,407.17,3.6
ORD100912,2025-09-16,CUST1243,Customer_1096,Male,18,Kolkata,West Bengal,East,Fashion,Backpack,3,3262.21,15.0,8318.64,Debit Card,Delivered,1593.75,4.6
ORD100913,2025-02-17,CUST1592,Customer_1376,Male,30,Hyderabad,Telangana,South,Home & Kitchen,Air Fryer,1,10881.12,10.0,9793.01,Credit Card,Delivered,1018.75,2.9
ORD100914,2025-05-11,CUST1216,Customer_1606,Female,28,Ludhiana,Punjab,North,Fashion,Jacket,2,5711.1,15.0,9708.87,UPI,Delivered,818.64,3.3
ORD100915,2025-09-03,CUST1073,Customer_1150,Female,34,Panaji,Goa,West,Sports,Dumbbells,3,4750.67,5.0,13539.41,Cash on Delivery,Delivered,1483.43,3.3
ORD100916,2025-06-18,CUST1329,Customer_1426,Male,18,Hyderabad,Telangana,South,Beauty,Perfume,1,1447.98,20.0,1158.38,Cash on Delivery,Delivered,122.2,4.3
ORD100917,2025-06-10,CUST1308,Customer_1146,Male,20,Kolkata,West Bengal,East,Electronics,Laptop,2,85437.51,10.0,153787.52,UPI,Delivered,13652.5,3.8
ORD100918,2025-07-08,CUST1043,Customer_1029,Female,25,Bhubaneswar,Odisha,East,Electronics,Smartphone,2,49301.48,10.0,88742.66,UPI,Delivered,10245.56,4.6
ORD100919,2025-06-12,CUST1560,Customer_1399,Female,34,Jaipur,Rajasthan,North,Electronics,Laptop,1,83574.11,5.0,79395.4,Credit Card,Delivered,7593.82,4.6
ORD100920,2025-09-06,CUST1521,Customer_1034,Female,21,Mumbai,Maharashtra,West,Fashion,Jacket,1,4161.88,15.0,3537.6,UPI,Delivered,503.72,4.3
ORD100921,2025-02-19,CUST1515,Customer_1744,Male,30,Kochi,Kerala,South,Electronics,Smartphone,2,53297.78,5.0,101265.78,UPI,Delivered,20286.0,3.2
ORD100922,2025-01-25,CUST1553,Customer_1069,Male,21,Bhubaneswar,Odisha,East,Fashion,Jeans,1,2461.91,15.0,2092.62,Cash on Delivery,Cancelled,145.12,4.1
ORD100923,2025-04-15,CUST1787,Customer_1322,Female,35,Jaipur,Rajasthan,North,Home & Kitchen,Bedsheet,1,1122.72,10.0,1010.45,Credit Card,Delivered,162.24,4.3
ORD100924,2025-07-19,CUST1686,Customer_1335,Female,38,Jaipur,Rajasthan,North,Home & Kitchen,Bedsheet,1,1047.75,20.0,838.2,UPI,Delivered,83.62,4.8
ORD100925,2025-06-14,CUST1733,Customer_1581,Female,36,Jaipur,Rajasthan,North,Electronics,Tablet,2,31533.63,10.0,56760.53,Debit Card,Delivered,10037.04,4.8
ORD100926,2025-12-29,CUST1477,Customer_1498,Male,29,Ludhiana,Punjab,North,Home & Kitchen,Dining Set,2,12558.28,5.0,23860.73,UPI,Delivered,2867.67,4.3
ORD100927,2025-09-27,CUST1595,Customer_1636,Male,37,Panaji,Goa,West,Home & Kitchen,Air Fryer,1,9969.71,15.0,8474.25,Credit Card,Returned,557.61,4.2
ORD100928,2025-01-17,CUST1685,Customer_1613,Female,36,Ahmedabad,Gujarat,West,Electronics,Tablet,1,37612.99,10.0,33851.69,Debit Card,Delivered,5057.3,3.9
ORD100929,2025-07-14,CUST1292,Customer_1261,Female,30,Mumbai,Maharashtra,West,Home & Kitchen,Air Fryer,2,5106.44,10.0,9191.59,Cash on Delivery,Delivered,1297.47,3.3
ORD100930,2025-02-21,CUST1582,Customer_1708,Male,19,Mumbai,Maharashtra,West,Electronics,Smartphone,3,69940.57,5.0,199330.62,UPI,Delivered,16707.31,4.4
ORD100931,2025-02-18,CUST1783,Customer_1467,Male,44,Bhubaneswar,Odisha,East,Electronics,Tablet,2,48469.35,10.0,87244.83,Credit Card,Delivered,12534.75,2.6
ORD100932,2025-12-24,CUST1783,Customer_1199,Male,31,Jaipur,Rajasthan,North,Fashion,T-Shirt,1,1627.59,10.0,1464.83,Debit Card,Delivered,166.22,3.4
ORD100933,2025-06-10,CUST1346,Customer_1476,Female,44,Panaji,Goa,West,Electronics,Tablet,3,28169.22,0.0,84507.66,Cash on Delivery,Delivered,12599.4,3.5
ORD100934,2025-11-10,CUST1127,Customer_1202,Female,18,New Delhi,Delhi,North,Home & Kitchen,Dining Set,3,11741.66,10.0,31702.48,UPI,Delivered,2480.09,4.2
ORD100935,2025-01-03,CUST1207,Customer_1394,Female,18,Hyderabad,Telangana,South,Electronics,Laptop,1,58393.4,10.0,52554.06,UPI,Delivered,10484.55,5.0
ORD100936,2025-03-17,CUST1649,Customer_1650,Female,28,Panaji,Goa,West,Sports,Football,3,1954.97,15.0,4985.17,Credit Card,Delivered,559.01,4.3
ORD100937,2025-03-03,CUST1023,Customer_1044,Female,36,Kochi,Kerala,South,Electronics,Headphones,2,5448.35,15.0,9262.19,UPI,Delivered,1916.33,2.4
ORD100938,2025-02-28,CUST1438,Customer_1428,Female,29,Ludhiana,Punjab,North,Fashion,Shoes,2,3163.19,15.0,5377.42,UPI,Delivered,940.16,5.0
ORD100939,2025-07-24,CUST1740,Customer_1070,Male,21,Bengaluru,Karnataka,South,Electronics,Smartwatch,3,10889.31,10.0,29401.14,Net Banking,Delivered,2654.49,4.4
ORD100940,2025-10-29,CUST1002,Customer_1119,Other,28,Ahmedabad,Gujarat,West,Electronics,Headphones,1,998.93,20.0,799.14,Credit Card,Delivered,73.45,4.5
ORD100941,2025-10-14,CUST1723,Customer_1020,Female,33,,Delhi,North,Sports,Cricket Bat,1,5502.08,0.0,5502.08,UPI,Delivered,588.3,3.4
ORD100942,2025-09-14,CUST1034,Customer_1019,Male,30,Lucknow,Uttar Pradesh,North,Sports,Yoga Mat,4,1536.82,0.0,6147.28,Debit Card,Shipped,477.3,3.9
ORD100943,2025-08-22,CUST1688,Customer_1392,Female,42,Ahmedabad,Gujarat,West,Fashion,T-Shirt,1,731.29,20.0,585.03,Debit Card,Delivered,111.81,4.4
ORD100944,2025-11-26,CUST1658,Customer_1107,Female,32,Kochi,Kerala,South,Beauty,Makeup Kit,2,2067.11,25.0,3100.66,Credit Card,Delivered,474.83,4.3
ORD100945,2025-05-17,CUST1455,Customer_1355,Male,35,Kochi,Kerala,South,Electronics,Headphones,2,2674.04,10.0,4813.27,Credit Card,Delivered,519.38,3.8
ORD100946,2025-06-19,CUST1128,Customer_1174,Female,48,Ludhiana,Punjab,North,Home & Kitchen,Mixer Grinder,3,5269.01,15.0,13435.98,UPI,Cancelled,1186.82,3.3
ORD100947,2025-10-09,CUST1191,Customer_1461,Female,27,Mumbai,Maharashtra,West,Home & Kitchen,Bedsheet,1,1190.63,10.0,1071.57,UPI,Returned,135.93,3.3
ORD100948,2025-08-16,CUST1509,Customer_1799,Female,41,Bhubaneswar,Odisha,East,Fashion,Jeans,2,1747.84,20.0,2796.54,Cash on Delivery,Delivered,248.81,5.0
ORD100949,2025-04-03,CUST1407,Customer_1732,Male,24,Ahmedabad,Gujarat,West,Home & Kitchen,Dining Set,2,7180.68,0.0,14361.36,UPI,Returned,1649.68,3.6
ORD100950,2025-03-25,CUST1437,Customer_1207,Male,34,Kolkata,West Bengal,East,Sports,Running Shoes,5,1890.67,10.0,8508.02,UPI,Delivered,1093.99,3.6
ORD100951,2025-04-10,CUST1650,Customer_1680,Male,32,Gurugram,Haryana,North,Beauty,Shampoo,1,802.7,10.0,722.43,Debit Card,Cancelled,81.6,2.9
ORD100952,2025-01-21,CUST1254,Customer_1064,Male,31,Lucknow,Uttar Pradesh,North,Electronics,Headphones,1,7040.87,10.0,6336.78,UPI,Delivered,1317.93,4.6
ORD100953,2025-06-04,CUST1079,Customer_1482,Female,20,Mumbai,Maharashtra,West,Fashion,T-Shirt,1,1045.78,10.0,941.2,Cash on Delivery,Delivered,107.8,5.0
ORD100954,2025-11-10,CUST1753,Customer_1245,Female,29,Panaji,Goa,West,Home & Kitchen,Mixer Grinder,1,5994.72,10.0,5395.25,Net Banking,Delivered,792.88,3.9
ORD100955,2025-11-06,CUST1133,Customer_1163,Female,43,Kochi,Kerala,South,Sports,Football,3,2314.63,15.0,5902.31,Credit Card,Delivered,626.89,5.0
ORD100956,2025-10-21,CUST1448,Customer_1495,Male,26,New Delhi,Delhi,North,Fashion,T-Shirt,1,1781.08,10.0,1602.97,Credit Card,Delivered,174.59,3.9
ORD100957,2025-08-06,CUST1275,Customer_1052,Male,18,Bhubaneswar,Odisha,East,Beauty,Moisturizer,1,1063.67,10.0,957.3,UPI,Delivered,183.79,4.1
ORD100958,2025-01-06,CUST1783,Customer_1401,Female,35,Chennai,Tamil Nadu,South,Sports,Yoga Mat,1,1472.7,5.0,1399.07,Debit Card,Delivered,128.51,3.7
ORD100959,2025-01-30,CUST1009,Customer_1170,Male,35,Chennai,Tamil Nadu,South,Electronics,Smartphone,1,61002.39,15.0,51852.03,Credit Card,Delivered,4319.75,2.8
ORD100960,2025-08-19,CUST1637,Customer_1112,Female,32,Lucknow,Uttar Pradesh,North,Electronics,Smartwatch,1,6069.26,10.0,5462.33,UPI,Delivered,624.17,4.1
ORD100961,2025-10-26,CUST1797,Customer_1266,Male,30,Bhubaneswar,Odisha,East,Fashion,Shoes,1,2869.35,5.0,2725.88,Cash on Delivery,Shipped,462.22,3.7
ORD100962,2025-05-01,CUST1346,Customer_1724,Male,45,Bhubaneswar,Odisha,East,Electronics,Laptop,2,73000.63,10.0,131401.13,UPI,Delivered,25839.04,4.5
ORD100963,2025-11-07,CUST1375,Customer_1632,Male,45,Panaji,Goa,West,Sports,Dumbbells,4,4260.0,15.0,14484.0,UPI,Delivered,1013.71,4.3
ORD100964,2025-05-04,CUST1640,Customer_1213,Female,24,Kolkata,West Bengal,East,Fashion,T-Shirt,1,1049.98,0.0,1049.98,UPI,Delivered,86.68,3.4
ORD100965,2025-08-16,CUST1291,Customer_1422,Female,29,Lucknow,Uttar Pradesh,North,Fashion,Shoes,2,2826.67,15.0,4805.34,Credit Card,Delivered,1001.6,3.3
ORD100966,2025-01-06,CUST1197,Customer_1098,Male,28,Ahmedabad,Gujarat,West,Fashion,Backpack,3,3328.9,15.0,8488.69,Net Banking,Delivered,1760.55,4.1
ORD100967,2025-12-13,CUST1571,Customer_1308,Male,32,Chennai,Tamil Nadu,South,Fashion,Jacket,1,3138.28,15.0,2667.54,UPI,Delivered,350.86,4.9
ORD100968,2025-05-08,CUST1333,Customer_1024,Male,34,Ahmedabad,Gujarat,West,Home & Kitchen,Air Fryer,1,8466.84,20.0,6773.47,UPI,Shipped,441.26,4.9
ORD100969,2025-07-13,CUST1198,Customer_1349,Male,27,Ahmedabad,Gujarat,West,Beauty,Makeup Kit,2,2211.1,10.0,3979.98,Cash on Delivery,Delivered,811.5,4.4
ORD100970,2025-10-17,CUST1351,Customer_1599,Male,18,Chennai,Tamil Nadu,South,Fashion,Jeans,2,1288.85,15.0,2191.04,Credit Card,Delivered,192.39,2.5
ORD100971,2025-10-19,CUST1250,Customer_1505,Male,44,Gurugram,Haryana,North,Sports,Yoga Mat,2,1321.35,5.0,2510.56,Debit Card,Delivered,395.55,4.2
ORD100972,2025-09-08,CUST1123,Customer_1325,Female,32,New Delhi,Delhi,North,Sports,Running Shoes,2,3041.79,0.0,6083.58,Net Banking,Delivered,1071.96,4.3
ORD100973,2025-05-18,CUST1406,Customer_1744,Female,35,Jaipur,Rajasthan,North,Sports,Yoga Mat,3,1192.99,15.0,3042.12,Cash on Delivery,Delivered,310.27,4.6
ORD100974,2025-07-17,CUST1032,Customer_1648,Female,41,Kolkata,West Bengal,East,Fashion,T-Shirt,1,929.44,15.0,790.02,Cash on Delivery,Delivered,162.79,3.5
ORD100975,2025-04-29,CUST1651,Customer_1672,Female,35,Chennai,Tamil Nadu,South,Home & Kitchen,Cookware Set,3,2866.22,10.0,7738.79,Credit Card,Delivered,1495.56,3.6
ORD100976,2025-06-11,CUST1604,Customer_1174,Male,31,Jaipur,Rajasthan,North,Home & Kitchen,Bedsheet,1,1100.12,10.0,990.11,Credit Card,Returned,67.64,3.9
ORD100977,2025-11-22,CUST1590,Customer_1067,Female,18,Panaji,Goa,West,Fashion,Jeans,2,1303.43,15.0,2215.83,Net Banking,Returned,145.12,4.0
ORD100978,2025-06-26,CUST1204,Customer_1646,Male,37,Mumbai,Maharashtra,West,Home & Kitchen,Bedsheet,2,2252.6,20.0,3604.16,UPI,Delivered,235.75,4.0
ORD100979,2025-04-28,CUST1423,Customer_1556,Male,22,Panaji,Goa,West,Home & Kitchen,Cookware Set,1,7565.91,10.0,6809.32,UPI,Shipped,1276.17,4.3
ORD100980,2025-03-21,CUST1563,Customer_1458,Male,31,Jaipur,Rajasthan,North,Electronics,Smartwatch,4,14544.43,25.0,43633.29,UPI,Shipped,2891.14,3.0
ORD100981,2025-02-11,CUST1389,Customer_1081,Female,26,Gurugram,Haryana,North,Home & Kitchen,Dining Set,1,16813.53,10.0,15132.18,UPI,Shipped,1861.08,4.6
ORD100982,2025-03-28,CUST1019,Customer_1046,Male,40,Chennai,Tamil Nadu,South,Beauty,Perfume,3,1642.49,15.0,4188.35,UPI,Delivered,641.69,3.9
ORD100983,2025-12-07,CUST1462,Customer_1117,Male,36,New Delhi,Delhi,North,Home & Kitchen,Cookware Set,1,6505.72,0.0,6505.72,Credit Card,Delivered,926.17,3.6
ORD100984,2025-12-09,CUST1700,Customer_1635,Female,36,Ahmedabad,Gujarat,West,Fashion,Jeans,1,962.54,20.0,770.03,Credit Card,Delivered,111.1,4.0
ORD100985,2025-08-28,CUST1475,Customer_1023,Female,29,Panaji,Goa,West,Sports,Yoga Mat,5,1217.87,10.0,5480.41,Cash on Delivery,Shipped,1122.89,4.7
ORD100986,2025-09-06,CUST1614,Customer_1595,Female,33,Bengaluru,Karnataka,South,Sports,Cricket Bat,1,1590.48,15.0,1351.91,UPI,Delivered,204.43,3.5
ORD100987,2025-10-16,CUST1212,Customer_1689,Female,27,Patna,Bihar,East,Fashion,Shoes,3,3091.21,5.0,8809.95,UPI,Delivered,1218.27,3.0
ORD100988,2025-11-28,CUST1648,Customer_1182,Female,33,Hyderabad,Telangana,South,Electronics,Laptop,3,72055.95,15.0,183742.67,Credit Card,Delivered,12445.67,4.8
ORD100989,2025-01-15,CUST1747,Customer_1212,Male,46,Ludhiana,Punjab,North,Sports,Yoga Mat,1,1848.05,0.0,1848.05,Debit Card,Delivered,245.14,4.4
ORD100990,2025-01-29,CUST1669,Customer_1279,Male,31,Lucknow,Uttar Pradesh,North,Home & Kitchen,Bedsheet,3,1282.03,10.0,3461.48,UPI,Delivered,510.49,4.0
ORD100991,2025-07-18,CUST1391,Customer_1649,Female,28,Ludhiana,Punjab,North,Electronics,Tablet,1,22826.53,20.0,18261.22,UPI,Delivered,3612.99,5.0
ORD100992,2025-09-26,CUST1645,Customer_1562,Female,26,Chennai,Tamil Nadu,South,Sports,Football,1,2243.68,0.0,2243.68,UPI,Delivered,326.41,4.1
ORD100993,2025-06-26,CUST1261,Customer_1799,Female,25,Bhubaneswar,Odisha,East,Sports,Football,1,2078.68,0.0,2078.68,Credit Card,Delivered,439.64,4.0
ORD100994,2025-06-07,CUST1272,Customer_1238,Female,47,New Delhi,Delhi,North,Electronics,Smartwatch,1,13519.24,25.0,10139.43,Cash on Delivery,Delivered,1410.23,2.9
ORD100995,2025-10-28,CUST1438,Customer_1100,Female,21,Mumbai,Maharashtra,West,Fashion,Shoes,3,1792.83,5.0,5109.57,Credit Card,Delivered,1011.3,3.5
ORD100996,2025-06-07,CUST1408,Customer_1194,Male,31,Panaji,Goa,West,Electronics,Laptop,1,42477.14,10.0,38229.43,Debit Card,Shipped,3122.83,4.5
ORD100997,2025-04-08,CUST1482,Customer_1499,Male,32,New Delhi,Delhi,North,Home & Kitchen,Air Fryer,1,13465.78,5.0,12792.49,Debit Card,Delivered,1434.27,4.4
ORD100998,2025-01-31,CUST1709,Customer_1744,Female,43,Patna,Bihar,East,Electronics,Smartphone,4,18496.15,10.0,66586.14,Credit Card,Delivered,7001.05,4.0
ORD100999,2025-09-30,CUST1290,Customer_1483,Female,36,New Delhi,Delhi,North,Electronics,Tablet,3,47631.92,10.0,128606.18,UPI,Delivered,19419.93,4.5
ORD101000,2025-11-18,CUST1375,Customer_1112,Female,26,New Delhi,Delhi,North,Electronics,Laptop,2,48794.23,5.0,92709.04,Debit Card,Delivered,14890.71,4.2
ORD101001,2025-02-22,CUST1368,Customer_1555,Male,40,Lucknow,Uttar Pradesh,North,Electronics,Smartphone,1,45803.46,10.0,41223.11,Credit Card,Delivered,8341.96,4.2
ORD101002,2025-01-09,CUST1420,Customer_1029,Male,41,Ranchi,Jharkhand,East,Sports,Football,3,805.68,5.0,2296.19,Cash on Delivery,Delivered,487.1,3.8
ORD101003,2025-02-15,CUST1049,Customer_1449,Female,28,Kochi,Kerala,South,Electronics,Smartphone,1,59009.2,10.0,53108.28,Debit Card,Returned,7939.0,3.8
ORD101004,2025-02-27,CUST1424,Customer_1469,Female,25,Panaji,Goa,West,Beauty,Shampoo,1,403.11,10.0,362.8,UPI,Shipped,29.37,4.3
ORD101005,2025-10-02,CUST1427,Customer_1709,Female,27,Ahmedabad,Gujarat,West,Sports,Dumbbells,1,1684.53,5.0,1600.3,UPI,Delivered,226.48,3.1
ORD101006,2025-02-07,CUST1363,Customer_1621,Female,25,Kolkata,West Bengal,East,Sports,Dumbbells,1,4086.25,,3881.94,UPI,Delivered,632.4,4.6
ORD101007,2025-09-22,CUST1458,Customer_1212,Female,31,Kochi,Kerala,South,Fashion,Shoes,3,5326.43,5.0,15180.33,Debit Card,Delivered,2018.54,3.2
ORD101008,2025-08-09,CUST1699,Customer_1562,Female,31,Bengaluru,Karnataka,South,Beauty,Shampoo,2,366.6,25.0,549.9,Debit Card,Shipped,43.81,4.5
ORD101009,2025-02-18,CUST1227,Customer_1581,Male,48,Lucknow,Uttar Pradesh,North,Fashion,Shoes,2,4576.77,5.0,8695.86,Debit Card,Delivered,590.01,4.1
ORD101010,2025-01-31,CUST1293,Customer_1620,Male,28,Ranchi,Jharkhand,East,Fashion,Backpack,2,2453.02,10.0,4415.44,Net Banking,Delivered,946.5,3.9
ORD101011,2025-03-18,CUST1571,Customer_1229,Female,21,Ahmedabad,Gujarat,West,Fashion,T-Shirt,1,1267.57,5.0,1204.19,UPI,Delivered,248.97,4.8
ORD101012,2025-08-09,CUST1712,Customer_1417,Female,40,Lucknow,Uttar Pradesh,North,Electronics,Tablet,5,40628.75,25.0,152357.81,Cash on Delivery,Delivered,28328.83,2.3
ORD101013,2025-11-03,CUST1774,Customer_1091,Female,18,Chennai,Tamil Nadu,South,Fashion,T-Shirt,5,1218.33,10.0,5482.48,Debit Card,Delivered,524.37,4.1
ORD101014,2025-11-26,CUST1216,Customer_1725,Male,32,Bhubaneswar,Odisha,East,Sports,Football,2,1330.43,0.0,2660.86,UPI,Delivered,244.89,4.2
ORD101015,2025-03-31,CUST1345,Customer_1010,Male,32,Ahmedabad,Gujarat,West,Sports,Cricket Bat,1,7061.72,10.0,6355.55,UPI,Cancelled,1312.49,3.5
ORD101016,2025-05-26,CUST1661,Customer_1111,Male,19,Hyderabad,Telangana,South,Fashion,Shoes,1,6718.87,15.0,5711.04,Debit Card,Delivered,1073.63,4.3
ORD101017,2025-04-23,CUST1542,Customer_1161,Male,25,Ahmedabad,Gujarat,West,Fashion,T-Shirt,1,1219.72,10.0,1097.75,Credit Card,Delivered,181.33,4.6
ORD101018,2025-01-29,CUST1506,Customer_1665,Male,44,Bengaluru,Karnataka,South,Electronics,Smartphone,1,41438.45,5.0,39366.53,Net Banking,Shipped,2525.65,4.3
ORD101019,2025-05-15,CUST1767,Customer_1278,Female,33,Kolkata,West Bengal,East,Electronics,Smartwatch,2,5082.24,10.0,9148.03,Net Banking,Delivered,1351.97,3.4
ORD101020,2025-11-16,CUST1449,Customer_1694,Male,31,Panaji,Goa,West,Beauty,Face Wash,2,816.2,25.0,1224.3,Credit Card,Delivered,137.03,4.4
ORD101021,2025-01-24,CUST1723,Customer_1222,Female,34,Panaji,Goa,West,Sports,Dumbbells,1,2169.11,10.0,1952.2,Debit Card,Delivered,175.6,3.3
ORD101022,2025-09-22,CUST1476,Customer_1590,Male,18,Ludhiana,Punjab,North,Home & Kitchen,Air Fryer,1,9777.87,15.0,8311.19,UPI,Shipped,1788.48,4.4
ORD101023,2025-06-15,CUST1017,Customer_1150,Male,39,Gurugram,Haryana,North,Electronics,Smartphone,1,39162.7,10.0,35246.43,UPI,Delivered,2712.72,3.0
ORD101024,2025-08-06,CUST1089,Customer_1209,Male,31,Mumbai,Maharashtra,West,Electronics,Tablet,2,25537.43,15.0,43413.63,UPI,Delivered,7670.22,3.9
ORD101025,2025-08-16,CUST1483,Customer_1134,Female,19,Patna,Bihar,East,Beauty,Face Wash,1,420.7,0.0,420.7,Debit Card,Delivered,71.47,2.3
ORD101026,2025-06-28,CUST1058,Customer_1073,Male,53,Hyderabad,Telangana,South,Electronics,Laptop,5,60599.14,20.0,242396.56,Debit Card,Delivered,14924.19,4.4
ORD101027,2025-03-10,CUST1056,Customer_1631,Male,27,Lucknow,Uttar Pradesh,North,Beauty,Shampoo,1,545.17,20.0,436.14,Net Banking,Cancelled,38.06,4.1
ORD101028,2025-02-09,CUST1230,Customer_1377,Female,26,Kochi,Kerala,South,Beauty,Face Wash,3,227.89,25.0,512.75,UPI,Delivered,80.17,3.7
ORD101029,2025-10-16,CUST1462,Customer_1609,Male,20,Panaji,Goa,West,Fashion,Shoes,1,5917.39,0.0,5917.39,Debit Card,Delivered,420.93,5.0
ORD101030,2025-11-09,CUST1745,Customer_1659,Female,37,Kochi,Kerala,South,Fashion,T-Shirt,2,1041.22,20.0,1665.95,Credit Card,Delivered,346.79,4.4
ORD101031,2025-07-04,CUST1083,Customer_1707,Female,30,Ludhiana,Punjab,North,Electronics,Headphones,5,3978.85,10.0,17904.83,Debit Card,Delivered,2569.17,2.8
ORD101032,2025-02-09,CUST1493,Customer_1679,Female,22,Jaipur,Rajasthan,North,Home & Kitchen,Bedsheet,4,2942.14,20.0,9414.85,Net Banking,Cancelled,974.46,4.5
ORD101033,2025-05-07,CUST1058,Customer_1477,Male,27,Bengaluru,Karnataka,South,Sports,Yoga Mat,2,1350.71,25.0,2026.07,Net Banking,Shipped,153.09,4.2
ORD101034,2025-01-07,CUST1731,Customer_1589,Female,29,Mumbai,Maharashtra,West,Sports,Yoga Mat,1,2158.57,15.0,1834.78,Cash on Delivery,Delivered,171.57,3.4
ORD101035,2025-04-25,CUST1001,Customer_1553,Female,36,Kolkata,West Bengal,East,Fashion,Backpack,1,2207.32,15.0,1876.22,Debit Card,Delivered,186.81,4.6
ORD101036,2025-11-26,CUST1065,Customer_1581,Female,24,Kolkata,West Bengal,East,Home & Kitchen,Mixer Grinder,1,3912.1,0.0,3912.1,Debit Card,Delivered,723.1,4.5
ORD101037,2025-08-13,CUST1671,Customer_1716,Male,29,Mumbai,Maharashtra,West,Electronics,Headphones,1,7228.38,20.0,5782.7,Net Banking,Delivered,936.08,3.3
ORD101038,2025-12-13,CUST1498,Customer_1085,Other,41,Patna,Bihar,East,Fashion,Shoes,3,3582.89,10.0,9673.8,Debit Card,Delivered,1039.9,5.0
ORD101039,2025-08-16,CUST1088,Customer_1010,Male,29,Mumbai,Maharashtra,West,Sports,Running Shoes,1,8238.34,5.0,7826.42,UPI,Delivered,1700.01,5.0
ORD101040,2025-09-25,CUST1204,Customer_1123,Male,29,Ranchi,Jharkhand,East,Electronics,Smartwatch,1,2773.22,10.0,2495.9,Net Banking,Returned,542.41,3.2
ORD101041,2025-04-06,CUST1107,Customer_1632,Other,30,Chennai,Tamil Nadu,South,Beauty,Moisturizer,2,1743.11,15.0,2963.29,UPI,Shipped,592.6,3.4
ORD101042,2025-10-25,CUST1344,Customer_1176,Male,28,Lucknow,Uttar Pradesh,North,Fashion,Backpack,1,2550.51,10.0,2295.46,Net Banking,Shipped,213.63,5.0
ORD101043,2025-11-28,CUST1721,Customer_1065,Female,31,Gurugram,Haryana,North,Home & Kitchen,Mixer Grinder,4,2705.5,15.0,9198.7,Cash on Delivery,Delivered,628.53,5.0
ORD101044,2025-01-29,CUST1791,Customer_1469,Male,21,Jaipur,Rajasthan,North,Electronics,Headphones,2,3731.59,15.0,6343.7,Debit Card,Delivered,492.33,3.9
ORD101045,2025-11-03,CUST1678,Customer_1524,Female,31,Jaipur,Rajasthan,North,Beauty,Perfume,1,2336.48,15.0,1986.01,UPI,Delivered,343.79,4.4
ORD101046,2025-06-19,CUST1323,Customer_1474,Male,42,Ahmedabad,Gujarat,West,Fashion,Jacket,2,3031.43,10.0,5456.57,Credit Card,Delivered,697.95,3.4
ORD101047,2025-03-23,CUST1328,Customer_1098,Female,21,Jaipur,Rajasthan,North,Sports,Cricket Bat,2,3994.4,15.0,6790.48,UPI,Shipped,1097.29,4.3
ORD101048,2025-07-07,CUST1570,Customer_1771,Female,36,Jaipur,Rajasthan,North,Sports,Dumbbells,1,4534.2,25.0,3400.65,Credit Card,Cancelled,251.2,3.8
ORD101049,2025-11-09,CUST1097,Customer_1281,Male,32,Ranchi,Jharkhand,East,Sports,Yoga Mat,1,1844.55,25.0,1383.41,UPI,Delivered,284.83,4.7
ORD101050,2025-01-18,CUST1184,Customer_1405,Female,18,Gurugram,Haryana,North,Sports,Football,4,2096.19,15.0,7127.05,UPI,Delivered,1284.67,4.7
ORD101051,2025-09-18,CUST1512,Customer_1628,Male,27,Patna,Bihar,East,Electronics,Laptop,1,82240.9,5.0,78128.85,UPI,Delivered,6612.29,4.3
ORD101052,2025-12-07,CUST1785,Customer_1304,Female,18,Mumbai,Maharashtra,West,Fashion,Jacket,2,3595.18,15.0,6111.81,Debit Card,Delivered,1069.42,3.3
ORD101053,2025-09-12,CUST1646,Customer_1720,Male,36,Lucknow,Uttar Pradesh,North,Home & Kitchen,Mixer Grinder,4,6749.18,5.0,25646.88,Credit Card,Delivered,3479.47,3.1
ORD101054,2025-12-17,CUST1623,Customer_1361,Female,18,Ludhiana,Punjab,North,Beauty,Shampoo,1,631.63,10.0,568.47,UPI,Delivered,111.3,5.0
ORD101055,2025-09-13,CUST1150,Customer_1127,Male,26,Ahmedabad,Gujarat,West,Fashion,Shoes,2,6325.96,15.0,10754.13,Cash on Delivery,Delivered,1233.03,2.9
ORD101056,2025-11-09,CUST1134,Customer_1114,Male,25,Lucknow,Uttar Pradesh,North,Electronics,Smartphone,1,56760.18,10.0,51084.16,Net Banking,Delivered,11095.88,4.0
ORD101057,2025-12-06,CUST1441,Customer_1720,Female,42,Hyderabad,Telangana,South,Sports,Yoga Mat,5,1293.08,25.0,4849.05,UPI,Delivered,411.92,4.0
ORD101058,2025-07-09,CUST1637,Customer_1163,Male,42,Patna,Bihar,East,Fashion,Jeans,1,943.2,25.0,707.4,UPI,Delivered,49.99,4.0
ORD101059,2025-08-03,CUST1653,Customer_1597,Male,18,Lucknow,Uttar Pradesh,North,Sports,Dumbbells,2,1303.33,20.0,2085.33,Credit Card,Delivered,385.1,4.1
ORD101060,2025-07-19,CUST1405,Customer_1421,Female,39,Patna,Bihar,East,Electronics,Smartphone,2,55476.26,,94309.64,Credit Card,Delivered,17533.9,5.0
ORD101061,2025-06-21,CUST1730,Customer_1649,Female,37,Ranchi,Jharkhand,East,Fashion,Backpack,1,764.68,10.0,688.21,Net Banking,Delivered,94.62,3.8
ORD101062,2025-09-10,CUST1449,Customer_1239,Female,26,Chennai,Tamil Nadu,South,Home & Kitchen,Cookware Set,3,3034.07,20.0,7281.77,UPI,Delivered,680.63,3.6
ORD101063,2025-07-18,CUST1171,Customer_1406,Female,39,Ludhiana,Punjab,North,Electronics,Smartphone,1,53002.82,0.0,53002.82,Debit Card,Returned,9874.46,3.8
ORD101064,2025-11-02,CUST1558,Customer_1224,Female,35,Patna,Bihar,East,Fashion,Shoes,1,2954.52,5.0,2806.79,UPI,Delivered,340.39,3.6
ORD101065,2025-04-17,CUST1637,Customer_1301,Male,43,Mumbai,Maharashtra,West,Home & Kitchen,Mixer Grinder,1,5094.36,20.0,4075.49,Credit Card,Delivered,874.75,3.2
ORD101066,2025-06-29,CUST1665,Customer_1746,Other,26,Ranchi,Jharkhand,East,Home & Kitchen,Air Fryer,1,8093.32,15.0,6879.32,UPI,Delivered,714.73,4.9
ORD101067,2025-12-24,CUST1177,Customer_1749,Male,31,Ranchi,Jharkhand,East,Home & Kitchen,Cookware Set,1,6761.45,10.0,6085.31,Debit Card,Cancelled,548.31,4.3
ORD101068,2025-11-13,CUST1080,Customer_1474,Male,18,Panaji,Goa,West,Electronics,Headphones,3,2970.07,5.0,8464.7,Debit Card,Delivered,698.6,5.0
ORD101069,2025-04-20,CUST1052,Customer_1615,Female,30,Patna,Bihar,East,Home & Kitchen,Mixer Grinder,1,5481.74,25.0,4111.31,Credit Card,Cancelled,377.8,3.8
ORD101070,2025-07-19,CUST1035,Customer_1514,Female,42,Patna,Bihar,East,Fashion,Jacket,4,5860.36,15.0,19925.22,Debit Card,Delivered,2421.99,4.6
ORD101071,2025-07-20,CUST1135,Customer_1272,Female,26,Jaipur,Rajasthan,North,Home & Kitchen,Bedsheet,1,1051.16,10.0,946.04,Credit Card,Delivered,90.87,2.7
ORD101072,2025-08-04,CUST1628,Customer_1118,Male,34,New Delhi,Delhi,North,Sports,Running Shoes,1,6137.17,5.0,5830.31,Credit Card,Delivered,669.95,5.0
ORD101073,2025-11-05,CUST1561,Customer_1164,Female,28,Ahmedabad,Gujarat,West,Electronics,Tablet,1,30936.34,20.0,24749.07,UPI,Delivered,4717.51,4.4
ORD101074,2025-12-17,CUST1506,Customer_1195,Female,30,Jaipur,Rajasthan,North,Fashion,T-Shirt,1,974.42,15.0,828.26,UPI,Delivered,117.65,4.5
ORD101075,2025-10-30,CUST1048,Customer_1747,Female,34,Ranchi,Jharkhand,East,Electronics,Laptop,3,55047.55,25.0,123856.99,Debit Card,Delivered,19199.9,3.0
ORD101076,2025-02-22,CUST1010,Customer_1658,Male,20,Mumbai,Maharashtra,West,Fashion,Shoes,3,2435.05,10.0,6574.64,UPI,Cancelled,729.08,4.4
ORD101077,2025-01-20,CUST1532,Customer_1511,Male,19,Ahmedabad,Gujarat,West,Beauty,Shampoo,1,951.47,15.0,808.75,UPI,Delivered,127.07,3.8
ORD101078,2025-06-29,CUST1639,Customer_1032,Female,27,Bengaluru,Karnataka,South,Home & Kitchen,Mixer Grinder,1,3055.91,20.0,2444.73,Debit Card,Delivered,255.75,3.9
ORD101079,2025-02-12,CUST1311,Customer_1168,Male,19,Ranchi,Jharkhand,East,Electronics,Laptop,1,42546.95,5.0,40419.6,UPI,Delivered,2922.57,4.1
ORD101080,2025-07-04,CUST1205,Customer_1364,Male,34,Ludhiana,Punjab,North,Home & Kitchen,Air Fryer,3,6708.06,15.0,17105.55,Debit Card,Cancelled,1912.31,3.9
ORD101081,2025-07-14,CUST1670,Customer_1146,Female,24,Jaipur,Rajasthan,North,Sports,Yoga Mat,2,2318.0,10.0,4172.4,Debit Card,Shipped,868.91,3.4
ORD101082,2025-03-10,CUST1698,Customer_1679,Male,18,Ludhiana,Punjab,North,Fashion,Jacket,1,2118.98,25.0,1589.24,UPI,Delivered,107.86,4.0
ORD101083,2025-05-20,CUST1440,Customer_1783,Male,40,Bhubaneswar,Odisha,East,Electronics,Tablet,1,42839.23,15.0,36413.35,Cash on Delivery,Delivered,3593.67,3.8
ORD101084,2025-10-11,CUST1354,Customer_1474,Male,39,Jaipur,Rajasthan,North,Electronics,Headphones,3,6240.4,15.0,15913.02,Credit Card,Delivered,1837.1,4.3
ORD101085,2025-12-26,CUST1540,Customer_1609,Female,28,Mumbai,Maharashtra,West,Home & Kitchen,Air Fryer,2,11345.32,20.0,18152.51,Credit Card,Delivered,3817.02,5.0
ORD101086,2025-03-28,CUST1078,Customer_1067,Male,32,Chennai,Tamil Nadu,South,Home & Kitchen,Bedsheet,1,2392.19,10.0,2152.97,UPI,Delivered,157.87,3.8
ORD101087,2025-08-26,CUST1751,Customer_1568,Male,29,New Delhi,Delhi,North,Sports,Cricket Bat,2,6845.58,15.0,11637.49,Net Banking,Delivered,2383.41,3.9
ORD101088,2025-08-07,CUST1196,Customer_1074,Female,20,Panaji,Goa,West,Beauty,Moisturizer,1,1674.55,10.0,1507.1,Credit Card,Shipped,253.77,3.4
ORD101089,2025-12-25,CUST1578,Customer_1769,Male,39,Bengaluru,Karnataka,South,Fashion,T-Shirt,1,1298.36,15.0,1103.61,Debit Card,Delivered,169.09,2.3
ORD101090,2025-01-02,CUST1769,Customer_1442,Female,25,Gurugram,Haryana,North,Fashion,Jacket,1,1643.12,10.0,1478.81,UPI,Delivered,293.55,4.0
ORD101091,2025-03-28,CUST1309,Customer_1736,Male,33,Kochi,Kerala,South,Electronics,Tablet,2,17346.9,20.0,27755.04,Debit Card,Delivered,5808.99,3.6
ORD101092,2025-12-06,CUST1510,Customer_1402,Male,25,Lucknow,Uttar Pradesh,North,Electronics,Smartwatch,2,7843.51,10.0,14118.32,Credit Card,Delivered,1116.27,3.8
ORD101093,2025-05-13,CUST1576,Customer_1199,Female,25,Panaji,Goa,West,Fashion,Jeans,1,1187.45,20.0,949.96,UPI,Delivered,202.25,3.9
ORD101094,2025-07-28,CUST1598,Customer_1285,Female,40,Gurugram,Haryana,North,Electronics,Laptop,1,58050.78,10.0,52245.7,Net Banking,Delivered,4364.15,4.1
ORD101095,2025-12-28,CUST1547,Customer_1103,Male,43,Bengaluru,Karnataka,South,Sports,Dumbbells,1,3359.99,5.0,3191.99,Debit Card,Delivered,331.11,5.0
ORD101096,2025-07-08,CUST1364,Customer_1239,Female,43,Panaji,Goa,West,Fashion,Jeans,1,1565.26,20.0,1252.21,Debit Card,Delivered,233.41,3.1
ORD101097,2025-05-22,CUST1785,Customer_1737,Female,24,Jaipur,Rajasthan,North,Home & Kitchen,Mixer Grinder,2,4927.55,15.0,8376.84,Credit Card,Returned,1159.41,3.9
ORD101098,2025-06-13,CUST1324,Customer_1568,Male,18,Ranchi,Jharkhand,East,Home & Kitchen,Air Fryer,1,6155.77,10.0,5540.19,Net Banking,Shipped,1029.25,4.0
ORD101099,2025-08-21,CUST1066,Customer_1592,Female,39,Ranchi,Jharkhand,East,Sports,Football,2,915.54,5.0,1739.53,Credit Card,Delivered,249.47,3.5
ORD101100,2025-10-28,CUST1548,Customer_1599,Male,33,Bhubaneswar,Odisha,East,Electronics,Headphones,3,6451.92,20.0,15484.61,Credit Card,Delivered,2323.76,3.0
ORD101101,2025-05-19,CUST1241,Customer_1509,Female,25,Bhubaneswar,Odisha,East,Fashion,Shoes,5,2230.97,10.0,10039.36,UPI,Shipped,794.68,3.7
ORD101102,2025-05-20,CUST1316,Customer_1340,Female,25,Bhubaneswar,Odisha,East,Electronics,Smartphone,2,34352.78,25.0,51529.17,UPI,Delivered,6924.38,3.4
ORD101103,2025-08-21,CUST1070,Customer_1016,Female,35,Ahmedabad,Gujarat,West,Beauty,Shampoo,1,348.37,10.0,313.53,UPI,Returned,37.66,3.2
ORD101104,2025-08-03,CUST1589,Customer_1737,Male,35,New Delhi,Delhi,North,Home & Kitchen,Bedsheet,3,1251.68,0.0,3755.04,Debit Card,Returned,535.93,3.6
ORD101105,2025-02-13,CUST1153,Customer_1782,Female,35,Lucknow,Uttar Pradesh,North,Home & Kitchen,Bedsheet,3,1977.18,10.0,5338.39,Debit Card,Delivered,864.09,4.8
ORD101106,2025-01-10,CUST1149,Customer_1058,Female,18,Ludhiana,Punjab,North,Electronics,Smartphone,1,39160.21,10.0,35244.19,Debit Card,Delivered,5783.29,4.9
ORD101107,2025-01-04,CUST1577,Customer_1202,Male,32,Chennai,Tamil Nadu,South,Fashion,T-Shirt,1,1764.02,10.0,1587.62,UPI,Shipped,259.92,3.7
ORD101108,2025-08-28,CUST1738,Customer_1186,Male,40,Kolkata,West Bengal,East,Sports,Dumbbells,2,4931.08,20.0,7889.73,Net Banking,Delivered,675.82,3.7
ORD101109,2025-01-07,CUST1625,Customer_1036,Male,18,Bhubaneswar,Odisha,East,Sports,Running Shoes,2,1721.95,10.0,3099.51,UPI,Delivered,388.08,4.2
ORD101110,2025-12-09,CUST1006,Customer_1194,Male,31,Mumbai,Maharashtra,West,Sports,Cricket Bat,1,3482.8,15.0,2960.38,Net Banking,Delivered,267.96,3.7
ORD101111,2025-07-18,CUST1712,Customer_1042,Male,19,Kochi,Kerala,South,Electronics,Tablet,1,17391.64,25.0,13043.73,UPI,Delivered,828.88,3.1
ORD101112,2025-09-09,CUST1767,Customer_1254,Female,29,Chennai,Tamil Nadu,South,Electronics,Tablet,2,47226.46,10.0,85007.63,Cash on Delivery,Shipped,9440.54,4.5
ORD101113,2025-05-18,CUST1403,Customer_1676,Male,26,Patna,Bihar,East,Electronics,Tablet,3,22644.28,20.0,54346.27,UPI,Cancelled,8861.93,4.3
ORD101114,2025-02-22,CUST1202,Customer_1786,Male,20,Bhubaneswar,Odisha,East,Fashion,T-Shirt,1,1656.96,5.0,1574.11,Cash on Delivery,Delivered,302.47,4.5
ORD101115,2025-07-05,CUST1143,Customer_1282,Male,18,Kolkata,West Bengal,East,Fashion,T-Shirt,1,1512.11,15.0,1285.29,UPI,Delivered,124.86,4.0
ORD101116,2025-02-19,CUST1112,Customer_1146,Female,27,Chennai,Tamil Nadu,South,Fashion,T-Shirt,2,612.07,10.0,1101.73,Net Banking,Delivered,151.21,4.5
ORD101117,2025-11-29,CUST1277,Customer_1584,Male,49,Kochi,Kerala,South,Fashion,Jacket,3,2784.52,15.0,7100.53,UPI,Shipped,1538.39,4.8
ORD101118,2025-12-15,CUST1067,Customer_1330,Female,30,Patna,Bihar,East,Electronics,Laptop,2,60165.0,10.0,108297.0,UPI,Delivered,14603.88,4.1
ORD101119,2025-10-11,CUST1705,Customer_1104,Male,18,Chennai,Tamil Nadu,South,Sports,Cricket Bat,3,1348.29,15.0,3438.14,UPI,Delivered,507.73,4.0
ORD101120,2025-03-15,CUST1438,Customer_1226,Female,42,Ahmedabad,Gujarat,West,Beauty,Perfume,3,3122.53,0.0,9367.59,Cash on Delivery,Delivered,1540.37,2.9
ORD101121,2025-07-07,CUST1120,Customer_1754,Male,23,Bengaluru,Karnataka,South,Fashion,Backpack,1,1234.1,0.0,1234.1,UPI,Delivered,109.85,4.0
ORD101122,2025-11-15,CUST1607,Customer_1495,Male,18,Bhubaneswar,Odisha,East,Fashion,T-Shirt,3,970.64,0.0,2911.92,Debit Card,Delivered,201.77,4.9
ORD101123,2025-06-02,CUST1239,Customer_1265,Male,35,New Delhi,Delhi,North,Sports,Football,1,965.33,5.0,917.06,UPI,Delivered,169.2,4.4
ORD101124,2025-05-25,CUST1740,Customer_1412,Other,25,Bengaluru,Karnataka,South,Fashion,Jeans,3,2386.76,0.0,7160.28,Credit Card,Delivered,1465.64,4.6
ORD101125,2025-04-20,CUST1046,Customer_1724,Male,35,Ranchi,Jharkhand,East,Sports,Yoga Mat,2,1569.64,10.0,2825.35,Debit Card,Delivered,357.48,3.8
ORD101126,2025-08-09,CUST1017,Customer_1797,Male,30,Mumbai,Maharashtra,West,Home & Kitchen,Mixer Grinder,1,2907.69,10.0,2616.92,Cash on Delivery,Cancelled,493.96,5.0
ORD101127,2025-02-06,CUST1003,Customer_1483,Male,22,Jaipur,Rajasthan,North,Fashion,Jeans,4,2450.15,15.0,8330.51,Debit Card,Returned,596.46,4.2
ORD101128,2025-08-03,CUST1420,Customer_1609,Male,30,Bengaluru,Karnataka,South,Electronics,Headphones,4,3669.15,15.0,12475.11,UPI,Delivered,2465.66,3.5
ORD101129,2025-05-10,CUST1539,Customer_1514,Male,29,Hyderabad,Telangana,South,Electronics,Smartwatch,2,7243.1,5.0,13761.89,Credit Card,Shipped,1478.29,3.6
ORD101130,2025-02-26,CUST1498,Customer_1614,Female,23,Ranchi,Jharkhand,East,Electronics,Tablet,2,37877.16,10.0,68178.89,UPI,Shipped,10238.6,3.5
ORD101131,2025-07-22,CUST1378,Customer_1348,Female,18,Hyderabad,Telangana,South,Fashion,Shoes,3,5440.24,10.0,14688.65,Credit Card,Delivered,1642.64,2.8
ORD101132,2025-10-11,CUST1496,Customer_1425,Male,23,Gurugram,Haryana,North,Sports,Dumbbells,2,1203.52,20.0,1925.63,UPI,Delivered,347.39,5.0
ORD101133,2025-02-12,CUST1238,Customer_1457,Male,45,Ahmedabad,Gujarat,West,Home & Kitchen,Bedsheet,1,689.56,15.0,586.13,Credit Card,Returned,113.67,4.9
ORD101134,2025-01-10,CUST1199,Customer_1571,Male,30,New Delhi,Delhi,North,Electronics,Tablet,2,43068.59,10.0,77523.46,Cash on Delivery,Delivered,5050.76,3.3
ORD101135,2025-05-14,CUST1326,Customer_1672,Female,37,Bengaluru,Karnataka,South,Fashion,T-Shirt,1,1548.04,0.0,1548.04,Credit Card,Delivered,93.79,2.8
ORD101136,2025-02-24,CUST1745,Customer_1277,Male,33,Panaji,Goa,West,Electronics,Laptop,1,63620.47,20.0,50896.38,UPI,Delivered,8815.57,5.0
ORD101137,2025-08-04,CUST1136,Customer_1628,Female,30,Gurugram,Haryana,North,Fashion,Jeans,1,973.05,15.0,827.09,UPI,Delivered,128.48,3.3
ORD101138,2025-07-28,CUST1259,Customer_1239,Female,24,Hyderabad,Telangana,South,Fashion,Jeans,1,2836.45,0.0,2836.45,UPI,Delivered,387.72,3.9
ORD101139,2025-11-26,CUST1734,Customer_1111,Male,18,Chennai,Tamil Nadu,South,Electronics,Headphones,2,3245.49,10.0,5841.88,Debit Card,Delivered,727.83,4.1
ORD101140,2025-07-07,CUST1164,Customer_1779,Female,30,Bengaluru,Karnataka,South,Beauty,Makeup Kit,1,1967.73,20.0,1574.18,UPI,Delivered,305.24,3.6
ORD101141,2025-02-23,CUST1079,Customer_1346,Female,42,Panaji,Goa,West,Electronics,Smartphone,1,49414.25,15.0,42002.11,UPI,Cancelled,5570.76,4.7
ORD101142,2025-10-10,CUST1335,Customer_1352,Male,33,Gurugram,Haryana,North,Sports,Cricket Bat,5,1872.88,15.0,7959.74,Credit Card,Delivered,799.59,4.5
ORD101143,2025-11-01,CUST1357,Customer_1148,Female,18,Gurugram,Haryana,North,Fashion,Jeans,1,1341.97,10.0,1207.77,Credit Card,Delivered,242.59,3.9
ORD101144,2025-01-18,CUST1054,Customer_1609,Female,37,Lucknow,Uttar Pradesh,North,Home & Kitchen,Bedsheet,1,2194.22,20.0,1755.38,UPI,Delivered,309.38,2.8
ORD101145,2025-12-31,CUST1228,Customer_1237,Male,34,Panaji,Goa,West,Electronics,Smartphone,1,27863.19,10.0,25076.87,Net Banking,Delivered,2539.96,5.0
ORD101146,2025-10-27,CUST1408,Customer_1637,Male,39,,Haryana,North,Electronics,Tablet,4,45890.99,10.0,165207.56,UPI,Delivered,34598.25,4.1
ORD101147,2025-07-30,CUST1250,Customer_1201,Male,29,New Delhi,Delhi,North,Home & Kitchen,Cookware Set,2,2779.27,20.0,4446.83,Credit Card,Delivered,430.9,3.2
ORD101148,2025-04-16,CUST1224,Customer_1262,Male,31,Gurugram,Haryana,North,Fashion,Jeans,2,1061.42,15.0,1804.41,Cash on Delivery,Shipped,375.41,4.2
ORD101149,2025-12-25,CUST1449,Customer_1635,Male,38,Mumbai,Maharashtra,West,Fashion,Shoes,1,1625.24,5.0,1543.98,UPI,Delivered,100.86,3.9
ORD101150,2025-02-22,CUST1600,Customer_1610,Male,30,Hyderabad,Telangana,South,Fashion,Jeans,2,2144.59,10.0,3860.26,Debit Card,Cancelled,687.91,3.9
ORD101151,2025-11-23,CUST1577,Customer_1289,Male,20,Hyderabad,Telangana,South,Electronics,Laptop,1,45770.38,5.0,43481.86,Cash on Delivery,Delivered,9106.52,3.5
ORD101152,2025-10-20,CUST1557,Customer_1691,Male,18,Bengaluru,Karnataka,South,Electronics,Smartwatch,1,2929.74,15.0,2490.28,UPI,Delivered,396.29,4.6
ORD101153,2025-03-08,CUST1657,Customer_1477,Male,31,Kolkata,West Bengal,East,Electronics,Tablet,1,13487.03,10.0,12138.33,UPI,Delivered,2453.62,4.0
ORD101154,2025-08-18,CUST1166,Customer_1694,Male,29,Lucknow,Uttar Pradesh,North,Electronics,Laptop,2,42815.88,5.0,81350.17,Credit Card,Delivered,11990.99,4.7
ORD101155,2025-08-06,CUST1749,Customer_1386,Female,22,Jaipur,Rajasthan,North,Sports,Yoga Mat,1,923.34,0.0,923.34,Credit Card,Delivered,200.24,3.5
ORD101156,2025-04-18,CUST1535,Customer_1554,Male,23,Kochi,Kerala,South,Home & Kitchen,Air Fryer,2,13722.64,0.0,27445.28,Net Banking,Delivered,5746.46,5.0
ORD101157,2025-03-26,CUST1774,Customer_1398,Female,19,Mumbai,Maharashtra,West,Beauty,Face Wash,2,597.01,5.0,1134.32,Credit Card,Delivered,108.13,3.5
ORD101158,2025-01-31,CUST1066,Customer_1718,Female,33,Chennai,Tamil Nadu,South,Fashion,Jacket,3,4880.6,25.0,10981.35,Credit Card,Delivered,2345.67,3.4
ORD101159,2025-03-02,CUST1105,Customer_1337,Female,38,Mumbai,Maharashtra,West,Electronics,Headphones,2,2900.05,10.0,5220.09,Debit Card,Delivered,657.58,3.7
ORD101160,2025-04-22,CUST1389,Customer_1408,Male,43,Ranchi,Jharkhand,East,Beauty,Perfume,2,3536.72,15.0,6012.42,Credit Card,Delivered,518.0,2.7
ORD101161,2025-12-15,CUST1255,Customer_1452,Female,36,Kochi,Kerala,South,Sports,Yoga Mat,1,1119.31,0.0,1119.31,Net Banking,Delivered,94.03,4.4
ORD101162,2025-03-06,CUST1001,Customer_1755,Female,32,Gurugram,Haryana,North,Home & Kitchen,Bedsheet,2,1861.52,15.0,3164.58,UPI,Delivered,573.44,3.2
ORD101163,2025-12-20,CUST1198,Customer_1799,Female,27,Kochi,Kerala,South,Sports,Football,4,1588.84,10.0,5719.82,UPI,Delivered,918.5,4.8
ORD101164,2025-01-10,CUST1187,Customer_1645,Male,29,Kochi,Kerala,South,Electronics,Headphones,1,6404.97,0.0,6404.97,Cash on Delivery,Delivered,954.8,4.1
ORD101165,2025-08-08,CUST1155,Customer_1339,Female,34,Lucknow,Uttar Pradesh,North,Beauty,Makeup Kit,1,2664.55,15.0,2264.87,Credit Card,Delivered,278.28,4.6
ORD101166,2025-10-15,CUST1138,Customer_1475,Male,43,Ranchi,Jharkhand,East,Electronics,Headphones,2,2012.58,15.0,3421.39,Debit Card,Delivered,440.34,5.0
ORD101167,2025-11-16,CUST1700,Customer_1057,Male,26,Ludhiana,Punjab,North,Home & Kitchen,Bedsheet,1,2829.77,5.0,2688.28,Debit Card,Delivered,297.47,5.0
ORD101168,2025-06-06,CUST1366,Customer_1351,Female,28,Panaji,Goa,West,Fashion,Jacket,1,4858.68,20.0,3886.94,Debit Card,Delivered,797.65,4.6
ORD101169,2025-06-07,CUST1777,Customer_1633,Male,30,Patna,Bihar,East,Electronics,Laptop,1,35666.36,5.0,33883.04,UPI,Cancelled,6639.31,4.3
ORD101170,2025-02-25,CUST1217,Customer_1068,Female,18,Mumbai,Maharashtra,West,Sports,Running Shoes,1,3766.43,0.0,3766.43,Credit Card,Delivered,378.27,4.4
ORD101171,2025-05-09,CUST1358,Customer_1698,Other,30,Hyderabad,Telangana,South,Fashion,Jeans,1,2264.12,0.0,2264.12,Net Banking,Delivered,372.53,4.9
ORD101172,2025-02-06,CUST1629,Customer_1259,Female,20,Kochi,Kerala,South,Home & Kitchen,Dining Set,4,10295.26,5.0,39121.99,UPI,Delivered,3228.87,4.2
ORD101173,2025-11-18,CUST1143,Customer_1328,Female,32,Hyderabad,Telangana,South,Beauty,Perfume,1,2199.17,10.0,1979.25,Cash on Delivery,Returned,394.47,4.2
ORD101174,2025-11-15,CUST1343,Customer_1644,Male,40,Chennai,Tamil Nadu,South,Electronics,Tablet,4,15857.15,10.0,57085.74,UPI,Delivered,7334.81,3.2
ORD101175,2025-01-26,CUST1252,Customer_1003,Male,41,Jaipur,Rajasthan,North,Sports,Dumbbells,1,2238.6,25.0,1678.95,Net Banking,Delivered,165.83,5.0
ORD101176,2025-03-15,CUST1274,Customer_1783,Female,39,Mumbai,Maharashtra,West,Electronics,Laptop,1,86267.15,10.0,77640.43,UPI,Delivered,13782.07,3.3
ORD101177,2025-07-15,CUST1246,Customer_1552,Male,41,Bhubaneswar,Odisha,East,Beauty,Moisturizer,1,917.65,0.0,917.65,UPI,Delivered,89.69,4.8
ORD101178,2025-05-14,CUST1312,Customer_1736,Female,19,Bhubaneswar,Odisha,East,Fashion,Jacket,4,4111.04,15.0,13977.54,Cash on Delivery,Delivered,1593.38,4.3
ORD101179,2025-03-10,CUST1770,Customer_1680,Male,32,Chennai,Tamil Nadu,South,Beauty,Perfume,2,1954.11,15.0,3321.99,Debit Card,Returned,628.84,3.0
ORD101180,2025-04-17,CUST1265,Customer_1226,Female,35,Hyderabad,Telangana,South,Home & Kitchen,Dining Set,1,8559.03,5.0,8131.08,UPI,Delivered,1669.65,3.6
ORD101181,2025-03-05,CUST1062,Customer_1369,Male,28,Kochi,Kerala,South,Fashion,T-Shirt,2,1016.99,15.0,1728.88,Credit Card,Delivered,342.03,4.3
ORD101182,2025-08-09,CUST1791,Customer_1567,Female,28,Gurugram,Haryana,North,Fashion,Jeans,3,1303.22,5.0,3714.18,Credit Card,Shipped,806.92,4.0
ORD101183,2025-02-22,CUST1640,Customer_1504,Female,35,Lucknow,Uttar Pradesh,North,Home & Kitchen,Mixer Grinder,1,6407.56,5.0,6087.18,UPI,Delivered,1231.39,2.8
ORD101184,2025-10-05,CUST1163,Customer_1332,Male,33,Bhubaneswar,Odisha,East,Home & Kitchen,Dining Set,1,11874.29,5.0,11280.58,Credit Card,Returned,821.3,2.5
ORD101185,2025-09-02,CUST1353,Customer_1203,Female,31,Lucknow,Uttar Pradesh,North,Electronics,Smartphone,1,31518.74,15.0,26790.93,UPI,Delivered,5664.17,3.9
ORD101186,2025-05-13,CUST1066,Customer_1397,Male,26,Ludhiana,Punjab,North,Electronics,Tablet,1,19673.75,5.0,18690.06,Credit Card,Delivered,2561.85,5.0
ORD101187,2025-02-11,CUST1543,Customer_1693,Female,46,Hyderabad,Telangana,South,Fashion,Backpack,1,1690.63,15.0,1437.04,Credit Card,Delivered,221.82,4.1
ORD101188,2025-08-20,CUST1077,Customer_1018,Female,31,Patna,Bihar,East,Electronics,Smartwatch,1,7626.81,20.0,6101.45,UPI,Delivered,1240.73,4.4
ORD101189,2025-01-31,CUST1127,Customer_1774,Female,39,Chennai,Tamil Nadu,South,Electronics,Tablet,1,48746.61,15.0,41434.62,Credit Card,Delivered,7316.13,4.5
ORD101190,2025-06-19,CUST1406,Customer_1103,Male,41,Bengaluru,Karnataka,South,Electronics,Smartwatch,3,12791.35,10.0,34536.65,Cash on Delivery,Delivered,5337.74,4.1
ORD101191,2025-03-16,CUST1230,Customer_1481,Male,35,Chennai,Tamil Nadu,South,Fashion,Jacket,4,5220.09,20.0,16704.29,UPI,Delivered,3425.5,3.4
ORD101192,2025-01-28,CUST1766,Customer_1364,Male,32,Chennai,Tamil Nadu,South,Beauty,Shampoo,1,392.24,15.0,333.4,UPI,Delivered,51.38,4.5
ORD101193,2025-03-09,CUST1451,Customer_1433,Male,22,Bhubaneswar,Odisha,East,Fashion,Jacket,2,2782.36,10.0,5008.25,UPI,Delivered,954.07,4.6
ORD101194,2025-12-07,CUST1328,Customer_1679,Female,18,Kochi,Kerala,South,Home & Kitchen,Cookware Set,4,4964.33,25.0,14892.99,Cash on Delivery,Delivered,1613.8,3.2
ORD101195,2025-04-27,CUST1686,Customer_1173,Male,42,Kolkata,West Bengal,East,Home & Kitchen,Cookware Set,1,4075.91,10.0,3668.32,Cash on Delivery,Delivered,690.13,4.8
ORD101196,2025-07-17,CUST1648,Customer_1104,Female,31,Kochi,Kerala,South,Sports,Cricket Bat,1,4403.0,10.0,3962.7,Debit Card,Delivered,632.69,3.5
ORD101197,2025-11-10,CUST1415,Customer_1740,Female,32,Kolkata,West Bengal,East,Electronics,Tablet,2,28686.4,15.0,48766.88,Debit Card,Delivered,3772.46,4.9
ORD101198,2025-09-06,CUST1760,Customer_1380,Male,41,Gurugram,Haryana,North,Electronics,Laptop,2,79756.16,0.0,159512.32,Debit Card,Delivered,21071.48,5.0
ORD101199,2025-02-20,CUST1618,Customer_1392,Male,22,Ahmedabad,Gujarat,West,Sports,Cricket Bat,1,2257.67,25.0,1693.25,Credit Card,Delivered,358.1,4.0
ORD101200,2025-08-13,CUST1302,Customer_1170,Female,35,Gurugram,Haryana,North,Fashion,Jeans,1,1730.72,25.0,1298.04,Debit Card,Delivered,230.05,3.5
ORD101201,2025-08-14,CUST1443,Customer_1206,Male,31,Bengaluru,Karnataka,South,Sports,Dumbbells,3,827.69,5.0,2358.92,UPI,Delivered,369.97,3.1
ORD101202,2025-05-02,CUST1417,Customer_1535,Female,41,Jaipur,Rajasthan,North,Electronics,Laptop,1,70866.27,0.0,70866.27,UPI,Delivered,6296.0,3.7
ORD101203,2025-10-27,CUST1355,Customer_1582,Male,36,Ranchi,Jharkhand,East,Electronics,Headphones,1,4192.91,20.0,3354.33,UPI,Delivered,452.6,3.1
ORD101204,2025-03-22,CUST1550,Customer_1420,Female,31,Hyderabad,Telangana,South,Home & Kitchen,Cookware Set,1,7400.55,10.0,6660.49,UPI,Delivered,1011.27,4.4
ORD101205,2025-11-16,CUST1375,Customer_1604,Female,30,Gurugram,Haryana,North,Home & Kitchen,Cookware Set,1,6836.6,20.0,5469.28,Net Banking,Delivered,954.26,4.4
ORD101206,2025-08-07,CUST1277,Customer_1578,Male,29,Mumbai,Maharashtra,West,Fashion,T-Shirt,1,442.68,0.0,442.68,Debit Card,Delivered,54.58,4.3
ORD101207,2025-02-03,CUST1642,Customer_1130,Female,26,Bengaluru,Karnataka,South,Home & Kitchen,Bedsheet,3,2086.61,15.0,5320.86,Net Banking,Delivered,764.25,4.0
ORD101208,2025-04-14,CUST1382,Customer_1455,Female,39,New Delhi,Delhi,North,Home & Kitchen,Bedsheet,3,1793.42,25.0,4035.2,Cash on Delivery,Delivered,728.06,4.5
ORD101209,2025-12-28,CUST1796,Customer_1432,Male,22,Ludhiana,Punjab,North,Electronics,Smartphone,2,42681.29,10.0,76826.32,UPI,Delivered,13429.69,3.4
ORD101210,2025-08-13,CUST1618,Customer_1566,Female,25,Bhubaneswar,Odisha,East,Electronics,Smartphone,1,18924.49,10.0,17032.04,UPI,Delivered,3036.91,4.2
ORD101211,2025-12-18,CUST1075,Customer_1662,Female,30,Bhubaneswar,Odisha,East,Fashion,Backpack,4,3295.79,5.0,12524.0,UPI,Delivered,1217.27,2.6
ORD101212,2025-06-21,CUST1733,Customer_1109,Male,35,Bhubaneswar,Odisha,East,Home & Kitchen,Dining Set,3,11077.58,10.0,29909.47,Debit Card,Shipped,5128.83,3.6
ORD101213,2025-03-30,CUST1203,Customer_1240,Female,42,Kolkata,West Bengal,East,Sports,Dumbbells,1,4601.35,15.0,3911.15,UPI,Shipped,803.55,4.1
ORD101214,2025-04-19,CUST1435,Customer_1233,Female,24,Mumbai,Maharashtra,West,Sports,Dumbbells,1,1446.07,5.0,1373.77,Credit Card,Delivered,296.2,3.1
ORD101215,2025-02-28,CUST1196,Customer_1619,Male,42,New Delhi,Delhi,North,Home & Kitchen,Air Fryer,3,11478.27,10.0,30991.33,Debit Card,Delivered,3688.22,3.5
ORD101216,2025-05-26,CUST1252,Customer_1302,Female,29,Patna,Bihar,East,Home & Kitchen,Bedsheet,1,1473.13,15.0,1252.16,Credit Card,Delivered,110.94,3.4
ORD101217,2025-09-13,CUST1039,Customer_1055,Male,48,Kochi,Kerala,South,Home & Kitchen,Mixer Grinder,1,3116.81,10.0,2805.13,UPI,Cancelled,294.45,4.1
ORD101218,2025-07-17,CUST1699,Customer_1628,Female,35,New Delhi,Delhi,North,Home & Kitchen,Bedsheet,4,1653.77,25.0,4961.31,Debit Card,Cancelled,871.83,4.4
ORD101219,2025-10-31,CUST1028,Customer_1266,Female,31,Bengaluru,Karnataka,South,Fashion,T-Shirt,1,1138.42,5.0,1081.5,UPI,Delivered,85.77,3.5
ORD101220,2025-05-10,CUST1195,Customer_1629,Female,41,Ranchi,Jharkhand,East,Home & Kitchen,Dining Set,1,12294.65,15.0,10450.45,Net Banking,Shipped,689.28,4.2
ORD101221,2025-12-25,CUST1377,Customer_1243,Male,36,Ranchi,Jharkhand,East,Beauty,Makeup Kit,1,2991.01,20.0,2392.81,UPI,Shipped,304.88,4.0
ORD101222,2025-12-25,CUST1368,Customer_1620,Male,39,Mumbai,Maharashtra,West,Electronics,Laptop,2,37495.43,10.0,67491.77,UPI,Shipped,4807.16,3.8
ORD101223,2025-02-18,CUST1624,Customer_1453,Male,29,Kochi,Kerala,South,Fashion,Jacket,1,3768.43,20.0,3014.74,UPI,Delivered,539.65,3.4
ORD101224,2025-11-01,CUST1599,Customer_1550,Male,35,Chennai,Tamil Nadu,South,Sports,Yoga Mat,3,1908.24,15.0,4866.01,Net Banking,Delivered,345.51,5.0
ORD101225,2025-06-09,CUST1480,Customer_1443,Female,29,Bhubaneswar,Odisha,East,Fashion,Shoes,1,5959.99,10.0,5363.99,Credit Card,Delivered,349.13,2.8
ORD101226,2025-05-16,CUST1794,Customer_1003,Female,35,Ranchi,Jharkhand,East,Electronics,Tablet,3,29795.66,20.0,71509.58,UPI,Delivered,10101.16,3.1
ORD101227,2025-01-27,CUST1677,Customer_1455,Male,39,New Delhi,Delhi,North,Fashion,Shoes,1,3338.6,5.0,3171.67,Cash on Delivery,Delivered,417.35,3.4
ORD101228,2025-08-16,CUST1597,Customer_1306,Female,36,Bengaluru,Karnataka,South,Sports,Football,2,2907.09,15.0,4942.05,Cash on Delivery,Returned,916.93,4.9
ORD101229,2025-02-24,CUST1748,Customer_1572,Female,32,Gurugram,Haryana,North,Fashion,Jacket,2,4947.79,15.0,8411.24,Credit Card,Delivered,1395.35,3.9
ORD101230,2025-09-04,CUST1270,Customer_1651,Female,39,Gurugram,Haryana,North,Beauty,Shampoo,4,407.17,15.0,1384.38,Debit Card,Shipped,137.16,3.6
ORD101231,2025-07-18,CUST1114,Customer_1487,Male,26,Lucknow,Uttar Pradesh,North,Fashion,Jeans,1,1490.75,20.0,1192.6,UPI,Delivered,256.1,4.5
ORD101232,2025-01-31,CUST1330,Customer_1169,Female,20,Ahmedabad,Gujarat,West,Fashion,Jeans,2,2141.15,10.0,3854.07,UPI,Shipped,234.88,3.6
ORD101233,2025-09-30,CUST1493,Customer_1738,Female,31,New Delhi,Delhi,North,Fashion,T-Shirt,2,907.38,15.0,1542.55,UPI,Delivered,307.34,4.3
ORD101234,2025-03-18,CUST1687,Customer_1561,Male,35,Kolkata,West Bengal,East,Electronics,Smartphone,2,60096.05,5.0,114182.49,Net Banking,Delivered,22062.82,4.9
ORD101235,2025-12-19,CUST1513,Customer_1182,Female,33,Kolkata,West Bengal,East,Electronics,Headphones,1,5974.67,0.0,5974.67,UPI,Delivered,906.55,5.0
ORD101236,2025-07-09,CUST1633,Customer_1428,Female,18,Bengaluru,Karnataka,South,Home & Kitchen,Dining Set,1,17861.21,10.0,16075.09,UPI,Shipped,1055.03,3.7
ORD101237,2025-05-13,CUST1419,Customer_1468,Female,27,Bengaluru,Karnataka,South,Home & Kitchen,Bedsheet,2,1371.8,10.0,2469.24,UPI,Delivered,241.65,4.7
ORD101238,2025-05-01,CUST1515,Customer_1549,Female,43,Kolkata,West Bengal,East,Electronics,Smartphone,2,11035.66,10.0,19864.19,Debit Card,Returned,3803.47,4.5
ORD101239,2025-04-02,CUST1368,Customer_1423,Male,31,Bengaluru,Karnataka,South,Fashion,Jeans,1,975.2,20.0,780.16,Debit Card,Delivered,152.86,4.1
ORD101240,2025-12-17,CUST1547,Customer_1312,Female,18,Patna,Bihar,East,Sports,Football,2,1127.43,5.0,2142.12,Debit Card,Delivered,223.83,3.9
ORD101241,2025-01-30,CUST1414,Customer_1368,Male,37,Panaji,Goa,West,Sports,Yoga Mat,1,1627.1,20.0,1301.68,Cash on Delivery,Returned,158.53,4.7
ORD101242,2025-09-02,CUST1387,Customer_1689,Female,36,Chennai,Tamil Nadu,South,Home & Kitchen,Mixer Grinder,4,6376.96,15.0,21681.66,UPI,Delivered,4247.07,4.6
ORD101243,2025-03-19,CUST1199,Customer_1017,Female,22,Bhubaneswar,Odisha,East,Sports,Running Shoes,1,3208.2,0.0,3208.2,Credit Card,Delivered,566.66,2.9
ORD101244,2025-07-02,CUST1455,Customer_1646,Female,31,Panaji,Goa,West,Home & Kitchen,Mixer Grinder,3,4260.41,10.0,11503.11,Credit Card,Delivered,1128.95,4.0
ORD101245,2025-08-08,CUST1163,Customer_1648,Male,22,Kolkata,West Bengal,East,Beauty,Shampoo,1,896.23,5.0,851.42,UPI,Delivered,51.26,5.0
ORD101246,2025-04-24,CUST1380,Customer_1658,Male,25,New Delhi,Delhi,North,Fashion,Backpack,1,988.96,10.0,890.06,Credit Card,Delivered,67.35,2.5
ORD101247,2025-02-20,CUST1503,Customer_1259,Male,39,Patna,Bihar,East,Electronics,Laptop,1,55759.6,5.0,52971.62,UPI,Shipped,3319.32,4.2
ORD101248,2025-11-14,CUST1075,Customer_1591,Male,23,Kochi,Kerala,South,Fashion,Shoes,3,2187.92,10.0,5907.38,Cash on Delivery,Delivered,427.52,3.4
ORD101249,2025-11-26,CUST1593,Customer_1350,Male,26,Hyderabad,Telangana,South,Beauty,Makeup Kit,1,1089.72,15.0,926.26,Credit Card,Delivered,138.12,4.2
ORD101250,2025-05-10,CUST1224,Customer_1555,Female,36,Gurugram,Haryana,North,Electronics,Smartphone,1,45673.15,10.0,41105.83,UPI,Delivered,4668.49,4.4
ORD101251,2025-04-13,CUST1273,Customer_1534,Male,42,Lucknow,Uttar Pradesh,North,Home & Kitchen,Bedsheet,2,2176.26,20.0,3482.02,UPI,Delivered,564.44,4.0
ORD101252,2025-10-25,CUST1777,Customer_1361,Male,18,Ludhiana,Punjab,North,Fashion,Shoes,1,4191.27,15.0,3562.58,Credit Card,Delivered,282.75,4.3
ORD101253,2025-11-02,CUST1146,Customer_1530,Male,18,Patna,Bihar,East,Electronics,Smartwatch,1,14824.81,5.0,14083.57,Cash on Delivery,Delivered,2231.44,3.3
ORD101254,2025-10-25,CUST1557,Customer_1094,Female,34,Ahmedabad,Gujarat,West,Home & Kitchen,Dining Set,1,11663.29,0.0,11663.29,UPI,Delivered,867.48,4.8
ORD101255,2025-04-18,CUST1647,Customer_1371,Female,46,Mumbai,Maharashtra,West,Fashion,T-Shirt,1,1113.16,15.0,946.19,Debit Card,Delivered,132.26,5.0
ORD101256,2025-03-29,CUST1138,Customer_1108,Female,33,Hyderabad,Telangana,South,Electronics,Headphones,4,5584.23,10.0,20103.23,Debit Card,Delivered,2339.31,3.7
ORD101257,2025-09-25,CUST1510,Customer_1073,Male,23,Bhubaneswar,Odisha,East,Sports,Yoga Mat,2,1886.85,15.0,3207.64,Credit Card,Delivered,324.2,3.6
ORD101258,2025-10-31,CUST1011,Customer_1081,Male,32,Patna,Bihar,East,Home & Kitchen,Cookware Set,1,4710.17,20.0,3768.14,UPI,Delivered,719.64,3.1
ORD101259,2025-10-05,CUST1464,Customer_1189,Female,24,Chennai,Tamil Nadu,South,Fashion,Backpack,1,3039.66,15.0,2583.71,Cash on Delivery,Delivered,296.42,3.1
ORD101260,2025-01-27,CUST1386,Customer_1085,Male,34,Chennai,Tamil Nadu,South,Home & Kitchen,Mixer Grinder,3,3734.23,15.0,9522.29,Credit Card,Delivered,1078.8,3.6
ORD101261,2025-02-20,CUST1600,Customer_1682,Male,22,Lucknow,Uttar Pradesh,North,Fashion,T-Shirt,2,1767.32,10.0,3181.18,Debit Card,Delivered,540.63,3.9
ORD101262,2025-06-25,CUST1437,Customer_1439,Male,18,Kochi,Kerala,South,Fashion,Jacket,1,2535.24,0.0,2535.24,Cash on Delivery,Delivered,525.26,3.9
ORD101263,2025-02-08,CUST1447,Customer_1090,Male,22,Chennai,Tamil Nadu,South,Home & Kitchen,Cookware Set,1,6184.39,0.0,6184.39,UPI,Delivered,1120.15,4.8
ORD101264,2025-03-23,CUST1448,Customer_1720,Female,37,Ranchi,Jharkhand,East,Fashion,Shoes,2,6399.61,5.0,12159.26,Credit Card,Delivered,1176.5,3.9
ORD101265,2025-06-23,CUST1110,Customer_1458,Male,32,Ahmedabad,Gujarat,West,Fashion,Backpack,1,2177.07,20.0,1741.66,UPI,Delivered,213.52,3.2
ORD101266,2025-06-23,CUST1621,Customer_1715,Male,51,Ranchi,Jharkhand,East,Home & Kitchen,Dining Set,1,17797.27,10.0,16017.54,UPI,Delivered,2956.39,3.5
ORD101267,2025-09-16,CUST1258,Customer_1388,Female,23,Patna,Bihar,East,Fashion,Backpack,3,2660.1,5.0,7581.28,Credit Card,Shipped,1507.56,4.3
ORD101268,2025-11-10,CUST1185,Customer_1391,Female,18,Lucknow,Uttar Pradesh,North,Electronics,Smartwatch,1,14114.07,5.0,13408.37,Credit Card,Delivered,1392.38,5.0
ORD101269,2025-11-01,CUST1345,Customer_1562,Male,33,Panaji,Goa,West,Fashion,Jacket,1,4245.88,10.0,3821.29,Credit Card,Delivered,499.11,4.5
ORD101270,2025-06-18,CUST1572,Customer_1241,Male,39,Lucknow,Uttar Pradesh,North,Electronics,Smartwatch,2,14398.06,20.0,23036.9,Debit Card,Delivered,4291.78,4.5
ORD101271,2025-10-09,CUST1500,Customer_1209,Female,29,Gurugram,Haryana,North,Fashion,T-Shirt,3,1186.91,25.0,2670.55,UPI,Delivered,354.95,4.3
ORD101272,2025-06-17,CUST1179,Customer_1148,Male,33,Ahmedabad,Gujarat,West,Fashion,Backpack,1,736.33,15.0,625.88,Debit Card,Delivered,41.66,5.0
ORD101273,2025-05-26,CUST1462,Customer_1778,Female,36,Ludhiana,Punjab,North,Home & Kitchen,Bedsheet,1,2062.67,5.0,1959.54,UPI,Delivered,142.17,4.2
ORD101274,2025-04-22,CUST1525,Customer_1785,Female,32,Gurugram,Haryana,North,Beauty,Perfume,2,4431.51,5.0,8419.87,Net Banking,Delivered,1760.22,4.1
ORD101275,2025-03-02,CUST1018,Customer_1754,Female,30,Ludhiana,Punjab,North,Electronics,Laptop,3,81677.84,5.0,232781.84,UPI,Delivered,40257.72,3.8
ORD101276,2025-04-12,CUST1603,Customer_1042,Male,25,Hyderabad,Telangana,South,Electronics,Smartwatch,2,6480.34,15.0,11016.58,Credit Card,Shipped,1312.26,3.9
ORD101277,2025-11-22,CUST1605,Customer_1165,Male,30,Jaipur,Rajasthan,North,Electronics,Smartphone,2,43338.09,,73674.75,Credit Card,Delivered,14723.16,4.2
ORD101278,2025-05-04,CUST1539,Customer_1519,Male,34,Chennai,Tamil Nadu,South,Fashion,Jeans,1,1658.81,5.0,1575.87,Net Banking,Delivered,106.14,3.0
ORD101279,2025-12-26,CUST1791,Customer_1217,Male,36,New Delhi,Delhi,North,Home & Kitchen,Cookware Set,4,2302.66,20.0,7368.51,Cash on Delivery,Delivered,1020.75,3.4
ORD101280,2025-03-21,CUST1496,Customer_1604,Female,44,New Delhi,Delhi,North,Electronics,Smartwatch,1,11101.57,15.0,9436.33,Credit Card,Shipped,740.52,5.0
ORD101281,2025-04-13,CUST1241,Customer_1253,Male,30,Kolkata,West Bengal,East,Electronics,Headphones,1,7172.61,25.0,5379.46,UPI,Delivered,1140.54,4.4
ORD101282,2025-08-20,CUST1012,Customer_1186,Female,32,Kolkata,West Bengal,East,Electronics,Smartphone,5,67183.12,15.0,285528.26,UPI,Delivered,38355.56,4.2
ORD101283,2025-07-14,CUST1414,Customer_1122,Female,33,Panaji,Goa,West,Beauty,Shampoo,1,436.76,25.0,327.57,UPI,Delivered,32.4,3.2
ORD101284,2025-04-02,CUST1289,Customer_1509,Female,36,Bhubaneswar,Odisha,East,Fashion,T-Shirt,1,661.37,20.0,529.1,UPI,Delivered,94.54,3.0
ORD101285,2025-05-14,CUST1690,Customer_1678,Male,25,Gurugram,Haryana,North,Fashion,T-Shirt,1,1392.54,10.0,1253.29,UPI,Delivered,236.1,5.0
ORD101286,2025-05-25,CUST1265,Customer_1735,Female,28,New Delhi,Delhi,North,Sports,Yoga Mat,1,1649.41,10.0,1484.47,Debit Card,Delivered,117.04,3.4
ORD101287,2025-04-05,CUST1430,Customer_1795,Female,26,Kolkata,West Bengal,East,Electronics,Smartphone,1,28682.58,0.0,28682.58,UPI,Delivered,5246.74,4.8
ORD101288,2025-05-03,CUST1129,Customer_1634,Female,33,Bhubaneswar,Odisha,East,Fashion,Jeans,1,2118.68,10.0,1906.81,Cash on Delivery,Delivered,276.04,2.9
ORD101289,2025-12-26,CUST1147,Customer_1025,Male,28,Panaji,Goa,West,Beauty,Moisturizer,1,1578.49,5.0,1499.57,UPI,Delivered,322.96,4.2
ORD101290,2025-03-19,CUST1202,Customer_1289,Female,19,Ranchi,Jharkhand,East,Sports,Running Shoes,1,5184.83,15.0,4407.11,Debit Card,Shipped,672.79,4.1
ORD101291,2025-06-18,CUST1269,Customer_1364,Male,30,Panaji,Goa,West,Sports,Cricket Bat,1,4259.29,15.0,3620.4,Debit Card,Delivered,689.56,4.3
ORD101292,2025-01-26,CUST1654,Customer_1422,Male,25,Gurugram,Haryana,North,Electronics,Laptop,2,47869.81,5.0,90952.64,UPI,Delivered,5602.01,3.6
ORD101293,2025-07-03,CUST1016,Customer_1756,Other,30,Kochi,Kerala,South,Electronics,Tablet,1,29918.38,10.0,26926.54,Credit Card,Shipped,3148.3,4.2
ORD101294,2025-03-26,CUST1547,Customer_1490,Other,39,Patna,Bihar,East,Sports,Cricket Bat,1,5920.18,20.0,4736.14,Credit Card,Delivered,720.6,4.3
ORD101295,2025-11-24,CUST1238,Customer_1120,Female,39,Chennai,Tamil Nadu,South,Sports,Cricket Bat,1,2982.77,10.0,2684.49,Net Banking,Cancelled,341.14,3.4
ORD101296,2025-12-01,CUST1359,Customer_1626,Female,36,Ranchi,Jharkhand,East,Electronics,Smartphone,1,15258.15,15.0,12969.43,UPI,Delivered,1311.09,3.8
ORD101297,2025-05-03,CUST1653,Customer_1182,Male,18,Chennai,Tamil Nadu,South,Electronics,Smartphone,1,64192.4,0.0,64192.4,Cash on Delivery,Returned,8726.55,4.2
ORD101298,2025-04-26,CUST1608,Customer_1331,Male,29,Jaipur,Rajasthan,North,Electronics,Tablet,1,22472.65,15.0,19101.75,UPI,Delivered,2448.19,4.3
ORD101299,2025-05-16,CUST1362,Customer_1381,Male,23,New Delhi,Delhi,North,Sports,Cricket Bat,2,1616.24,10.0,2909.23,Credit Card,Delivered,236.87,3.2
ORD101300,2025-06-15,CUST1708,Customer_1743,Female,26,Ranchi,Jharkhand,East,Beauty,Face Wash,3,651.1,10.0,1757.97,Cash on Delivery,Delivered,279.31,5.0
ORD101301,2025-04-27,CUST1451,Customer_1599,Female,42,Hyderabad,Telangana,South,Beauty,Makeup Kit,2,3021.94,10.0,5439.49,UPI,Delivered,1130.78,4.3
ORD101302,2025-11-03,CUST1627,Customer_1207,Male,18,New Delhi,Delhi,North,Electronics,Laptop,1,87432.72,0.0,87432.72,UPI,Delivered,9512.94,3.4
ORD101303,2025-08-18,CUST1665,Customer_1288,Male,24,New Delhi,Delhi,North,Home & Kitchen,Mixer Grinder,1,6770.8,5.0,6432.26,Net Banking,Delivered,894.26,
ORD101304,2025-12-18,CUST1012,Customer_1488,Female,43,Ranchi,Jharkhand,East,Electronics,Laptop,2,86519.25,5.0,164386.57,Credit Card,Delivered,14846.25,3.4
ORD101305,2025-04-03,CUST1053,Customer_1496,Male,30,Panaji,Goa,West,Home & Kitchen,Mixer Grinder,1,5714.97,15.0,4857.72,UPI,Shipped,683.87,4.2
ORD101306,2025-01-19,CUST1348,Customer_1423,Male,26,Ludhiana,Punjab,North,Fashion,T-Shirt,1,1401.32,25.0,1050.99,Net Banking,Delivered,179.25,3.9
ORD101307,2025-08-09,CUST1110,Customer_1570,Male,44,Ludhiana,Punjab,North,Home & Kitchen,Dining Set,3,17304.54,10.0,46722.26,UPI,Shipped,8044.21,4.6
ORD101308,2025-02-24,CUST1639,Customer_1180,Female,28,Ranchi,Jharkhand,East,Fashion,Shoes,3,6484.86,10.0,17509.12,Debit Card,Cancelled,2396.36,3.6
ORD101309,2025-03-19,CUST1725,Customer_1767,Female,23,Ahmedabad,Gujarat,West,Fashion,Backpack,3,3494.15,10.0,9434.21,Debit Card,Cancelled,1699.96,3.9
ORD101310,2025-04-23,CUST1607,Customer_1319,Male,35,Ludhiana,Punjab,North,Beauty,Moisturizer,1,1678.94,20.0,1343.15,Cash on Delivery,Delivered,184.63,4.2
ORD101311,2025-07-20,CUST1368,Customer_1357,Male,25,New Delhi,Delhi,North,Fashion,Shoes,5,4528.72,5.0,21511.42,UPI,Delivered,2504.98,3.1
ORD101312,2025-11-15,CUST1610,Customer_1723,Male,44,Lucknow,Uttar Pradesh,North,Fashion,Shoes,1,3623.01,5.0,3441.86,Cash on Delivery,Cancelled,485.21,3.0
ORD101313,2025-12-09,CUST1230,Customer_1023,Female,39,Mumbai,Maharashtra,West,Fashion,Shoes,1,4579.09,15.0,3892.23,UPI,Delivered,234.07,3.7
ORD101314,2025-06-27,CUST1384,Customer_1364,Male,30,Jaipur,Rajasthan,North,Sports,Yoga Mat,1,1509.25,10.0,1358.33,Cash on Delivery,Returned,244.23,5.0
ORD101315,2025-03-10,CUST1023,Customer_1702,Male,28,Jaipur,Rajasthan,North,Electronics,Smartwatch,2,5913.94,15.0,10053.7,UPI,Delivered,1665.08,3.9
ORD101316,2025-03-09,CUST1097,Customer_1679,Male,34,New Delhi,Delhi,North,Fashion,T-Shirt,2,1438.02,0.0,2876.04,Cash on Delivery,Delivered,483.75,4.5
ORD101317,2025-06-23,CUST1699,Customer_1737,Female,30,Panaji,Goa,West,Electronics,Smartwatch,2,7300.37,20.0,11680.59,Net Banking,Delivered,2185.54,3.5
ORD101318,2025-06-08,CUST1698,Customer_1353,Male,25,Bhubaneswar,Odisha,East,Electronics,Laptop,2,44035.21,20.0,70456.34,UPI,Delivered,8375.85,3.8
ORD101319,2025-12-11,CUST1291,Customer_1349,Male,37,Ahmedabad,Gujarat,West,Home & Kitchen,Mixer Grinder,3,6546.76,25.0,14730.21,Credit Card,Delivered,2814.93,4.8
ORD101320,2025-11-06,CUST1327,Customer_1508,Male,23,Kochi,Kerala,South,Home & Kitchen,Air Fryer,2,11574.59,10.0,20834.26,UPI,Delivered,3295.43,3.6
ORD101321,2025-03-05,CUST1048,Customer_1662,Male,28,Kochi,Kerala,South,Home & Kitchen,Mixer Grinder,2,7530.87,15.0,12802.48,Cash on Delivery,Delivered,1235.53,4.2
ORD101322,2025-02-19,CUST1135,Customer_1146,Other,28,Ranchi,Jharkhand,East,Home & Kitchen,Bedsheet,1,1050.23,15.0,892.7,UPI,Delivered,185.89,4.6
ORD101323,2025-12-12,CUST1199,Customer_1477,Female,26,Bengaluru,Karnataka,South,Electronics,Headphones,3,4251.76,10.0,11479.75,UPI,Delivered,2010.16,4.6
ORD101324,2025-09-03,CUST1323,Customer_1747,Female,21,Hyderabad,Telangana,South,Sports,Dumbbells,3,1453.37,5.0,4142.1,UPI,Delivered,588.14,4.1
ORD101325,2025-02-14,CUST1662,Customer_1491,Male,31,Patna,Bihar,East,Home & Kitchen,Bedsheet,1,815.57,10.0,734.01,UPI,Cancelled,140.44,3.2
ORD101326,2025-08-31,CUST1219,Customer_1518,Female,26,Panaji,Goa,West,Fashion,Backpack,1,2787.59,15.0,2369.45,UPI,Delivered,213.26,4.1
ORD101327,2025-08-13,CUST1756,Customer_1318,Male,46,Chennai,Tamil Nadu,South,Home & Kitchen,Cookware Set,1,3812.54,0.0,3812.54,Cash on Delivery,Delivered,483.12,4.1
ORD101328,2025-03-25,CUST1377,Customer_1313,Male,23,Jaipur,Rajasthan,North,Electronics,Headphones,2,7190.07,5.0,13661.13,Debit Card,Delivered,1005.98,3.5
ORD101329,2025-11-30,CUST1301,Customer_1171,Female,33,Hyderabad,Telangana,South,Fashion,T-Shirt,3,881.03,20.0,2114.47,Cash on Delivery,Delivered,167.29,3.7
ORD101330,2025-06-14,CUST1031,Customer_1529,Male,32,Gurugram,Haryana,North,Electronics,Smartphone,1,19344.82,5.0,18377.58,UPI,Delivered,1138.43,3.6
ORD101331,2025-08-27,CUST1623,Customer_1090,Male,24,Bengaluru,Karnataka,South,Electronics,Headphones,2,5377.32,5.0,10216.91,Debit Card,Delivered,1387.24,4.3
ORD101332,2025-02-28,CUST1054,Customer_1769,Female,33,Bengaluru,Karnataka,South,Electronics,Smartwatch,1,4263.35,15.0,3623.85,Cash on Delivery,Delivered,377.33,3.5
ORD101333,2025-03-22,CUST1044,Customer_1155,Male,18,Mumbai,Maharashtra,West,Fashion,Jacket,3,1543.03,15.0,3934.73,UPI,Delivered,595.84,4.9
ORD101334,2025-05-20,CUST1230,Customer_1160,Female,23,Ludhiana,Punjab,North,Sports,Running Shoes,1,7238.26,0.0,7238.26,Cash on Delivery,Delivered,467.58,4.1
ORD101335,2025-06-30,CUST1114,Customer_1495,Female,23,Bhubaneswar,Odisha,East,Electronics,Smartwatch,1,12231.55,5.0,11619.97,UPI,Delivered,1700.26,3.9
ORD101336,2025-01-23,CUST1181,Customer_1045,Male,27,Lucknow,Uttar Pradesh,North,Home & Kitchen,Dining Set,5,7388.56,15.0,31401.38,UPI,Delivered,2603.33,5.0
ORD101337,2025-07-05,CUST1532,Customer_1628,Female,26,Ludhiana,Punjab,North,Electronics,Smartwatch,1,4542.39,15.0,3861.03,Debit Card,Delivered,521.24,4.1
ORD101338,2025-07-27,CUST1260,Customer_1263,Male,22,Jaipur,Rajasthan,North,Fashion,Shoes,1,4201.3,20.0,3361.04,Credit Card,Delivered,436.27,4.1
ORD101339,2025-02-06,CUST1045,Customer_1632,Other,47,New Delhi,Delhi,North,Electronics,Smartwatch,2,12219.8,0.0,24439.6,Credit Card,Cancelled,4635.42,3.8
ORD101340,2025-12-17,CUST1071,Customer_1413,Female,33,Ludhiana,Punjab,North,Electronics,Tablet,5,16401.72,5.0,77908.17,Debit Card,Delivered,6299.02,5.0
ORD101341,2025-02-12,CUST1068,Customer_1380,Male,47,New Delhi,Delhi,North,Home & Kitchen,Mixer Grinder,1,6047.55,10.0,5442.8,Credit Card,Returned,1111.01,5.0
ORD101342,2025-06-24,CUST1469,Customer_1618,Male,25,Kolkata,West Bengal,East,Fashion,Jacket,1,5799.66,5.0,5509.68,Credit Card,Delivered,1126.14,3.9
ORD101343,2025-09-05,CUST1142,Customer_1402,Female,28,Mumbai,Maharashtra,West,Electronics,Smartphone,1,60627.48,20.0,48501.98,Debit Card,Returned,10564.35,3.3
ORD101344,2025-01-10,CUST1003,Customer_1478,Male,42,New Delhi,Delhi,North,Fashion,Jacket,1,5349.6,0.0,5349.6,Credit Card,Delivered,1075.88,3.2
ORD101345,2025-02-10,CUST1091,Customer_1039,Female,46,Patna,Bihar,East,Sports,Yoga Mat,3,1787.69,0.0,5363.07,Debit Card,Delivered,642.48,4.6
ORD101346,2025-03-18,CUST1095,Customer_1269,Female,33,New Delhi,Delhi,North,Home & Kitchen,Bedsheet,1,1266.95,10.0,1140.26,UPI,Delivered,175.57,4.7
ORD101347,2025-04-09,CUST1748,Customer_1719,Male,30,Jaipur,Rajasthan,North,Home & Kitchen,Dining Set,1,8965.28,0.0,8965.28,UPI,Shipped,1207.29,3.5
ORD101348,2025-03-10,CUST1561,Customer_1663,Male,21,Panaji,Goa,West,Beauty,Moisturizer,2,453.62,15.0,771.15,Cash on Delivery,Delivered,86.39,4.7
ORD101349,2025-08-27,CUST1612,Customer_1688,Female,18,Bhubaneswar,Odisha,East,Sports,Football,2,1736.29,20.0,2778.06,Credit Card,Delivered,334.31,5.0
ORD101350,2025-04-19,CUST1707,Customer_1036,Female,29,New Delhi,Delhi,North,Sports,Running Shoes,2,8362.84,5.0,15889.4,Credit Card,Shipped,2839.42,3.8
ORD101351,2025-10-14,CUST1321,Customer_1607,Female,29,Bengaluru,Karnataka,South,Beauty,Perfume,4,827.75,10.0,2979.9,UPI,Delivered,285.49,3.6
ORD101352,2025-12-16,CUST1570,Customer_1724,Female,35,Gurugram,Haryana,North,Sports,Dumbbells,2,3314.85,25.0,4972.27,UPI,Delivered,450.76,4.9
ORD101353,2025-05-06,CUST1721,Customer_1134,Female,20,Ranchi,Jharkhand,East,Home & Kitchen,Mixer Grinder,3,8279.97,5.0,23597.91,UPI,Delivered,3910.59,4.2
ORD101354,2025-07-08,CUST1487,Customer_1321,Female,36,Kolkata,West Bengal,East,Fashion,Backpack,1,1016.85,0.0,1016.85,Debit Card,Cancelled,178.86,3.4
ORD101355,2025-01-17,CUST1321,Customer_1186,Female,36,Ludhiana,Punjab,North,Electronics,Headphones,1,814.48,10.0,733.03,Net Banking,Delivered,71.89,3.7
ORD101356,2025-01-21,CUST1696,Customer_1576,Female,18,Gurugram,Haryana,North,Home & Kitchen,Cookware Set,4,4657.46,20.0,14903.87,Cash on Delivery,Delivered,2562.74,3.2
ORD101357,2025-04-10,CUST1444,Customer_1382,Male,29,Jaipur,Rajasthan,North,Electronics,Smartphone,3,61718.01,15.0,157380.93,Credit Card,Delivered,32815.21,3.9
ORD101358,2025-08-22,CUST1198,Customer_1259,Female,18,Lucknow,Uttar Pradesh,North,Sports,Cricket Bat,5,1373.49,20.0,5493.96,Debit Card,Delivered,333.09,4.0
ORD101359,2025-12-10,CUST1749,Customer_1737,Male,34,Mumbai,Maharashtra,West,Home & Kitchen,Bedsheet,1,1260.18,10.0,1134.16,UPI,Delivered,187.76,3.7
ORD101360,2025-01-27,CUST1155,Customer_1072,Female,25,Bengaluru,Karnataka,South,Sports,Dumbbells,3,4800.93,20.0,11522.23,Net Banking,Delivered,841.61,3.2
ORD101361,2025-12-20,CUST1656,Customer_1292,Male,30,Gurugram,Haryana,North,Beauty,Makeup Kit,1,3400.52,15.0,2890.44,Credit Card,Delivered,282.24,4.0
ORD101362,2025-05-18,CUST1715,Customer_1398,Female,32,Patna,Bihar,East,Beauty,Makeup Kit,3,3584.56,25.0,8065.26,UPI,Delivered,1144.72,3.3
ORD101363,2025-05-06,CUST1555,Customer_1694,Male,23,Ahmedabad,Gujarat,West,Sports,Yoga Mat,1,1477.07,10.0,1329.36,UPI,Delivered,270.55,5.0
ORD101364,2025-08-27,CUST1145,Customer_1068,Female,27,Bengaluru,Karnataka,South,Electronics,Smartwatch,2,9843.51,15.0,16733.97,UPI,Delivered,3223.16,2.8
ORD101365,2025-06-23,CUST1045,Customer_1141,Female,20,Kochi,Kerala,South,Home & Kitchen,Air Fryer,1,5667.7,5.0,5384.31,UPI,Delivered,988.93,4.6
ORD101366,2025-05-27,CUST1740,Customer_1034,Female,39,Kochi,Kerala,South,Beauty,Makeup Kit,1,2665.77,15.0,2265.9,Cash on Delivery,Delivered,148.06,3.4
ORD101367,2025-07-02,CUST1674,Customer_1367,Female,22,Mumbai,Maharashtra,West,Electronics,Smartphone,2,11400.89,5.0,21661.69,Debit Card,Delivered,3212.09,4.7
ORD101368,2025-03-12,CUST1600,Customer_1261,Female,45,Gurugram,Haryana,North,Sports,Cricket Bat,1,5248.3,20.0,4198.64,Debit Card,Cancelled,489.18,4.7
ORD101369,2025-08-19,CUST1318,Customer_1343,Female,29,Chennai,Tamil Nadu,South,Electronics,Smartphone,1,50035.58,15.0,42530.24,Debit Card,Delivered,6483.8,1.7
ORD101370,2025-08-31,CUST1090,Customer_1691,Male,25,Kolkata,West Bengal,East,Beauty,Makeup Kit,2,1224.26,15.0,2081.24,UPI,Shipped,354.61,4.5
ORD101371,2025-08-19,CUST1690,Customer_1759,Female,24,Gurugram,Haryana,North,Fashion,Shoes,1,2652.91,10.0,2387.62,Net Banking,Delivered,425.75,3.9
ORD101372,2025-09-16,CUST1238,Customer_1246,Female,18,Ranchi,Jharkhand,East,Electronics,Tablet,3,40980.82,20.0,98353.97,UPI,Delivered,20202.39,3.4
ORD101373,2025-10-05,CUST1532,Customer_1399,Male,36,Ranchi,Jharkhand,East,Sports,Yoga Mat,5,759.3,20.0,3037.2,Credit Card,Delivered,518.14,5.0
ORD101374,2025-04-26,CUST1341,Customer_1492,Female,34,Hyderabad,Telangana,South,Sports,Dumbbells,1,1756.52,10.0,1580.87,Credit Card,Delivered,100.98,4.5
ORD101375,2025-09-04,CUST1770,Customer_1699,Female,38,Gurugram,Haryana,North,Electronics,Headphones,2,2796.85,0.0,5593.7,UPI,Delivered,1110.13,3.8
ORD101376,2025-01-23,CUST1294,Customer_1477,Male,23,Ahmedabad,Gujarat,West,Home & Kitchen,Cookware Set,1,7369.29,10.0,6632.36,Net Banking,Delivered,1299.73,3.9
ORD101377,2025-10-22,CUST1432,Customer_1347,Female,30,Chennai,Tamil Nadu,South,Beauty,Face Wash,1,805.18,5.0,764.92,Debit Card,Delivered,85.89,4.0
ORD101378,2025-02-11,CUST1160,Customer_1764,Male,27,Lucknow,Uttar Pradesh,North,Fashion,Backpack,1,3210.02,10.0,2889.02,UPI,Delivered,605.29,3.0
ORD101379,2025-06-14,CUST1426,Customer_1042,Male,34,Ludhiana,Punjab,North,Fashion,T-Shirt,2,1304.5,10.0,2348.1,Debit Card,Returned,159.6,4.1
ORD101380,2025-08-09,CUST1594,Customer_1494,Female,33,Ahmedabad,Gujarat,West,Electronics,Smartwatch,5,14348.86,0.0,71744.3,Credit Card,Returned,12811.64,4.0
ORD101381,2025-10-17,CUST1380,Customer_1355,Female,40,Gurugram,Haryana,North,Home & Kitchen,Mixer Grinder,1,2815.42,5.0,2674.65,UPI,Delivered,188.97,4.3
ORD101382,2025-06-09,CUST1115,Customer_1462,Female,48,Ranchi,Jharkhand,East,Home & Kitchen,Bedsheet,1,838.22,20.0,670.58,Net Banking,Cancelled,94.57,3.3
ORD101383,2025-05-21,CUST1620,Customer_1420,Female,32,Mumbai,Maharashtra,West,Home & Kitchen,Air Fryer,1,12788.59,5.0,12149.16,Debit Card,Returned,1161.24,4.1
ORD101384,2025-06-15,CUST1396,Customer_1231,Female,27,Ludhiana,Punjab,North,Fashion,Jacket,1,3064.81,25.0,2298.61,Debit Card,Delivered,294.51,5.0
ORD101385,2025-05-08,CUST1782,Customer_1270,Female,18,Gurugram,Haryana,North,Fashion,Shoes,2,4100.98,0.0,8201.96,UPI,Returned,593.2,4.3
ORD101386,2025-09-01,CUST1019,Customer_1396,Other,30,,Karnataka,South,Beauty,Makeup Kit,1,1493.01,15.0,1269.06,UPI,Delivered,152.93,4.5
ORD101387,2025-09-24,CUST1676,Customer_1655,Female,39,New Delhi,Delhi,North,Sports,Football,1,973.09,5.0,924.44,Debit Card,Delivered,187.13,4.8
ORD101388,2025-11-14,CUST1203,Customer_1231,Male,22,Ahmedabad,Gujarat,West,Home & Kitchen,Mixer Grinder,1,6675.12,10.0,6007.61,UPI,Delivered,892.74,3.6
ORD101389,2025-03-01,CUST1461,Customer_1254,Female,37,New Delhi,Delhi,North,Beauty,Face Wash,1,519.41,5.0,493.44,Credit Card,Shipped,58.92,4.6
ORD101390,2025-05-21,CUST1406,Customer_1293,Male,33,Ludhiana,Punjab,North,Electronics,Smartphone,2,52765.18,25.0,79147.77,Cash on Delivery,Delivered,11603.71,4.9
ORD101391,2025-04-18,CUST1423,Customer_1035,Male,45,Ludhiana,Punjab,North,Fashion,Jeans,3,2573.75,15.0,6563.06,Credit Card,Returned,416.87,4.3
ORD101392,2025-02-12,CUST1089,Customer_1586,Male,31,Bhubaneswar,Odisha,East,Electronics,Tablet,3,25600.13,15.0,65280.33,UPI,Shipped,5575.21,2.8
ORD101393,2025-10-19,CUST1125,Customer_1663,Female,19,Jaipur,Rajasthan,North,Beauty,Moisturizer,2,1431.53,15.0,2433.6,Credit Card,Delivered,486.21,3.7
ORD101394,2025-01-23,CUST1585,Customer_1088,Other,50,Kochi,Kerala,South,Electronics,Headphones,5,6974.8,0.0,34874.0,Credit Card,Delivered,7411.57,4.4
ORD101395,2025-03-12,CUST1020,Customer_1593,Male,28,Bhubaneswar,Odisha,East,Fashion,Jeans,2,2336.9,10.0,4206.42,UPI,Delivered,712.29,4.5
ORD101396,2025-07-07,CUST1395,Customer_1518,Male,36,Hyderabad,Telangana,South,Home & Kitchen,Bedsheet,1,1664.62,10.0,1498.16,UPI,Delivered,168.17,3.7
ORD101397,2025-05-23,CUST1047,Customer_1027,Female,42,Bengaluru,Karnataka,South,Home & Kitchen,Mixer Grinder,3,4027.03,25.0,9060.82,Cash on Delivery,Delivered,1070.16,3.8
ORD101398,2025-11-07,CUST1775,Customer_1084,Female,39,,Telangana,South,Fashion,Shoes,2,6983.47,5.0,13268.59,UPI,Cancelled,2357.47,3.7
ORD101399,2025-06-20,CUST1640,Customer_1250,Male,18,Patna,Bihar,East,Home & Kitchen,Air Fryer,1,14702.28,0.0,14702.28,Net Banking,Delivered,3200.78,4.2
ORD101400,2025-07-20,CUST1329,Customer_1680,Male,33,Ahmedabad,Gujarat,West,Electronics,Headphones,3,3376.13,10.0,9115.55,Credit Card,Cancelled,639.58,3.5
ORD101401,2025-03-26,CUST1527,Customer_1248,Male,40,New Delhi,Delhi,North,Home & Kitchen,Air Fryer,3,11089.78,20.0,26615.47,UPI,Delivered,4945.64,5.0
ORD101402,2025-06-11,CUST1503,Customer_1448,Male,36,Hyderabad,Telangana,South,Home & Kitchen,Air Fryer,1,14120.57,20.0,11296.46,Net Banking,Delivered,982.58,3.5
ORD101403,2025-02-05,CUST1561,Customer_1256,Male,35,Panaji,Goa,West,Home & Kitchen,Cookware Set,3,3719.73,0.0,11159.19,UPI,Delivered,1995.39,3.9
ORD101404,2025-03-05,CUST1652,Customer_1425,Female,25,Jaipur,Rajasthan,North,Fashion,T-Shirt,2,1564.85,0.0,3129.7,Debit Card,Delivered,562.94,4.3
ORD101405,2025-02-15,CUST1647,Customer_1058,Female,35,Ranchi,Jharkhand,East,Fashion,Jacket,1,1890.48,15.0,1606.91,Credit Card,Delivered,199.56,4.3
ORD101406,2025-07-15,CUST1322,Customer_1418,Male,31,Panaji,Goa,West,Beauty,Face Wash,2,237.43,10.0,427.37,UPI,Cancelled,50.8,2.7
ORD101407,2025-03-09,CUST1490,Customer_1344,Male,21,Kochi,Kerala,South,Electronics,Laptop,3,82065.1,15.0,209266.01,Cash on Delivery,Cancelled,40499.7,4.1
ORD101408,2025-06-17,CUST1284,Customer_1494,Male,28,Kochi,Kerala,South,Home & Kitchen,Bedsheet,2,2723.59,10.0,4902.46,UPI,Delivered,749.97,5.0
ORD101409,2025-03-28,CUST1289,Customer_1649,Female,18,Hyderabad,Telangana,South,Beauty,Shampoo,2,288.83,10.0,519.89,UPI,Delivered,87.94,3.9
ORD101410,2025-02-06,CUST1599,Customer_1641,Female,37,Chennai,Tamil Nadu,South,Electronics,Smartphone,1,63103.23,10.0,56792.91,Cash on Delivery,Delivered,7050.44,5.0
ORD101411,2025-07-16,CUST1109,Customer_1220,Male,27,Jaipur,Rajasthan,North,Fashion,T-Shirt,2,1795.24,5.0,3410.96,Debit Card,Shipped,357.23,4.6
ORD101412,2025-12-22,CUST1011,Customer_1416,Male,32,Ranchi,Jharkhand,East,Fashion,Jeans,1,2012.68,5.0,1912.05,UPI,Delivered,302.11,4.6
ORD101413,2025-10-14,CUST1674,Customer_1263,Female,32,Lucknow,Uttar Pradesh,North,Sports,Cricket Bat,2,4931.79,5.0,9370.4,UPI,Delivered,2060.44,4.1
ORD101414,2025-06-21,CUST1789,Customer_1589,Male,29,Kolkata,West Bengal,East,Home & Kitchen,Mixer Grinder,1,6998.44,5.0,6648.52,UPI,Cancelled,456.26,4.4
ORD101415,2025-03-13,CUST1318,Customer_1595,Male,43,Ranchi,Jharkhand,East,Home & Kitchen,Dining Set,1,6243.55,10.0,5619.2,UPI,Returned,436.21,4.6
ORD101416,2025-09-26,CUST1524,Customer_1547,Female,33,Lucknow,Uttar Pradesh,North,Electronics,Smartphone,1,62787.71,10.0,56508.94,Debit Card,Returned,11813.33,4.3
ORD101417,2025-06-19,CUST1056,Customer_1733,Female,38,Bhubaneswar,Odisha,East,Sports,Football,1,1153.1,5.0,1095.44,Credit Card,Returned,151.25,4.2
ORD101418,2025-02-15,CUST1729,Customer_1055,Female,25,Mumbai,Maharashtra,West,Beauty,Moisturizer,1,822.13,5.0,781.02,UPI,Delivered,136.7,4.4
ORD101419,2025-06-14,CUST1194,Customer_1519,Female,34,Kochi,Kerala,South,Home & Kitchen,Air Fryer,2,6912.27,20.0,11059.63,Debit Card,Delivered,1677.08,3.8
ORD101420,2025-09-19,CUST1310,Customer_1344,Male,38,Panaji,Goa,West,Electronics,Tablet,2,34733.61,0.0,69467.22,UPI,Delivered,5039.3,3.8
ORD101421,2025-12-29,CUST1632,Customer_1133,Male,25,Chennai,Tamil Nadu,South,Sports,Dumbbells,3,2023.68,10.0,5463.94,Debit Card,Delivered,855.0,3.7
ORD101422,2025-07-03,CUST1770,Customer_1398,Male,31,Ahmedabad,Gujarat,West,Home & Kitchen,Mixer Grinder,2,3753.14,5.0,7130.97,Cash on Delivery,Delivered,890.54,4.6
ORD101423,2025-12-30,CUST1310,Customer_1279,Male,33,Patna,Bihar,East,Fashion,Shoes,1,3997.7,15.0,3398.04,Credit Card,Shipped,335.78,4.8
ORD101424,2025-05-27,CUST1326,Customer_1338,Female,43,Kolkata,West Bengal,East,Sports,Yoga Mat,1,749.77,5.0,712.28,Debit Card,Delivered,139.85,2.8
ORD101425,2025-05-25,CUST1112,Customer_1368,Male,34,Jaipur,Rajasthan,North,Electronics,Laptop,4,81464.88,5.0,309566.54,Cash on Delivery,Delivered,49107.6,5.0
ORD101426,2025-09-06,CUST1524,Customer_1283,Female,31,Bhubaneswar,Odisha,East,Fashion,Shoes,1,6837.52,20.0,5470.02,Debit Card,Delivered,655.19,4.0
ORD101427,2025-07-16,CUST1790,Customer_1540,Female,41,Mumbai,Maharashtra,West,Home & Kitchen,Bedsheet,1,1540.16,10.0,1386.14,UPI,Delivered,100.07,2.9
ORD101428,2025-02-10,CUST1203,Customer_1416,Male,32,Kochi,Kerala,South,Electronics,Smartwatch,1,7394.52,5.0,7024.79,UPI,Delivered,1208.71,3.0
ORD101429,2025-07-02,CUST1369,Customer_1701,Male,18,Bengaluru,Karnataka,South,Beauty,Face Wash,1,569.96,15.0,484.47,Credit Card,Delivered,84.2,3.9
ORD101430,2025-04-06,CUST1261,Customer_1512,Female,33,Lucknow,Uttar Pradesh,North,Fashion,Jacket,2,5835.98,5.0,11088.36,Credit Card,Delivered,758.4,4.4
ORD101431,2025-11-06,CUST1504,Customer_1026,Female,41,Patna,Bihar,East,Fashion,Shoes,3,2891.2,10.0,7806.24,Debit Card,Delivered,932.43,3.3
ORD101432,2025-02-18,CUST1032,Customer_1670,Female,27,Ahmedabad,Gujarat,West,Sports,Football,1,1972.59,15.0,1676.7,UPI,Delivered,343.39,4.3
ORD101433,2025-10-31,CUST1466,Customer_1083,Female,24,Patna,Bihar,East,Home & Kitchen,Dining Set,2,5619.99,10.0,10115.98,Debit Card,Delivered,1411.79,3.9
ORD101434,2025-03-07,CUST1060,Customer_1502,Male,25,Hyderabad,Telangana,South,Electronics,Headphones,2,4450.35,5.0,8455.67,Credit Card,Delivered,1259.88,3.6
ORD101435,2025-08-17,CUST1798,Customer_1257,Female,18,Lucknow,Uttar Pradesh,North,Sports,Dumbbells,1,4404.64,5.0,4184.41,Credit Card,Cancelled,493.06,3.7
ORD101436,2025-09-13,CUST1395,Customer_1037,Male,20,Mumbai,Maharashtra,West,Fashion,Jacket,4,4553.38,20.0,14570.82,UPI,Delivered,1506.3,4.6
ORD101437,2025-11-11,CUST1238,Customer_1686,Male,41,Bhubaneswar,Odisha,East,Electronics,Headphones,1,6455.36,5.0,6132.59,UPI,Delivered,581.01,4.4
ORD101438,2025-01-28,CUST1519,Customer_1398,Female,27,Ahmedabad,Gujarat,West,Fashion,Backpack,2,2345.75,0.0,4691.5,Cash on Delivery,Delivered,732.04,3.4
ORD101439,2025-01-17,CUST1655,Customer_1272,Female,49,New Delhi,Delhi,North,Home & Kitchen,Cookware Set,2,2310.77,10.0,4159.39,UPI,Delivered,538.39,4.4
ORD101440,2025-08-11,CUST1363,Customer_1210,Male,25,Hyderabad,Telangana,South,Fashion,Backpack,1,3289.65,5.0,3125.17,Net Banking,Delivered,600.32,4.2
ORD101441,2025-11-02,CUST1199,Customer_1036,Female,23,Lucknow,Uttar Pradesh,North,Electronics,Smartwatch,4,5772.41,5.0,21935.16,UPI,Delivered,1690.11,4.6
ORD101442,2025-08-29,CUST1717,Customer_1708,Female,33,Kochi,Kerala,South,Fashion,Backpack,1,2687.35,10.0,2418.61,UPI,Delivered,178.26,4.3
ORD101443,2025-01-05,CUST1727,Customer_1707,Female,29,Ahmedabad,Gujarat,West,Fashion,Shoes,3,3532.52,20.0,8478.05,Debit Card,Shipped,1749.53,4.5
ORD101444,2025-07-15,CUST1377,Customer_1365,Female,31,New Delhi,Delhi,North,Electronics,Smartphone,1,69477.75,10.0,62529.97,UPI,Delivered,5855.35,3.3
ORD101445,2025-06-08,CUST1205,Customer_1742,Male,45,Hyderabad,Telangana,South,Fashion,Shoes,5,5682.5,20.0,22730.0,UPI,Delivered,2870.53,5.0
ORD101446,2025-07-19,CUST1719,Customer_1117,Male,32,Chennai,Tamil Nadu,South,Sports,Dumbbells,2,3722.19,10.0,6699.94,Debit Card,Shipped,1275.82,3.7
ORD101447,2025-05-17,CUST1334,Customer_1548,Female,29,Kolkata,West Bengal,East,Electronics,Tablet,1,44289.1,10.0,39860.19,Cash on Delivery,Delivered,4557.26,3.4
ORD101448,2025-12-08,CUST1258,Customer_1388,Male,28,Kolkata,West Bengal,East,Fashion,T-Shirt,4,1627.85,0.0,6511.4,Net Banking,Delivered,707.08,4.1
ORD101449,2025-11-19,CUST1183,Customer_1573,Female,36,Hyderabad,Telangana,South,Electronics,Laptop,2,47486.15,15.0,80726.46,UPI,Cancelled,9908.18,4.9
ORD101450,2025-12-14,CUST1233,Customer_1392,Male,24,New Delhi,Delhi,North,Beauty,Perfume,1,3593.75,10.0,3234.38,UPI,Delivered,393.52,3.2
ORD101451,2025-11-08,CUST1065,Customer_1429,Female,24,Kolkata,West Bengal,East,Home & Kitchen,Cookware Set,2,3261.72,20.0,5218.75,Cash on Delivery,Delivered,350.92,3.9
ORD101452,2025-07-28,CUST1596,Customer_1735,Female,22,Bengaluru,Karnataka,South,Fashion,Jeans,4,991.45,15.0,3370.93,Cash on Delivery,Delivered,511.02,3.6
ORD101453,2025-02-06,CUST1232,Customer_1400,Female,24,Ranchi,Jharkhand,East,Electronics,Smartwatch,2,11935.93,20.0,19097.49,Credit Card,Delivered,2450.11,5.0
ORD101454,2025-12-19,CUST1117,Customer_1199,Male,40,Lucknow,Uttar Pradesh,North,Home & Kitchen,Bedsheet,1,1124.81,15.0,956.09,Net Banking,Delivered,101.11,3.2
ORD101455,2025-09-04,CUST1035,Customer_1175,Female,23,Ranchi,Jharkhand,East,Fashion,Backpack,4,3353.99,0.0,13415.96,UPI,Cancelled,2124.33,3.0
ORD101456,2025-10-08,CUST1798,Customer_1283,Male,29,Mumbai,Maharashtra,West,Sports,Football,2,828.06,20.0,1324.9,UPI,Delivered,255.13,3.8
ORD101457,2025-05-30,CUST1645,Customer_1143,Female,24,Kolkata,West Bengal,East,Beauty,Moisturizer,4,1048.49,10.0,3774.56,Credit Card,Delivered,774.67,3.9
ORD101458,2025-03-28,CUST1359,Customer_1695,Male,27,Ahmedabad,Gujarat,West,Fashion,T-Shirt,1,1667.65,10.0,1500.89,Net Banking,Returned,324.78,4.3
ORD101459,2025-07-30,CUST1430,Customer_1651,Male,19,Kochi,Kerala,South,Beauty,Perfume,3,3450.47,5.0,9833.84,UPI,Delivered,1198.6,4.4
ORD101460,2025-03-01,CUST1379,Customer_1002,Female,23,Hyderabad,Telangana,South,Fashion,Backpack,4,2589.28,15.0,8803.55,Credit Card,Delivered,1044.89,3.3
ORD101461,2025-03-13,CUST1671,Customer_1427,Female,27,Ahmedabad,Gujarat,West,Electronics,Smartphone,1,45349.64,10.0,40814.68,Credit Card,Delivered,2685.91,5.0
ORD101462,2025-02-16,CUST1709,Customer_1455,Male,39,Kochi,Kerala,South,Fashion,Jacket,2,2147.19,20.0,3435.5,Net Banking,Delivered,610.68,3.7
ORD101463,2025-03-24,CUST1535,Customer_1523,Male,28,Hyderabad,Telangana,South,Electronics,Laptop,3,50628.23,15.0,129101.99,UPI,Delivered,21606.4,2.3
ORD101464,2025-07-14,CUST1258,Customer_1790,Male,24,Kochi,Kerala,South,Electronics,Smartphone,2,46900.89,5.0,89111.69,Net Banking,Delivered,5381.9,4.6
ORD101465,2025-05-27,CUST1794,Customer_1384,Other,31,New Delhi,Delhi,North,Fashion,Jacket,2,2973.05,20.0,4756.88,UPI,Shipped,870.69,3.5
ORD101466,2025-02-07,CUST1392,Customer_1601,Female,28,Bengaluru,Karnataka,South,Beauty,Moisturizer,1,534.47,5.0,507.75,UPI,Delivered,73.57,3.8
ORD101467,2025-01-06,CUST1139,Customer_1095,Female,18,Ludhiana,Punjab,North,Home & Kitchen,Mixer Grinder,1,4977.74,15.0,4231.08,Debit Card,Shipped,728.16,4.5
ORD101468,2025-09-28,CUST1467,Customer_1469,Male,18,Gurugram,Haryana,North,Home & Kitchen,Mixer Grinder,3,6357.6,25.0,14304.6,Net Banking,Delivered,2659.23,3.7
ORD101469,2025-09-02,CUST1660,Customer_1604,Male,19,Chennai,Tamil Nadu,South,Electronics,Tablet,3,45962.79,5.0,130993.95,Debit Card,Delivered,16673.13,4.4
ORD101470,2025-12-06,CUST1328,Customer_1286,Male,29,Jaipur,Rajasthan,North,Fashion,T-Shirt,1,433.19,10.0,389.87,Debit Card,Delivered,85.04,4.6
ORD101471,2025-01-22,CUST1630,Customer_1095,Male,32,,Gujarat,West,Sports,Yoga Mat,1,1268.66,5.0,1205.23,UPI,Delivered,141.11,4.1
ORD101472,2025-02-18,CUST1677,Customer_1799,Male,48,Ludhiana,Punjab,North,Home & Kitchen,Mixer Grinder,1,5883.73,10.0,5295.36,UPI,Delivered,564.05,4.0
ORD101473,2025-04-15,CUST1503,Customer_1799,Female,25,Ranchi,Jharkhand,East,Beauty,Makeup Kit,1,2518.84,25.0,1889.13,Net Banking,Delivered,409.94,4.8
ORD101474,2025-08-22,CUST1073,Customer_1357,Male,31,Patna,Bihar,East,Fashion,T-Shirt,1,778.98,15.0,662.13,UPI,Delivered,138.25,4.5
ORD101475,2025-04-04,CUST1036,Customer_1230,Female,37,Mumbai,Maharashtra,West,Fashion,Jacket,1,5322.43,20.0,4257.94,UPI,Delivered,444.16,3.9
ORD101476,2025-02-13,CUST1300,Customer_1795,Female,25,Jaipur,Rajasthan,North,Fashion,Jeans,2,1029.75,10.0,1853.55,UPI,Delivered,190.21,2.6
ORD101477,2025-07-31,CUST1216,Customer_1270,Female,32,Ahmedabad,Gujarat,West,Home & Kitchen,Cookware Set,1,3924.19,0.0,3924.19,Cash on Delivery,Shipped,406.39,4.5
ORD101478,2025-08-25,CUST1766,Customer_1528,Male,43,Gurugram,Haryana,North,Electronics,Smartwatch,4,11075.04,10.0,39870.14,UPI,Delivered,5112.72,4.5
ORD101479,2025-09-02,CUST1018,Customer_1652,Male,38,Kochi,Kerala,South,Fashion,T-Shirt,3,591.37,10.0,1596.7,Credit Card,Returned,214.32,3.3
ORD101480,2025-09-26,CUST1456,Customer_1643,Female,18,Panaji,Goa,West,Electronics,Smartwatch,3,7799.62,20.0,18719.09,Credit Card,Delivered,1404.08,4.9
ORD101481,2025-11-27,CUST1146,Customer_1272,Male,25,Kolkata,West Bengal,East,Electronics,Smartwatch,2,4440.63,15.0,7549.07,UPI,Shipped,563.02,3.4
ORD101482,2025-09-02,CUST1757,Customer_1448,Male,28,Panaji,Goa,West,Electronics,Smartphone,3,49424.45,5.0,140859.68,UPI,Delivered,18890.88,5.0
ORD101483,2025-05-31,CUST1546,Customer_1636,Female,35,New Delhi,Delhi,North,Sports,Dumbbells,3,1999.56,15.0,5098.88,Net Banking,Delivered,562.53,4.7
ORD101484,2025-08-09,CUST1558,Customer_1491,Female,41,Kochi,Kerala,South,Beauty,Moisturizer,1,1759.31,0.0,1759.31,Net Banking,Delivered,124.84,3.5
ORD101485,2025-06-27,CUST1114,Customer_1407,Female,33,Bengaluru,Karnataka,South,Home & Kitchen,Mixer Grinder,1,2763.95,25.0,2072.96,UPI,Delivered,150.98,4.4
ORD101486,2025-05-04,CUST1256,Customer_1651,Male,41,Bengaluru,Karnataka,South,Electronics,Tablet,1,46620.8,25.0,34965.6,Cash on Delivery,Delivered,4877.15,5.0
ORD101487,2025-10-21,CUST1075,Customer_1719,Male,30,Bhubaneswar,Odisha,East,Beauty,Shampoo,2,648.94,5.0,1232.99,UPI,Delivered,157.56,4.5
ORD101488,2025-04-07,CUST1490,Customer_1007,Female,31,Panaji,Goa,West,Beauty,Shampoo,3,282.57,20.0,678.17,UPI,Delivered,140.35,3.8
ORD101489,2025-05-27,CUST1364,Customer_1599,Other,23,Hyderabad,Telangana,South,Fashion,Jacket,2,3153.2,5.0,5991.08,Credit Card,Delivered,926.96,4.9
ORD101490,2025-10-05,CUST1150,Customer_1553,Male,23,Ludhiana,Punjab,North,Home & Kitchen,Dining Set,2,17193.34,15.0,29228.68,Credit Card,Returned,5415.12,4.4
ORD101491,2025-09-22,CUST1327,Customer_1595,Female,33,Lucknow,Uttar Pradesh,North,Electronics,Headphones,1,6297.81,0.0,6297.81,Credit Card,Delivered,864.88,2.2
ORD101492,2025-05-17,CUST1363,Customer_1216,Female,29,Ahmedabad,Gujarat,West,Electronics,Tablet,5,44345.49,5.0,210641.08,UPI,Delivered,45128.7,2.2
ORD101493,2025-07-05,CUST1670,Customer_1543,Female,36,Jaipur,Rajasthan,North,Beauty,Makeup Kit,4,1671.83,10.0,6018.59,Credit Card,Delivered,670.66,3.9
ORD101494,2025-02-14,CUST1421,Customer_1403,Male,22,Kochi,Kerala,South,Sports,Cricket Bat,4,7654.07,20.0,24493.02,Net Banking,Delivered,5167.78,5.0
ORD101495,2025-11-25,CUST1088,Customer_1618,Female,30,Kochi,Kerala,South,Electronics,Laptop,1,53380.11,10.0,48042.1,Debit Card,Delivered,3279.18,4.1
ORD101496,2025-04-21,CUST1370,Customer_1177,Male,44,Patna,Bihar,East,Electronics,Headphones,1,5986.31,20.0,4789.05,Debit Card,Returned,393.55,4.9
ORD101497,2025-01-04,CUST1129,Customer_1026,Male,50,Mumbai,Maharashtra,West,Electronics,Smartphone,1,34064.16,10.0,30657.74,UPI,Delivered,3247.98,3.5
ORD101498,2025-03-06,CUST1306,Customer_1772,Female,26,Panaji,Goa,West,Electronics,Laptop,1,63767.27,10.0,57390.54,UPI,Delivered,6346.73,2.3
ORD101499,2025-06-16,CUST1331,Customer_1062,Male,38,Ludhiana,Punjab,North,Beauty,Moisturizer,2,1679.77,5.0,3191.56,UPI,Delivered,270.58,4.2
ORD101500,2025-05-15,CUST1339,Customer_1359,Male,32,Mumbai,Maharashtra,West,Sports,Running Shoes,1,5372.37,0.0,5372.37,Net Banking,Delivered,961.67,4.6
ORD101501,2025-04-06,CUST1724,Customer_1368,Other,23,Patna,Bihar,East,Beauty,Moisturizer,1,1726.6,10.0,1553.94,Credit Card,Delivered,210.56,4.5
ORD101502,2025-03-14,CUST1077,Customer_1544,Female,39,Patna,Bihar,East,Electronics,Smartphone,4,43386.66,15.0,147514.64,UPI,Delivered,9110.47,4.9
ORD101503,2025-03-31,CUST1372,Customer_1175,Male,18,Panaji,Goa,West,Sports,Dumbbells,1,1971.87,5.0,1873.28,UPI,Delivered,371.92,3.2
ORD101504,2025-03-13,CUST1433,Customer_1689,Male,22,Ranchi,Jharkhand,East,Sports,Cricket Bat,1,5390.82,0.0,5390.82,UPI,Delivered,1050.24,4.3
ORD101505,2025-04-09,CUST1706,Customer_1311,Male,29,Panaji,Goa,West,Home & Kitchen,Dining Set,2,15129.63,0.0,30259.26,Net Banking,Delivered,4263.02,4.6
ORD101506,2025-12-09,CUST1400,Customer_1454,Female,41,Ranchi,Jharkhand,East,Beauty,Face Wash,4,457.44,15.0,1555.3,UPI,Delivered,243.28,3.3
ORD101507,2025-07-31,CUST1776,Customer_1438,Male,33,New Delhi,Delhi,North,Home & Kitchen,Air Fryer,3,8959.75,10.0,24191.33,Net Banking,Delivered,1462.13,4.5
ORD101508,2025-09-30,CUST1339,Customer_1179,Male,52,Gurugram,Haryana,North,Electronics,Tablet,4,22710.34,10.0,81757.22,Debit Card,Delivered,17900.47,4.2
ORD101509,2025-08-16,CUST1575,Customer_1780,Male,35,Jaipur,Rajasthan,North,Fashion,Backpack,3,1531.03,25.0,3444.82,UPI,Delivered,732.61,5.0
ORD101510,2025-02-02,CUST1412,Customer_1626,Female,22,Bhubaneswar,Odisha,East,Beauty,Moisturizer,1,1796.95,10.0,1617.26,UPI,Delivered,338.12,5.0
ORD101511,2025-02-06,CUST1506,Customer_1388,Female,31,Lucknow,Uttar Pradesh,North,Sports,Cricket Bat,2,1672.25,10.0,3010.05,UPI,Cancelled,187.16,4.8
ORD101512,2025-05-07,CUST1499,Customer_1046,Male,42,Panaji,Goa,West,Electronics,Laptop,3,37213.22,20.0,89311.73,UPI,Delivered,8163.92,4.5
ORD101513,2025-04-05,CUST1272,Customer_1247,Female,31,Ludhiana,Punjab,North,Electronics,Smartwatch,3,8913.23,20.0,21391.75,Net Banking,Cancelled,1302.83,3.9
ORD101514,2025-04-23,CUST1459,Customer_1276,Male,29,Gurugram,Haryana,North,Beauty,Moisturizer,1,350.81,15.0,298.19,UPI,Cancelled,43.4,3.1
ORD101515,2025-12-15,CUST1217,Customer_1434,Female,35,Kolkata,West Bengal,East,Home & Kitchen,Dining Set,1,4536.3,0.0,4536.3,Credit Card,Shipped,478.25,3.8
ORD101516,2025-03-23,CUST1422,Customer_1517,Female,40,Kochi,Kerala,South,Beauty,Shampoo,3,882.56,15.0,2250.53,Credit Card,Shipped,232.9,4.3
ORD101517,2025-04-13,CUST1149,Customer_1084,Male,33,Kochi,Kerala,South,Beauty,Moisturizer,2,516.94,10.0,930.49,Cash on Delivery,Delivered,71.09,3.5
ORD101518,2025-02-11,CUST1110,Customer_1582,Female,29,Patna,Bihar,East,Sports,Football,1,2917.79,15.0,2480.12,UPI,Delivered,248.54,5.0
ORD101519,2025-02-23,CUST1692,Customer_1104,Female,33,Mumbai,Maharashtra,West,Sports,Football,1,2423.31,20.0,1938.65,Debit Card,Delivered,140.67,3.9
ORD101520,2025-02-08,CUST1094,Customer_1522,Male,51,New Delhi,Delhi,North,Home & Kitchen,Cookware Set,1,4190.0,10.0,3771.0,Credit Card,Shipped,583.43,5.0
ORD101521,2025-05-10,CUST1784,Customer_1526,Male,36,Hyderabad,Telangana,South,Electronics,Tablet,1,17948.93,15.0,15256.59,UPI,Delivered,1889.36,4.1
ORD101522,2025-05-15,CUST1035,Customer_1420,Female,28,Mumbai,Maharashtra,West,Fashion,Backpack,1,1448.8,15.0,1231.48,UPI,Delivered,267.36,3.4
ORD101523,2025-10-25,CUST1760,Customer_1677,Female,24,Ahmedabad,Gujarat,West,Fashion,Backpack,2,3461.5,25.0,5192.25,Net Banking,Shipped,1033.9,4.6
ORD101524,2025-06-04,CUST1685,Customer_1535,Male,33,Bengaluru,Karnataka,South,Electronics,Headphones,2,4766.93,25.0,7150.4,UPI,Delivered,1060.76,3.0
ORD101525,2025-04-06,CUST1452,Customer_1762,Male,34,Ludhiana,Punjab,North,Sports,Yoga Mat,2,1754.87,0.0,3509.74,Debit Card,Delivered,707.69,3.9
ORD101526,2025-09-30,CUST1396,Customer_1752,Female,41,Bengaluru,Karnataka,South,Sports,Dumbbells,2,1888.03,20.0,3020.85,Credit Card,Delivered,260.14,4.4
ORD101527,2025-05-28,CUST1642,Customer_1083,Male,38,Patna,Bihar,East,Home & Kitchen,Air Fryer,3,4632.79,10.0,12508.53,UPI,Delivered,2027.13,4.0
ORD101528,2025-09-02,CUST1437,Customer_1667,Female,32,Bengaluru,Karnataka,South,Home & Kitchen,Dining Set,1,12996.87,0.0,12996.87,Debit Card,Delivered,793.22,3.1
ORD101529,2025-10-26,CUST1581,Customer_1319,Male,27,Bhubaneswar,Odisha,East,Electronics,Laptop,1,56877.86,5.0,54033.97,UPI,Delivered,4757.3,3.9
ORD101530,2025-02-03,CUST1403,Customer_1393,Male,21,Ahmedabad,Gujarat,West,Home & Kitchen,Dining Set,3,5115.87,5.0,14580.23,Debit Card,Delivered,2215.8,4.3
ORD101531,2025-07-28,CUST1216,Customer_1713,Male,27,Ahmedabad,Gujarat,West,Fashion,T-Shirt,1,1535.88,15.0,1305.5,UPI,Delivered,81.82,4.1
ORD101532,2025-03-13,CUST1354,Customer_1704,Male,18,Bhubaneswar,Odisha,East,Electronics,Tablet,1,24311.78,20.0,19449.42,UPI,Returned,3580.64,4.9
ORD101533,2025-04-05,CUST1688,Customer_1523,Male,24,Lucknow,Uttar Pradesh,North,Home & Kitchen,Dining Set,1,15758.66,0.0,15758.66,Credit Card,Delivered,1676.31,5.0
ORD101534,2025-11-04,CUST1427,Customer_1199,Male,21,Panaji,Goa,West,Fashion,Shoes,2,5890.51,5.0,11191.97,UPI,Delivered,2232.57,3.0
ORD101535,2025-07-19,CUST1183,Customer_1410,Male,22,Mumbai,Maharashtra,West,Electronics,Laptop,1,57773.06,15.0,49107.1,Credit Card,Delivered,9815.13,2.3
ORD101536,2025-03-15,CUST1332,Customer_1169,Other,33,Patna,Bihar,East,Beauty,Perfume,4,4448.18,5.0,16903.08,Debit Card,Delivered,3044.69,3.5
ORD101537,2025-01-29,CUST1715,Customer_1002,Male,23,Bengaluru,Karnataka,South,Electronics,Tablet,2,42374.36,15.0,72036.41,UPI,Delivered,6653.41,5.0
ORD101538,2025-11-20,CUST1446,Customer_1278,Female,40,Panaji,Goa,West,Beauty,Face Wash,1,357.29,10.0,321.56,Credit Card,Delivered,28.52,3.9
ORD101539,2025-11-09,CUST1487,Customer_1651,Male,37,Ahmedabad,Gujarat,West,Fashion,Jeans,4,1924.29,15.0,6542.59,UPI,Delivered,1064.81,4.5
ORD101540,2025-08-06,CUST1507,Customer_1587,Male,34,Hyderabad,Telangana,South,Sports,Yoga Mat,1,601.85,10.0,541.67,UPI,Delivered,111.06,5.0
ORD101541,2025-09-28,CUST1707,Customer_1369,Female,26,Patna,Bihar,East,Home & Kitchen,Air Fryer,2,8345.13,0.0,16690.26,UPI,Delivered,1687.68,4.6
ORD101542,2025-02-18,CUST1800,Customer_1331,Female,41,Patna,Bihar,East,Home & Kitchen,Bedsheet,1,1375.75,5.0,1306.96,UPI,Delivered,105.36,3.4
ORD101543,2025-10-25,CUST1328,Customer_1302,Female,27,Patna,Bihar,East,Beauty,Perfume,4,2793.43,20.0,8938.98,UPI,Delivered,1546.67,4.1
ORD101544,2025-08-21,CUST1071,Customer_1717,Female,21,Gurugram,Haryana,North,Fashion,Jacket,2,3888.85,25.0,5833.27,Cash on Delivery,Delivered,1192.92,3.0
ORD101545,2025-03-09,CUST1030,Customer_1316,Male,20,Kolkata,West Bengal,East,Electronics,Smartphone,1,23156.96,15.0,19683.42,UPI,Delivered,2227.25,4.1
ORD101546,2025-02-17,CUST1261,Customer_1573,Female,18,Chennai,Tamil Nadu,South,Beauty,Moisturizer,4,617.8,5.0,2347.64,UPI,Delivered,196.83,4.2
ORD101547,2025-09-09,CUST1537,Customer_1553,Male,19,Lucknow,Uttar Pradesh,North,Sports,Dumbbells,1,3101.37,15.0,2636.16,UPI,Delivered,442.65,3.3
ORD101548,2025-06-15,CUST1551,Customer_1214,Female,30,Chennai,Tamil Nadu,South,Sports,Running Shoes,1,2670.1,20.0,2136.08,Net Banking,Delivered,165.59,4.6
ORD101549,2025-12-23,CUST1768,Customer_1579,Male,30,Lucknow,Uttar Pradesh,North,Electronics,Tablet,1,16165.25,25.0,12123.94,Debit Card,Delivered,1742.1,3.8
ORD101550,2025-01-24,CUST1497,Customer_1193,Female,33,Panaji,Goa,West,Fashion,Backpack,4,3198.88,5.0,12155.74,Net Banking,Delivered,1333.81,4.1
ORD101551,2025-07-05,CUST1474,Customer_1061,Female,27,Bengaluru,Karnataka,South,Home & Kitchen,Air Fryer,1,6452.41,10.0,5807.17,Debit Card,Delivered,415.43,3.7
ORD101552,2025-08-19,CUST1555,Customer_1004,Female,37,Ahmedabad,Gujarat,West,Electronics,Laptop,1,54759.51,10.0,49283.56,UPI,Delivered,5066.85,3.9
ORD101553,2025-06-02,CUST1606,Customer_1749,Male,32,Patna,Bihar,East,Fashion,T-Shirt,1,1666.54,0.0,1666.54,Credit Card,Delivered,331.93,5.0
ORD101554,2025-12-16,CUST1273,Customer_1669,Male,19,Jaipur,Rajasthan,North,Electronics,Smartwatch,1,13965.99,5.0,13267.69,UPI,Cancelled,2677.87,3.6
ORD101555,2025-11-30,CUST1517,Customer_1731,Male,26,Chennai,Tamil Nadu,South,Electronics,Headphones,1,5470.19,25.0,4102.64,Net Banking,Delivered,608.41,5.0
ORD101556,2025-05-06,CUST1204,Customer_1246,Female,48,Ranchi,Jharkhand,East,Home & Kitchen,Dining Set,3,7440.57,10.0,20089.54,Debit Card,Delivered,4270.47,4.5
ORD101557,2025-09-30,CUST1721,Customer_1382,Male,39,Ludhiana,Punjab,North,Home & Kitchen,Mixer Grinder,1,4234.34,5.0,4022.62,Credit Card,Delivered,781.08,3.9
ORD101558,2025-04-29,CUST1121,Customer_1763,Male,42,Gurugram,Haryana,North,Electronics,Smartphone,1,15710.26,5.0,14924.75,Cash on Delivery,Delivered,3004.49,3.5
ORD101559,2025-03-28,CUST1293,Customer_1092,Female,29,Mumbai,Maharashtra,West,Electronics,Laptop,1,68134.93,20.0,54507.94,UPI,Delivered,3688.21,3.9
ORD101560,2025-06-05,CUST1393,Customer_1408,Male,32,Jaipur,Rajasthan,North,Sports,Yoga Mat,1,2134.9,15.0,1814.66,Net Banking,Shipped,250.8,4.8
ORD101561,2025-08-16,CUST1487,Customer_1765,Male,36,Ahmedabad,Gujarat,West,Sports,Football,2,1143.66,10.0,2058.59,Net Banking,Delivered,216.0,5.0
ORD101562,2025-01-07,CUST1222,Customer_1077,Male,22,Kolkata,West Bengal,East,Beauty,Moisturizer,2,1211.22,5.0,2301.32,Debit Card,Delivered,312.77,3.9
ORD101563,2025-09-06,CUST1098,Customer_1616,Female,19,Gurugram,Haryana,North,Fashion,T-Shirt,3,1477.45,25.0,3324.26,UPI,Delivered,237.46,2.6
ORD101564,2025-09-16,CUST1400,Customer_1270,Female,19,Bhubaneswar,Odisha,East,Home & Kitchen,Air Fryer,1,10701.62,10.0,9631.46,Cash on Delivery,Returned,1587.66,4.2
ORD101565,2025-11-09,CUST1407,Customer_1407,Male,34,Ahmedabad,Gujarat,West,Beauty,Perfume,1,4301.68,10.0,3871.51,Debit Card,Cancelled,736.89,4.5
ORD101566,2025-03-30,CUST1246,Customer_1058,Male,25,New Delhi,Delhi,North,Electronics,Laptop,1,35865.73,10.0,32279.16,Debit Card,Delivered,2430.18,4.7
ORD101567,2025-06-03,CUST1153,Customer_1291,Female,41,Bengaluru,Karnataka,South,Electronics,Laptop,1,67115.51,15.0,57048.18,Debit Card,Delivered,9264.94,4.3
ORD101568,2025-09-24,CUST1795,Customer_1002,Male,30,Bhubaneswar,Odisha,East,Electronics,Smartphone,5,60835.9,0.0,304179.5,Credit Card,Delivered,64377.82,2.9
ORD101569,2025-11-08,CUST1437,Customer_1726,Male,34,Patna,Bihar,East,Home & Kitchen,Dining Set,1,15030.29,0.0,15030.29,UPI,Returned,2706.01,4.5
ORD101570,2025-08-13,CUST1161,Customer_1036,Female,34,Kochi,Kerala,South,Sports,Yoga Mat,2,935.01,15.0,1589.52,UPI,Delivered,327.89,3.7
ORD101571,2025-04-19,CUST1573,Customer_1489,Male,38,Panaji,Goa,West,Home & Kitchen,Air Fryer,1,9613.95,5.0,9133.25,UPI,Returned,1482.62,3.0
ORD101572,2025-04-03,CUST1260,Customer_1281,Male,39,Jaipur,Rajasthan,North,Beauty,Moisturizer,3,380.83,25.0,856.87,Net Banking,Delivered,176.45,4.0
ORD101573,2025-11-24,CUST1087,Customer_1515,Male,46,Kolkata,West Bengal,East,Electronics,Smartwatch,1,5195.43,10.0,4675.89,Credit Card,Delivered,1009.61,3.7
ORD101574,2025-06-18,CUST1316,Customer_1078,Female,22,Ahmedabad,Gujarat,West,Fashion,Shoes,1,4133.88,15.0,3513.8,Debit Card,Delivered,722.23,3.6
ORD101575,2025-09-02,CUST1190,Customer_1086,Female,39,Hyderabad,Telangana,South,Home & Kitchen,Mixer Grinder,1,6990.69,10.0,6291.62,Credit Card,Delivered,403.83,3.3
ORD101576,2025-12-04,CUST1319,Customer_1513,Male,22,Lucknow,Uttar Pradesh,North,Sports,Yoga Mat,1,1619.02,15.0,1376.17,UPI,Cancelled,125.66,3.9
ORD101577,2025-01-01,CUST1148,Customer_1671,Female,39,Jaipur,Rajasthan,North,Electronics,Tablet,1,38335.13,10.0,34501.62,Cash on Delivery,Delivered,4695.27,4.1
ORD101578,2025-10-08,CUST1407,Customer_1613,Male,36,Gurugram,Haryana,North,Fashion,T-Shirt,1,1446.52,20.0,1157.22,Credit Card,Delivered,116.26,3.1
ORD101579,2025-01-30,CUST1304,Customer_1787,Female,31,Bengaluru,Karnataka,South,Home & Kitchen,Dining Set,1,15299.11,0.0,15299.11,UPI,Delivered,2795.04,
ORD101580,2025-02-05,CUST1227,Customer_1151,Female,23,New Delhi,Delhi,North,Home & Kitchen,Air Fryer,2,7704.69,15.0,13097.97,Net Banking,Delivered,2521.41,3.4
ORD101581,2025-09-11,CUST1446,Customer_1029,Female,31,Chennai,Tamil Nadu,South,Home & Kitchen,Bedsheet,1,2028.02,25.0,1521.01,Net Banking,Delivered,321.11,3.7
ORD101582,2025-04-24,CUST1511,Customer_1596,Female,46,Bhubaneswar,Odisha,East,Fashion,Shoes,1,2945.91,10.0,2651.32,Net Banking,Delivered,421.37,3.4
ORD101583,2025-01-04,CUST1606,Customer_1389,Female,39,Kochi,Kerala,South,Electronics,Smartwatch,1,5260.87,5.0,4997.83,UPI,Delivered,1047.22,4.5
ORD101584,2025-05-14,CUST1568,Customer_1526,Male,32,Ranchi,Jharkhand,East,Fashion,T-Shirt,2,1253.25,10.0,2255.85,UPI,Delivered,469.75,5.0
ORD101585,2025-09-30,CUST1625,Customer_1110,Female,38,Kochi,Kerala,South,Fashion,T-Shirt,3,877.81,15.0,2238.42,Cash on Delivery,Delivered,362.69,3.3
ORD101586,2025-09-12,CUST1597,Customer_1035,Male,32,Bhubaneswar,Odisha,East,Home & Kitchen,Dining Set,1,13166.68,15.0,11191.68,UPI,Delivered,2216.98,4.5
ORD101587,2025-09-12,CUST1231,Customer_1203,Male,28,Bhubaneswar,Odisha,East,Home & Kitchen,Dining Set,1,5223.04,10.0,4700.74,Debit Card,Delivered,444.08,4.1
ORD101588,2025-09-24,CUST1129,Customer_1220,Female,41,Ranchi,Jharkhand,East,Fashion,T-Shirt,1,1544.99,0.0,1544.99,UPI,Shipped,265.54,3.6
ORD101589,2025-03-30,CUST1316,Customer_1011,Female,23,Kolkata,West Bengal,East,Home & Kitchen,Air Fryer,1,4537.77,20.0,3630.22,UPI,Delivered,498.42,3.9
ORD101590,2025-06-06,CUST1080,Customer_1273,Female,30,Bengaluru,Karnataka,South,Sports,Dumbbells,1,2253.33,5.0,2140.66,Cash on Delivery,Delivered,222.63,2.9
ORD101591,2025-09-27,CUST1421,Customer_1049,Female,41,Ranchi,Jharkhand,East,Home & Kitchen,Mixer Grinder,4,6285.16,5.0,23883.61,Credit Card,Delivered,4924.08,4.1
ORD101592,2025-04-29,CUST1365,Customer_1794,Female,27,Ahmedabad,Gujarat,West,Sports,Football,2,2072.58,5.0,3937.9,UPI,Delivered,261.21,4.2
ORD101593,2025-04-11,CUST1572,Customer_1043,Female,27,Jaipur,Rajasthan,North,Electronics,Laptop,4,61811.19,10.0,222520.28,Cash on Delivery,Delivered,22508.37,2.8
ORD101594,2025-04-27,CUST1527,Customer_1211,Male,20,Gurugram,Haryana,North,Fashion,T-Shirt,1,729.54,10.0,656.59,Debit Card,Delivered,111.51,5.0
ORD101595,2025-02-26,CUST1131,Customer_1549,Female,26,Hyderabad,Telangana,South,Fashion,Jacket,4,4048.72,15.0,13765.65,Credit Card,Delivered,2986.03,5.0
ORD101596,2025-10-30,CUST1419,Customer_1206,Female,30,Ranchi,Jharkhand,East,Home & Kitchen,Cookware Set,4,3563.66,15.0,12116.44,UPI,Delivered,1841.27,5.0
ORD101597,2025-09-28,CUST1257,Customer_1637,Female,30,Bengaluru,Karnataka,South,Fashion,T-Shirt,1,1179.52,25.0,884.64,Debit Card,Delivered,187.76,4.9
ORD101598,2025-04-04,CUST1380,Customer_1443,Male,29,Kochi,Kerala,South,Fashion,T-Shirt,3,506.45,20.0,1215.48,UPI,Delivered,118.35,3.9
ORD101599,2025-06-04,CUST1661,Customer_1343,Female,21,Ludhiana,Punjab,North,Fashion,Jeans,1,1669.71,5.0,1586.22,Debit Card,Delivered,137.8,4.2
ORD101600,2025-12-01,CUST1563,Customer_1362,Female,37,Bengaluru,Karnataka,South,Home & Kitchen,Bedsheet,2,749.58,10.0,1349.24,UPI,Cancelled,99.47,2.8
ORD101601,2025-04-13,CUST1048,Customer_1737,Female,20,New Delhi,Delhi,North,Home & Kitchen,Cookware Set,1,7445.2,10.0,6700.68,Cash on Delivery,Delivered,950.74,3.5
ORD101602,2025-02-12,CUST1407,Customer_1158,Female,35,Bengaluru,Karnataka,South,Fashion,Jeans,1,2073.47,10.0,1866.12,UPI,Delivered,249.23,4.3
ORD101603,2025-05-25,CUST1258,Customer_1474,Female,27,Jaipur,Rajasthan,North,Fashion,T-Shirt,1,1523.56,20.0,1218.85,UPI,Shipped,263.14,3.2
ORD101604,2025-05-31,CUST1246,Customer_1110,Male,37,New Delhi,Delhi,North,Home & Kitchen,Mixer Grinder,1,8754.7,10.0,7879.23,Credit Card,Delivered,974.32,4.5
ORD101605,2025-06-16,CUST1019,Customer_1345,Male,22,Lucknow,Uttar Pradesh,North,Fashion,Shoes,2,5344.11,10.0,9619.4,UPI,Delivered,771.57,3.8
ORD101606,2025-06-30,CUST1109,Customer_1135,Female,44,Ludhiana,Punjab,North,Home & Kitchen,Cookware Set,1,5133.06,5.0,4876.41,UPI,Returned,516.16,4.9
ORD101607,2025-05-16,CUST1326,Customer_1733,Male,28,Kochi,Kerala,South,Home & Kitchen,Mixer Grinder,1,5543.27,20.0,4434.62,UPI,Delivered,669.13,3.4
ORD101608,2025-03-06,CUST1763,Customer_1021,Female,19,Kochi,Kerala,South,Fashion,Jeans,1,2555.25,20.0,2044.2,Cash on Delivery,Delivered,235.97,4.0
ORD101609,2025-05-01,CUST1387,Customer_1439,Male,28,Chennai,Tamil Nadu,South,Sports,Dumbbells,1,2436.1,10.0,2192.49,Credit Card,Delivered,212.22,5.0
ORD101610,2025-09-29,CUST1484,Customer_1005,Male,35,Gurugram,Haryana,North,Electronics,Laptop,1,50322.18,,45289.96,UPI,Delivered,6505.86,4.7
ORD101611,2025-12-24,CUST1276,Customer_1690,Male,38,New Delhi,Delhi,North,Sports,Cricket Bat,2,3585.77,15.0,6095.81,UPI,Delivered,1207.75,3.4
ORD101612,2025-10-01,CUST1753,Customer_1058,Male,27,Bhubaneswar,Odisha,East,Fashion,Backpack,3,1461.61,15.0,3727.11,Debit Card,Shipped,545.96,3.8
ORD101613,2025-11-08,CUST1005,Customer_1357,Male,33,Ludhiana,Punjab,North,Electronics,Smartwatch,4,2085.07,15.0,7089.24,Credit Card,Delivered,1211.85,4.2
ORD101614,2025-11-16,CUST1720,Customer_1433,Other,34,Patna,Bihar,East,Electronics,Laptop,1,64597.3,20.0,51677.84,Credit Card,Delivered,5066.19,4.0
ORD101615,2025-03-29,CUST1765,Customer_1750,Female,36,Kolkata,West Bengal,East,Sports,Running Shoes,2,3732.09,25.0,5598.14,Debit Card,Delivered,945.7,4.1
ORD101616,2025-11-17,CUST1267,Customer_1794,Female,30,Gurugram,Haryana,North,Fashion,Backpack,3,1795.89,0.0,5387.67,Debit Card,Delivered,543.01,5.0
ORD101617,2025-11-17,CUST1080,Customer_1688,Female,26,New Delhi,Delhi,North,Home & Kitchen,Cookware Set,1,6335.6,10.0,5702.04,Debit Card,Delivered,658.83,4.5
ORD101618,2025-11-19,CUST1508,Customer_1548,Female,18,Jaipur,Rajasthan,North,Home & Kitchen,Air Fryer,1,7643.49,0.0,7643.49,Credit Card,Delivered,805.37,2.6
ORD101619,2025-04-24,CUST1664,Customer_1026,Female,28,Hyderabad,Telangana,South,Fashion,Backpack,5,3363.18,20.0,13452.72,Credit Card,Delivered,1148.05,3.2
ORD101620,2025-11-25,CUST1077,Customer_1330,Male,42,Hyderabad,Telangana,South,Electronics,Smartphone,4,20296.75,5.0,77127.65,Cash on Delivery,Cancelled,15001.55,3.5
ORD101621,2025-05-31,CUST1509,Customer_1342,Female,43,Jaipur,Rajasthan,North,Beauty,Perfume,2,3600.37,10.0,6480.67,Cash on Delivery,Delivered,1016.58,4.3
ORD101622,2025-11-04,CUST1736,Customer_1057,Female,27,Bhubaneswar,Odisha,East,Electronics,Smartphone,2,58805.13,5.0,111729.75,Cash on Delivery,Shipped,7340.78,3.3
ORD101623,2025-12-21,CUST1070,Customer_1582,Male,18,Lucknow,Uttar Pradesh,North,Sports,Football,1,1529.15,20.0,1223.32,UPI,Shipped,75.21,5.0
ORD101624,2025-04-24,CUST1746,Customer_1774,Female,28,Jaipur,Rajasthan,North,Sports,Dumbbells,2,4862.27,0.0,9724.54,Credit Card,Returned,1751.6,3.7
ORD101625,2025-10-13,CUST1221,Customer_1009,Female,39,Gurugram,Haryana,North,Electronics,Tablet,1,47706.29,15.0,40550.35,Debit Card,Shipped,3027.5,5.0
ORD101626,2025-11-24,CUST1306,Customer_1148,Male,44,Chennai,Tamil Nadu,South,Sports,Running Shoes,1,1898.89,20.0,1519.11,Credit Card,Delivered,267.42,5.0
ORD101627,2025-04-09,CUST1148,Customer_1570,Male,39,Bhubaneswar,Odisha,East,Home & Kitchen,Air Fryer,2,7006.49,15.0,11911.03,Credit Card,Delivered,1130.11,3.6
ORD101628,2025-05-13,CUST1168,Customer_1245,Female,32,Chennai,Tamil Nadu,South,Sports,Yoga Mat,5,1660.23,20.0,6640.92,Debit Card,Delivered,1262.42,3.9
ORD101629,2025-12-05,CUST1351,Customer_1649,Female,35,Jaipur,Rajasthan,North,Electronics,Tablet,3,23866.85,5.0,68020.52,UPI,Delivered,8768.31,4.3
ORD101630,2025-08-26,CUST1364,Customer_1204,Female,35,Hyderabad,Telangana,South,Electronics,Smartphone,3,64275.46,15.0,163902.42,Credit Card,Delivered,17443.25,4.1
ORD101631,2025-06-02,CUST1265,Customer_1695,Male,29,Hyderabad,Telangana,South,Sports,Dumbbells,1,1839.69,20.0,1471.75,Net Banking,Delivered,173.28,4.2
ORD101632,2025-08-08,CUST1459,Customer_1167,Female,21,Chennai,Tamil Nadu,South,Fashion,Jeans,1,1519.52,15.0,1291.59,Credit Card,Delivered,125.15,3.6
ORD101633,2025-01-30,CUST1347,Customer_1594,Male,26,Gurugram,Haryana,North,Electronics,Laptop,1,65914.5,10.0,59323.05,Debit Card,Delivered,11565.52,3.7
ORD101634,2025-08-09,CUST1156,Customer_1383,Male,28,Gurugram,Haryana,North,Fashion,T-Shirt,3,1553.48,20.0,3728.35,Credit Card,Delivered,784.69,4.3
ORD101635,2025-12-23,CUST1128,Customer_1358,Female,43,Panaji,Goa,West,Sports,Football,3,1812.63,10.0,4894.1,Debit Card,Delivered,513.6,4.1
ORD101636,2025-03-02,CUST1579,Customer_1226,Male,29,Jaipur,Rajasthan,North,Electronics,Tablet,5,32607.03,15.0,138579.88,Cash on Delivery,Shipped,14497.01,3.4
ORD101637,2025-09-03,CUST1309,Customer_1570,Female,28,Ranchi,Jharkhand,East,Sports,Running Shoes,2,6518.22,10.0,11732.8,Debit Card,Delivered,1472.49,4.1
ORD101638,2025-06-10,CUST1744,Customer_1380,Male,38,Bhubaneswar,Odisha,East,Electronics,Headphones,4,2408.22,5.0,9151.24,Debit Card,Delivered,1222.4,4.8
ORD101639,2025-08-06,CUST1248,Customer_1111,Female,31,Kolkata,West Bengal,East,Sports,Cricket Bat,3,1203.47,10.0,3249.37,Debit Card,Delivered,317.26,3.0
ORD101640,2025-06-17,CUST1264,Customer_1599,Male,32,Panaji,Goa,West,Fashion,T-Shirt,1,782.67,0.0,782.67,Net Banking,Delivered,69.15,3.6
ORD101641,2025-08-10,CUST1223,Customer_1269,Male,37,Ranchi,Jharkhand,East,Sports,Running Shoes,2,5328.14,10.0,9590.65,Debit Card,Delivered,1676.52,3.3
ORD101642,2025-04-27,CUST1208,Customer_1724,Female,41,Lucknow,Uttar Pradesh,North,Electronics,Smartphone,1,22549.76,5.0,21422.27,Credit Card,Delivered,1684.33,4.0
ORD101643,2025-06-16,CUST1246,Customer_1245,Female,37,Ranchi,Jharkhand,East,Home & Kitchen,Dining Set,1,8855.23,25.0,6641.42,Credit Card,Delivered,1228.17,3.5
ORD101644,2025-08-30,CUST1280,Customer_1424,Female,40,Patna,Bihar,East,Fashion,Backpack,1,3004.0,5.0,2853.8,UPI,Delivered,366.35,4.5
ORD101645,2025-03-05,CUST1609,Customer_1416,Female,34,Chennai,Tamil Nadu,South,Fashion,Backpack,1,3303.81,10.0,2973.43,Debit Card,Delivered,616.86,4.4
ORD101646,2025-08-02,CUST1632,Customer_1399,Male,18,Ranchi,Jharkhand,East,Home & Kitchen,Bedsheet,1,1132.83,10.0,1019.55,UPI,Cancelled,208.99,4.6
ORD101647,2025-10-05,CUST1343,Customer_1708,Female,24,Ludhiana,Punjab,North,Electronics,Laptop,1,74350.31,10.0,66915.28,Debit Card,Delivered,11776.88,4.7
ORD101648,2025-09-18,CUST1281,Customer_1329,Male,34,Ahmedabad,Gujarat,West,Home & Kitchen,Air Fryer,2,10728.12,10.0,19310.62,UPI,Cancelled,2454.02,4.6
ORD101649,2025-07-29,CUST1753,Customer_1056,Male,51,Jaipur,Rajasthan,North,Sports,Yoga Mat,4,1166.43,10.0,4199.15,Debit Card,Delivered,302.64,4.1
ORD101650,2025-09-28,CUST1541,Customer_1074,Male,18,Hyderabad,Telangana,South,Home & Kitchen,Cookware Set,4,4026.86,20.0,12885.95,Debit Card,Delivered,2634.64,2.5
ORD101651,2025-11-17,CUST1083,Customer_1434,Male,25,Ludhiana,Punjab,North,Fashion,Jeans,1,2239.19,25.0,1679.39,Debit Card,Delivered,285.02,3.7
ORD101652,2025-05-17,CUST1179,Customer_1573,Male,22,New Delhi,Delhi,North,Fashion,Shoes,1,5708.58,10.0,5137.72,Cash on Delivery,Delivered,1013.54,5.0
ORD101653,2025-09-11,CUST1157,Customer_1689,Male,19,Bhubaneswar,Odisha,East,Home & Kitchen,Dining Set,1,10509.37,15.0,8932.96,Credit Card,Delivered,1209.26,3.9
ORD101654,2025-08-05,CUST1196,Customer_1201,Female,27,Panaji,Goa,West,Electronics,Tablet,5,15769.0,10.0,70960.5,Credit Card,Delivered,10281.83,2.7
ORD101655,2025-02-23,CUST1079,Customer_1783,Male,30,Bengaluru,Karnataka,South,Home & Kitchen,Air Fryer,1,6262.83,10.0,5636.55,UPI,Delivered,552.64,3.3
ORD101656,2025-09-15,CUST1198,Customer_1053,Female,18,Ludhiana,Punjab,North,Electronics,Tablet,2,20907.26,5.0,39723.79,UPI,Delivered,6381.53,4.9
ORD101657,2025-10-27,CUST1640,Customer_1701,Female,34,Kochi,Kerala,South,Electronics,Smartwatch,1,7380.76,15.0,6273.65,UPI,Delivered,1054.98,5.0
ORD101658,2025-03-07,CUST1631,Customer_1584,Female,32,Lucknow,Uttar Pradesh,North,Fashion,T-Shirt,5,1490.66,15.0,6335.31,Debit Card,Delivered,460.15,5.0
ORD101659,2025-03-11,CUST1556,Customer_1724,Other,36,Chennai,Tamil Nadu,South,Sports,Dumbbells,2,1529.97,5.0,2906.94,Credit Card,Delivered,529.69,4.0
ORD101660,2025-11-02,CUST1119,Customer_1611,Female,37,Lucknow,Uttar Pradesh,North,Sports,Dumbbells,1,1944.28,5.0,1847.07,UPI,Delivered,186.03,3.2
ORD101661,2025-06-12,CUST1583,Customer_1594,Female,30,Ranchi,Jharkhand,East,Fashion,Jacket,1,4496.07,0.0,4496.07,Credit Card,Delivered,899.92,3.1
ORD101662,2025-01-11,CUST1730,Customer_1513,Female,18,Panaji,Goa,West,Home & Kitchen,Air Fryer,1,11010.45,10.0,9909.41,UPI,Delivered,1959.35,3.4
ORD101663,2025-08-31,CUST1477,Customer_1467,Female,23,Bhubaneswar,Odisha,East,Electronics,Tablet,4,21458.61,20.0,68667.55,Cash on Delivery,Delivered,6864.81,3.4
ORD101664,2025-05-14,CUST1309,Customer_1764,Male,37,Mumbai,Maharashtra,West,Beauty,Perfume,2,1059.54,10.0,1907.17,Credit Card,Shipped,196.57,3.6
ORD101665,2025-01-05,CUST1202,Customer_1416,Male,25,Chennai,Tamil Nadu,South,Fashion,Jacket,1,5189.45,5.0,4929.98,UPI,Delivered,825.75,4.5
ORD101666,2025-08-28,CUST1348,Customer_1141,Female,23,Chennai,Tamil Nadu,South,Beauty,Makeup Kit,1,1628.22,10.0,1465.4,Debit Card,Delivered,260.26,4.6
ORD101667,2025-02-26,CUST1400,Customer_1363,Female,24,Kolkata,West Bengal,East,Beauty,Shampoo,2,1169.77,20.0,1871.63,Debit Card,Delivered,173.94,3.3
ORD101668,2025-11-04,CUST1658,Customer_1489,Female,25,Bhubaneswar,Odisha,East,Electronics,Tablet,2,37175.91,0.0,74351.82,Debit Card,Delivered,6152.09,3.1
ORD101669,2025-03-30,CUST1607,Customer_1300,Male,20,Kolkata,West Bengal,East,Electronics,Smartwatch,3,11592.66,0.0,34777.98,UPI,Delivered,3735.89,3.0
ORD101670,2025-09-29,CUST1683,Customer_1415,Male,31,Chennai,Tamil Nadu,South,Fashion,Shoes,2,5194.4,5.0,9869.36,Cash on Delivery,Delivered,1158.15,4.1
ORD101671,2025-04-01,CUST1091,Customer_1723,Male,39,Hyderabad,Telangana,South,Home & Kitchen,Bedsheet,2,2694.72,5.0,5119.97,Debit Card,Delivered,1112.1,3.8
ORD101672,2025-08-08,CUST1645,Customer_1576,Male,47,Hyderabad,Telangana,South,Fashion,T-Shirt,2,1465.0,15.0,2490.5,UPI,Delivered,394.74,4.0
ORD101673,2025-07-29,CUST1101,Customer_1446,Male,36,Chennai,Tamil Nadu,South,Electronics,Smartphone,3,23471.26,5.0,66893.09,Credit Card,Delivered,5014.47,4.8
ORD101674,2025-01-09,CUST1132,Customer_1077,Male,46,Ludhiana,Punjab,North,Electronics,Headphones,1,5768.21,15.0,4902.98,Credit Card,Delivered,828.82,3.8
ORD101675,2025-07-04,CUST1478,Customer_1749,Male,46,Jaipur,Rajasthan,North,Electronics,Smartphone,4,25837.51,10.0,93015.04,UPI,Returned,6300.65,3.9
ORD101676,2025-11-18,CUST1781,Customer_1461,Male,33,Kolkata,West Bengal,East,Home & Kitchen,Dining Set,2,4936.16,10.0,8885.09,UPI,Delivered,702.83,4.1
ORD101677,2025-10-27,CUST1436,Customer_1369,Female,28,Chennai,Tamil Nadu,South,Sports,Dumbbells,1,3752.27,20.0,3001.82,Cash on Delivery,Delivered,423.79,5.0
ORD101678,2025-11-24,CUST1651,Customer_1541,Female,29,Gurugram,Haryana,North,Home & Kitchen,Air Fryer,1,14401.14,15.0,12240.97,Debit Card,Shipped,840.12,4.4
ORD101679,2025-03-15,CUST1763,Customer_1736,Male,40,Chennai,Tamil Nadu,South,Fashion,Shoes,2,3611.87,5.0,6862.55,Net Banking,Delivered,607.23,3.4
ORD101680,2025-06-02,CUST1106,Customer_1553,Female,24,Lucknow,Uttar Pradesh,North,Fashion,Shoes,4,2464.14,20.0,7885.25,UPI,Delivered,766.2,3.8
ORD101681,2025-02-25,CUST1008,Customer_1526,Male,42,Gurugram,Haryana,North,Fashion,Backpack,1,2742.64,0.0,2742.64,UPI,Delivered,486.73,4.2
ORD101682,2025-01-18,CUST1274,Customer_1289,Male,33,Kolkata,West Bengal,East,Beauty,Face Wash,3,507.73,15.0,1294.71,Debit Card,Delivered,113.86,3.1
ORD101683,2025-09-01,CUST1043,Customer_1126,Male,32,Lucknow,Uttar Pradesh,North,Sports,Yoga Mat,1,2394.46,25.0,1795.85,UPI,Delivered,113.12,4.7
ORD101684,2025-04-26,CUST1654,Customer_1553,Male,29,Bengaluru,Karnataka,South,Sports,Dumbbells,3,1858.15,0.0,5574.45,UPI,Delivered,455.59,4.6
ORD101685,2025-01-10,CUST1636,Customer_1273,Male,28,Hyderabad,Telangana,South,Electronics,Headphones,2,7086.93,10.0,12756.47,Credit Card,Returned,884.27,3.7
ORD101686,2025-12-16,CUST1174,Customer_1116,Male,18,,Tamil Nadu,South,Electronics,Laptop,4,48234.39,20.0,154350.05,Cash on Delivery,Delivered,23597.81,4.2
ORD101687,2025-10-17,CUST1444,Customer_1467,Female,33,New Delhi,Delhi,North,Sports,Yoga Mat,1,522.18,10.0,469.96,Cash on Delivery,Delivered,73.93,5.0
ORD101688,2025-12-26,CUST1269,Customer_1324,Female,30,Kochi,Kerala,South,Fashion,Shoes,1,5358.59,0.0,5358.59,UPI,Delivered,441.79,3.2
ORD101689,2025-10-11,CUST1199,Customer_1747,Male,19,Bengaluru,Karnataka,South,Electronics,Smartwatch,2,3249.36,5.0,6173.78,UPI,Delivered,1178.15,5.0
ORD101690,2025-10-07,CUST1623,Customer_1092,Male,28,New Delhi,Delhi,North,Beauty,Perfume,1,2397.65,10.0,2157.89,Net Banking,Shipped,281.35,5.0
ORD101691,2025-10-31,CUST1614,Customer_1192,Female,30,Kochi,Kerala,South,Electronics,Smartwatch,2,3587.27,5.0,6815.81,UPI,Delivered,479.37,3.5
ORD101692,2025-07-18,CUST1546,Customer_1568,Male,33,Kochi,Kerala,South,Beauty,Face Wash,1,214.6,15.0,182.41,Debit Card,Delivered,11.58,4.9
ORD101693,2025-01-06,CUST1451,Customer_1778,Male,35,Chennai,Tamil Nadu,South,Home & Kitchen,Mixer Grinder,3,6055.62,20.0,14533.49,Net Banking,Returned,3003.49,5.0
ORD101694,2025-04-14,CUST1792,Customer_1142,Female,29,Chennai,Tamil Nadu,South,Home & Kitchen,Mixer Grinder,2,3668.09,10.0,6602.56,Credit Card,Delivered,1186.02,4.5
ORD101695,2025-06-09,CUST1178,Customer_1667,Female,37,Bhubaneswar,Odisha,East,Sports,Football,1,2144.18,25.0,1608.13,Debit Card,Shipped,287.89,5.0
ORD101696,2025-01-09,CUST1232,Customer_1611,Male,18,New Delhi,Delhi,North,Sports,Running Shoes,1,7429.71,20.0,5943.77,UPI,Delivered,1205.28,5.0
ORD101697,2025-07-21,CUST1093,Customer_1649,Female,18,Patna,Bihar,East,Beauty,Perfume,3,2743.98,15.0,6997.15,Credit Card,Delivered,441.28,3.4
ORD101698,2025-05-02,CUST1632,Customer_1322,Male,36,Ahmedabad,Gujarat,West,Electronics,Tablet,1,29438.75,5.0,27966.81,Debit Card,Cancelled,3619.91,4.9
ORD101699,2025-04-15,CUST1369,Customer_1501,Female,32,Mumbai,Maharashtra,West,Fashion,Backpack,1,1449.16,5.0,1376.7,Cash on Delivery,Delivered,200.03,3.2
ORD101700,2025-07-02,CUST1106,Customer_1236,Male,31,Hyderabad,Telangana,South,Fashion,Jacket,3,2896.11,0.0,8688.33,Net Banking,Returned,1139.97,4.7
ORD101701,2025-06-20,CUST1196,Customer_1333,Female,18,Hyderabad,Telangana,South,Beauty,Moisturizer,2,1438.38,20.0,2301.41,UPI,Delivered,477.95,3.4
ORD101702,2025-03-21,CUST1186,Customer_1005,Female,44,Jaipur,Rajasthan,North,Home & Kitchen,Cookware Set,2,6611.78,0.0,13223.56,Debit Card,Delivered,1227.06,3.9
ORD101703,2025-04-17,CUST1529,Customer_1125,Female,28,Bengaluru,Karnataka,South,Electronics,Smartphone,2,34048.07,10.0,61286.53,Credit Card,Shipped,13239.29,4.5
ORD101704,2025-05-23,CUST1564,Customer_1233,Female,30,Bhubaneswar,Odisha,East,Sports,Cricket Bat,1,3419.87,15.0,2906.89,Cash on Delivery,Delivered,175.38,3.4
ORD101705,2025-06-12,CUST1251,Customer_1195,Female,54,Ahmedabad,Gujarat,West,Fashion,Shoes,1,6896.04,10.0,6206.44,Credit Card,Returned,1315.61,5.0
ORD101706,2025-10-16,CUST1362,Customer_1441,Male,26,Patna,Bihar,East,Sports,Cricket Bat,1,2622.46,15.0,2229.09,UPI,Delivered,315.92,4.6
ORD101707,2025-11-13,CUST1608,Customer_1632,Female,28,Kochi,Kerala,South,Fashion,Shoes,4,3463.62,15.0,11776.31,UPI,Delivered,1264.16,4.5
ORD101708,2025-07-19,CUST1500,Customer_1754,Female,23,Gurugram,Haryana,North,Home & Kitchen,Bedsheet,1,2053.07,20.0,1642.46,UPI,Delivered,340.78,3.3
ORD101709,2025-05-25,CUST1165,Customer_1344,Female,34,Bhubaneswar,Odisha,East,Sports,Cricket Bat,1,1641.18,10.0,1477.06,UPI,Delivered,230.81,2.6
ORD101710,2025-02-01,CUST1599,Customer_1211,Male,31,Patna,Bihar,East,Home & Kitchen,Bedsheet,1,2254.59,5.0,2141.86,UPI,Delivered,135.56,3.9
ORD101711,2025-12-29,CUST1225,Customer_1419,Female,25,New Delhi,Delhi,North,Fashion,Backpack,1,3161.87,10.0,2845.68,Debit Card,Returned,596.18,3.5
ORD101712,2025-07-22,CUST1041,Customer_1717,Male,20,Kochi,Kerala,South,Fashion,Jacket,2,5778.37,10.0,10401.07,Credit Card,Shipped,2255.12,4.1
ORD101713,2025-09-29,CUST1758,Customer_1635,Female,27,Panaji,Goa,West,Beauty,Face Wash,4,313.37,15.0,1065.46,Credit Card,Delivered,118.61,4.2
ORD101714,2025-02-13,CUST1304,Customer_1670,Female,27,Jaipur,Rajasthan,North,Fashion,T-Shirt,1,1647.36,10.0,1482.62,Net Banking,Delivered,307.13,4.9
ORD101715,2025-03-21,CUST1238,Customer_1644,Female,30,Chennai,Tamil Nadu,South,Electronics,Headphones,2,7913.26,10.0,14243.87,Net Banking,Delivered,1828.17,5.0
ORD101716,2025-12-15,CUST1207,Customer_1148,Female,36,Kolkata,West Bengal,East,Sports,Dumbbells,2,2925.07,10.0,5265.13,UPI,Delivered,648.39,
ORD101717,2025-03-11,CUST1701,Customer_1754,Female,44,Bhubaneswar,Odisha,East,Sports,Football,3,1011.67,20.0,2428.01,Cash on Delivery,Returned,262.62,4.0
ORD101718,2025-02-11,CUST1715,Customer_1094,Male,32,Jaipur,Rajasthan,North,Electronics,Headphones,2,5799.86,25.0,8699.79,UPI,Delivered,1612.39,4.0
ORD101719,2025-04-26,CUST1564,Customer_1366,Male,23,Gurugram,Haryana,North,Electronics,Headphones,1,6719.22,0.0,6719.22,Net Banking,Delivered,1333.8,3.8
ORD101720,2025-02-25,CUST1480,Customer_1189,Female,27,Bengaluru,Karnataka,South,Beauty,Makeup Kit,1,1616.46,5.0,1535.64,UPI,Cancelled,147.14,4.9
ORD101721,2025-08-16,CUST1386,Customer_1472,Female,27,Ahmedabad,Gujarat,West,Sports,Football,1,667.91,5.0,634.51,Credit Card,Delivered,69.44,4.3
ORD101722,2025-01-30,CUST1031,Customer_1293,Female,24,Mumbai,Maharashtra,West,Sports,Football,3,1467.64,20.0,3522.34,Debit Card,Delivered,403.04,3.5
ORD101723,2025-08-05,CUST1465,Customer_1691,Female,50,Hyderabad,Telangana,South,Home & Kitchen,Cookware Set,1,6982.86,15.0,5935.43,Debit Card,Shipped,578.44,2.8
ORD101724,2025-07-14,CUST1351,Customer_1768,Male,26,Gurugram,Haryana,North,Beauty,Makeup Kit,1,2314.79,25.0,1736.09,UPI,Delivered,370.68,3.4
ORD101725,2025-05-04,CUST1223,Customer_1490,Female,41,Ludhiana,Punjab,North,Fashion,Jeans,1,1551.56,5.0,1473.98,UPI,Delivered,180.49,3.4
ORD101726,2025-01-29,CUST1467,Customer_1035,Male,27,Kolkata,West Bengal,East,Beauty,Moisturizer,2,878.16,5.0,1668.5,Net Banking,Delivered,149.36,3.9
ORD101727,2025-02-21,CUST1627,Customer_1019,Male,30,Gurugram,Haryana,North,Home & Kitchen,Dining Set,1,4650.07,5.0,4417.57,Debit Card,Delivered,679.87,4.2
ORD101728,2025-12-01,CUST1559,Customer_1753,Male,36,Bhubaneswar,Odisha,East,Fashion,Jacket,2,4156.42,5.0,7897.2,UPI,Cancelled,560.67,3.4
ORD101729,2025-08-19,CUST1449,Customer_1588,Male,26,Ahmedabad,Gujarat,West,Beauty,Perfume,2,3469.61,5.0,6592.26,Credit Card,Delivered,1230.0,3.6
ORD101730,2025-08-22,CUST1698,Customer_1311,Male,34,Panaji,Goa,West,Electronics,Tablet,2,33608.69,10.0,60495.64,Credit Card,Delivered,10655.7,4.3
ORD101731,2025-12-09,CUST1209,Customer_1682,Female,19,Kolkata,West Bengal,East,Electronics,Headphones,1,3501.14,15.0,2975.97,Debit Card,Delivered,407.55,3.5
ORD101732,2025-09-02,CUST1424,Customer_1351,Female,45,New Delhi,Delhi,North,Electronics,Headphones,5,5775.85,20.0,23103.4,UPI,Returned,1822.15,4.8
ORD101733,2025-02-07,CUST1497,Customer_1173,Male,20,New Delhi,Delhi,North,Electronics,Headphones,2,4783.5,5.0,9088.65,Credit Card,Cancelled,1580.55,3.4
ORD101734,2025-11-23,CUST1711,Customer_1322,Male,23,Bhubaneswar,Odisha,East,Fashion,Backpack,3,942.64,5.0,2686.52,UPI,Delivered,180.82,3.4
ORD101735,2025-12-17,CUST1311,Customer_1521,Male,29,Mumbai,Maharashtra,West,Fashion,Backpack,2,3214.39,15.0,5464.46,UPI,Delivered,902.03,3.7
ORD101736,2025-04-28,CUST1361,Customer_1476,Male,31,Panaji,Goa,West,Beauty,Shampoo,2,426.79,15.0,725.54,Cash on Delivery,Delivered,96.54,2.6
ORD101737,2025-10-10,CUST1392,Customer_1710,Other,21,Jaipur,Rajasthan,North,Fashion,T-Shirt,2,804.57,15.0,1367.77,Credit Card,Delivered,142.3,4.5
ORD101738,2025-09-24,CUST1352,Customer_1463,Male,30,Kolkata,West Bengal,East,Electronics,Tablet,1,28661.75,0.0,28661.75,UPI,Delivered,4515.06,4.7
ORD101739,2025-05-10,CUST1060,Customer_1509,Male,29,Jaipur,Rajasthan,North,Sports,Running Shoes,1,6268.17,15.0,5327.94,Cash on Delivery,Delivered,718.27,4.6
ORD101740,2025-11-20,CUST1033,Customer_1388,Female,46,New Delhi,Delhi,North,Home & Kitchen,Air Fryer,3,4129.27,15.0,10529.64,UPI,Delivered,1169.32,3.6
ORD101741,2025-05-09,CUST1501,Customer_1373,Female,38,Mumbai,Maharashtra,West,Fashion,Backpack,1,1281.6,25.0,961.2,Credit Card,Delivered,204.9,2.3
ORD101742,2025-02-28,CUST1038,Customer_1545,Female,30,Bengaluru,Karnataka,South,Home & Kitchen,Cookware Set,1,4010.18,25.0,3007.63,Debit Card,Delivered,436.45,3.5
ORD101743,2025-10-26,CUST1673,Customer_1019,Female,47,Kolkata,West Bengal,East,Sports,Football,1,1182.18,5.0,1123.07,Debit Card,Delivered,120.44,3.5
ORD101744,2025-05-24,CUST1554,Customer_1736,Male,42,Mumbai,Maharashtra,West,Beauty,Moisturizer,2,505.03,10.0,909.05,UPI,Delivered,191.66,4.6
ORD101745,2025-03-18,CUST1550,Customer_1707,Male,38,Gurugram,Haryana,North,Electronics,Headphones,3,1749.71,0.0,5249.13,Credit Card,Delivered,646.73,3.4
ORD101746,2025-05-22,CUST1606,Customer_1664,Female,44,Bhubaneswar,Odisha,East,Electronics,Smartwatch,1,14033.02,5.0,13331.37,UPI,Delivered,1312.47,3.8
ORD101747,2025-02-21,CUST1179,Customer_1278,Male,18,Mumbai,Maharashtra,West,Home & Kitchen,Mixer Grinder,1,3913.4,20.0,3130.72,UPI,Delivered,339.93,4.3
ORD101748,2025-02-06,CUST1491,Customer_1749,Male,26,Gurugram,Haryana,North,Sports,Dumbbells,3,3075.87,10.0,8304.85,Net Banking,Delivered,859.99,4.4
ORD101749,2025-07-17,CUST1686,Customer_1656,Female,27,Gurugram,Haryana,North,Sports,Running Shoes,2,7314.08,15.0,12433.94,Net Banking,Delivered,1926.99,3.6
ORD101750,2025-01-26,CUST1248,Customer_1721,Male,39,Kolkata,West Bengal,East,Electronics,Tablet,2,44460.32,15.0,75582.54,UPI,Delivered,13304.85,3.9
ORD101751,2025-07-12,CUST1497,Customer_1136,Male,43,Chennai,Tamil Nadu,South,Beauty,Face Wash,3,867.16,0.0,2601.48,UPI,Delivered,180.69,4.2
ORD101752,2025-07-11,CUST1119,Customer_1152,Male,23,Bengaluru,Karnataka,South,Fashion,T-Shirt,1,1042.69,25.0,782.02,UPI,Delivered,150.87,3.5
ORD101753,2025-08-03,CUST1069,Customer_1539,Female,38,Hyderabad,Telangana,South,Sports,Cricket Bat,2,6011.37,10.0,10820.47,Debit Card,Delivered,807.4,4.3
ORD101754,2025-08-15,CUST1363,Customer_1568,Other,26,Panaji,Goa,West,Electronics,Smartwatch,2,7876.34,15.0,13389.78,Credit Card,Delivered,1032.06,4.3
ORD101755,2025-09-26,CUST1288,Customer_1707,Female,35,Jaipur,Rajasthan,North,Sports,Dumbbells,2,1509.72,20.0,2415.55,UPI,Delivered,504.74,3.8
ORD101756,2025-03-04,CUST1453,Customer_1493,Male,18,Kochi,Kerala,South,Sports,Cricket Bat,1,2248.57,5.0,2136.14,Debit Card,Delivered,407.29,3.3
ORD101757,2025-10-23,CUST1241,Customer_1287,Male,18,Ahmedabad,Gujarat,West,Sports,Cricket Bat,1,4789.7,10.0,4310.73,Credit Card,Returned,784.03,3.4
ORD101758,2025-10-15,CUST1748,Customer_1033,Female,35,Lucknow,Uttar Pradesh,North,Fashion,Jacket,1,5776.01,0.0,5776.01,UPI,Delivered,867.08,4.8
ORD101759,2025-08-02,CUST1672,Customer_1139,Female,18,Ahmedabad,Gujarat,West,Beauty,Perfume,1,2590.1,0.0,2590.1,UPI,Delivered,223.37,4.7
ORD101760,2025-05-05,CUST1064,Customer_1206,Male,47,Ranchi,Jharkhand,East,Fashion,T-Shirt,1,979.6,10.0,881.64,Credit Card,Delivered,131.57,5.0
ORD101761,2025-11-29,CUST1288,Customer_1112,Female,18,Ranchi,Jharkhand,East,Beauty,Makeup Kit,1,1801.14,0.0,1801.14,Credit Card,Delivered,269.29,4.7
ORD101762,2025-08-08,CUST1674,Customer_1497,Female,26,Ludhiana,Punjab,North,Electronics,Laptop,1,59039.72,5.0,56087.73,Debit Card,Returned,6798.67,5.0
ORD101763,2025-12-09,CUST1430,Customer_1556,Female,34,Kochi,Kerala,South,Sports,Dumbbells,1,809.43,0.0,809.43,Credit Card,Cancelled,173.75,5.0
ORD101764,2025-08-20,CUST1042,Customer_1604,Male,36,Mumbai,Maharashtra,West,Home & Kitchen,Bedsheet,4,2690.6,10.0,9686.16,Credit Card,Shipped,940.29,5.0
ORD101765,2025-02-07,CUST1341,Customer_1729,Female,41,Kolkata,West Bengal,East,Beauty,Makeup Kit,2,805.95,10.0,1450.71,UPI,Cancelled,167.6,3.5
ORD101766,2025-04-28,CUST1137,Customer_1579,Female,27,Bengaluru,Karnataka,South,Electronics,Laptop,2,85647.63,10.0,154165.73,Credit Card,Delivered,11840.62,4.8
ORD101767,2025-10-21,CUST1509,Customer_1755,Other,35,Bengaluru,Karnataka,South,Beauty,Makeup Kit,4,3419.79,15.0,11627.29,UPI,Delivered,1931.67,4.1
ORD101768,2025-07-26,CUST1601,Customer_1609,Male,27,Panaji,Goa,West,Fashion,Shoes,2,5684.33,5.0,10800.23,Debit Card,Delivered,2035.0,3.3
ORD101769,2025-05-02,CUST1450,Customer_1727,Female,56,Lucknow,Uttar Pradesh,North,Beauty,Shampoo,1,1139.85,20.0,911.88,UPI,Delivered,161.35,4.2
ORD101770,2025-02-12,CUST1183,Customer_1697,Male,29,Hyderabad,Telangana,South,Electronics,Smartphone,4,36874.02,20.0,117996.86,UPI,Shipped,25571.61,3.4
ORD101771,2025-11-12,CUST1137,Customer_1233,Male,35,Panaji,Goa,West,Electronics,Headphones,1,1522.14,5.0,1446.03,Credit Card,Delivered,271.39,3.6
ORD101772,2025-07-13,CUST1680,Customer_1377,Female,41,Hyderabad,Telangana,South,Electronics,Smartwatch,1,8649.67,10.0,7784.7,UPI,Delivered,1339.74,4.7
ORD101773,2025-04-28,CUST1015,Customer_1322,Female,24,Ludhiana,Punjab,North,Home & Kitchen,Mixer Grinder,1,2760.27,0.0,2760.27,Net Banking,Delivered,451.25,5.0
ORD101774,2025-08-12,CUST1540,Customer_1713,Female,31,Mumbai,Maharashtra,West,Sports,Football,3,2877.59,10.0,7769.49,Cash on Delivery,Delivered,691.54,5.0
ORD101775,2025-09-12,CUST1576,Customer_1307,Female,33,Bengaluru,Karnataka,South,Home & Kitchen,Bedsheet,4,901.54,0.0,3606.16,Debit Card,Delivered,679.92,4.5
ORD101776,2025-03-30,CUST1437,Customer_1222,Female,30,Kolkata,West Bengal,East,Electronics,Smartwatch,3,14212.02,20.0,34108.85,UPI,Delivered,3982.55,2.9
ORD101777,2025-01-24,CUST1519,Customer_1368,Female,22,Panaji,Goa,West,Electronics,Headphones,3,3554.24,15.0,9063.31,Credit Card,Delivered,1521.81,4.4
ORD101778,2025-05-03,CUST1345,Customer_1142,Male,41,Ahmedabad,Gujarat,West,Electronics,Smartphone,2,27599.7,15.0,46919.49,UPI,Delivered,5834.31,3.7
ORD101779,2025-01-28,CUST1463,Customer_1396,Male,25,Panaji,Goa,West,Beauty,Shampoo,1,1042.34,10.0,938.11,Cash on Delivery,Cancelled,144.3,4.0
ORD101780,2025-04-04,CUST1032,Customer_1663,Male,39,Mumbai,Maharashtra,West,Beauty,Makeup Kit,2,1149.24,15.0,1953.71,UPI,Shipped,364.88,3.9
ORD101781,2025-03-04,CUST1564,Customer_1778,Male,24,Kolkata,West Bengal,East,Electronics,Tablet,3,21176.36,15.0,53999.72,Net Banking,Delivered,5852.41,4.0
ORD101782,2025-03-18,CUST1219,Customer_1081,Female,38,Ranchi,Jharkhand,East,Home & Kitchen,Air Fryer,2,5296.71,15.0,9004.41,Credit Card,Delivered,634.87,3.7
ORD101783,2025-06-04,CUST1478,Customer_1621,Male,29,Lucknow,Uttar Pradesh,North,Electronics,Headphones,1,4195.29,5.0,3985.53,UPI,Delivered,395.96,3.3
ORD101784,2025-03-16,CUST1582,Customer_1595,Male,38,Ranchi,Jharkhand,East,Fashion,Jeans,3,2084.2,15.0,5314.71,Credit Card,Cancelled,1073.06,4.0
ORD101785,2025-04-11,CUST1527,Customer_1128,Male,30,New Delhi,Delhi,North,Fashion,Shoes,1,6050.79,20.0,4840.63,Credit Card,Delivered,328.59,2.6
ORD101786,2025-09-20,CUST1670,Customer_1118,Female,27,Hyderabad,Telangana,South,Beauty,Shampoo,3,435.09,15.0,1109.48,Credit Card,Delivered,114.61,3.4
ORD101787,2025-08-20,CUST1423,Customer_1177,Male,18,Mumbai,Maharashtra,West,Sports,Dumbbells,2,2343.99,20.0,3750.38,UPI,Shipped,242.59,2.8
ORD101788,2025-08-27,CUST1038,Customer_1591,Other,31,Jaipur,Rajasthan,North,Beauty,Perfume,2,1566.94,10.0,2820.49,Net Banking,Delivered,611.7,4.1
ORD101789,2025-10-08,CUST1301,Customer_1426,Female,25,Ranchi,Jharkhand,East,Home & Kitchen,Air Fryer,2,14242.64,15.0,24212.49,Cash on Delivery,Delivered,3122.5,4.2
ORD101790,2025-01-31,CUST1149,Customer_1528,Female,45,Ludhiana,Punjab,North,Sports,Cricket Bat,2,6614.69,10.0,11906.44,Credit Card,Delivered,945.38,3.6
ORD101791,2025-04-24,CUST1238,Customer_1094,Male,28,Lucknow,Uttar Pradesh,North,Fashion,T-Shirt,1,1068.57,10.0,961.71,Net Banking,Returned,201.11,4.0
ORD101792,2025-03-10,CUST1132,Customer_1768,Male,30,Bhubaneswar,Odisha,East,Electronics,Laptop,3,41262.85,10.0,111409.69,UPI,Delivered,15973.41,3.6
ORD101793,2025-06-08,CUST1681,Customer_1161,Male,18,Ahmedabad,Gujarat,West,Electronics,Smartwatch,4,11609.16,10.0,41792.98,UPI,Shipped,7189.44,3.8
ORD101794,2025-02-24,CUST1021,Customer_1019,Female,50,Ludhiana,Punjab,North,Electronics,Laptop,1,64383.46,25.0,48287.6,Debit Card,Delivered,5194.68,4.6
ORD101795,2025-07-01,CUST1607,Customer_1078,Female,38,Lucknow,Uttar Pradesh,North,Electronics,Laptop,1,80778.65,5.0,76739.72,Debit Card,Delivered,15209.25,4.3
ORD101796,2025-03-15,CUST1509,Customer_1627,Male,25,Patna,Bihar,East,Electronics,Smartwatch,1,4398.9,15.0,3739.06,UPI,Delivered,505.72,4.9
ORD101797,2025-01-16,CUST1033,Customer_1745,Female,33,Chennai,Tamil Nadu,South,Home & Kitchen,Bedsheet,2,1768.15,10.0,3182.67,Cash on Delivery,Delivered,369.93,3.7
ORD101798,2025-08-28,CUST1734,Customer_1386,Male,18,Hyderabad,Telangana,South,Home & Kitchen,Bedsheet,1,1448.68,0.0,1448.68,Debit Card,Delivered,212.81,4.5
ORD101799,2025-04-22,CUST1264,Customer_1414,Female,21,Jaipur,Rajasthan,North,Fashion,Backpack,1,1659.05,5.0,1576.1,Debit Card,Delivered,267.02,4.9
ORD101800,2025-08-28,CUST1074,Customer_1031,Male,32,Bhubaneswar,Odisha,East,Sports,Cricket Bat,2,3483.39,10.0,6270.1,UPI,Shipped,1161.35,1.9
ORD101801,2025-02-08,CUST1211,Customer_1742,Male,37,Panaji,Goa,West,Beauty,Perfume,1,3427.91,0.0,3427.91,UPI,Delivered,490.66,3.6
ORD101802,2025-08-13,CUST1143,Customer_1431,Male,38,Chennai,Tamil Nadu,South,Home & Kitchen,Bedsheet,1,738.57,10.0,664.71,UPI,Delivered,144.25,4.4
ORD101803,2025-12-30,CUST1504,Customer_1211,Female,27,Ahmedabad,Gujarat,West,Fashion,T-Shirt,1,1285.41,0.0,1285.41,UPI,Delivered,197.15,4.3
ORD101804,2025-03-30,CUST1006,Customer_1158,Male,36,Bengaluru,Karnataka,South,Home & Kitchen,Cookware Set,1,7334.02,15.0,6233.92,UPI,Delivered,1367.63,4.6
ORD101805,2025-09-17,CUST1384,Customer_1304,Male,32,Kolkata,West Bengal,East,Electronics,Laptop,2,83361.56,15.0,141714.65,UPI,Returned,18972.14,3.7
ORD101806,2025-10-06,CUST1409,Customer_1718,Male,36,Kolkata,West Bengal,East,Electronics,Headphones,2,886.13,15.0,1506.42,Net Banking,Delivered,293.94,3.1
ORD101807,2025-09-20,CUST1124,Customer_1800,Female,41,Bengaluru,Karnataka,South,Sports,Football,1,2948.59,5.0,2801.16,Cash on Delivery,Delivered,576.47,4.4
ORD101808,2025-10-10,CUST1601,Customer_1176,Male,30,Ranchi,Jharkhand,East,Sports,Yoga Mat,2,2449.62,15.0,4164.35,Net Banking,Cancelled,730.58,2.7
ORD101809,2025-02-22,CUST1168,Customer_1602,Male,25,Kolkata,West Bengal,East,Home & Kitchen,Cookware Set,1,2864.95,0.0,2864.95,Cash on Delivery,Delivered,565.52,4.0
ORD101810,2025-07-16,CUST1525,Customer_1624,Female,35,Gurugram,Haryana,North,Electronics,Laptop,1,49243.53,10.0,44319.18,Credit Card,Shipped,6898.58,4.5
ORD101811,2025-08-11,CUST1339,Customer_1556,Female,41,Gurugram,Haryana,North,Sports,Dumbbells,2,4797.72,0.0,9595.44,Net Banking,Cancelled,669.0,3.4
ORD101812,2025-04-25,CUST1722,Customer_1222,Male,22,Ranchi,Jharkhand,East,Home & Kitchen,Dining Set,1,8189.31,15.0,6960.91,Credit Card,Delivered,1031.73,4.6
ORD101813,2025-08-01,CUST1714,Customer_1268,Male,36,Lucknow,Uttar Pradesh,North,Sports,Football,1,1546.58,10.0,1391.92,UPI,Shipped,286.3,3.2
ORD101814,2025-01-04,CUST1391,Customer_1316,Female,18,Bhubaneswar,Odisha,East,Electronics,Headphones,2,3095.35,15.0,5262.09,UPI,Cancelled,528.11,3.8
ORD101815,2025-05-08,CUST1552,Customer_1461,Male,37,Gurugram,Haryana,North,Electronics,Laptop,4,40576.72,15.0,137960.85,Net Banking,Delivered,19697.33,3.7
ORD101816,2025-09-02,CUST1062,Customer_1493,Male,23,Panaji,Goa,West,Home & Kitchen,Air Fryer,1,7142.21,10.0,6427.99,Net Banking,Delivered,1263.15,4.2
ORD101817,2025-08-13,CUST1779,Customer_1510,Female,34,Ranchi,Jharkhand,East,Sports,Running Shoes,2,7159.55,10.0,12887.19,UPI,Delivered,2331.6,4.1
ORD101818,2025-07-19,CUST1748,Customer_1314,Male,32,Panaji,Goa,West,Electronics,Smartphone,2,17836.54,5.0,33889.43,Cash on Delivery,Delivered,2179.21,4.2
ORD101819,2025-03-30,CUST1639,Customer_1359,Male,30,Bhubaneswar,Odisha,East,Beauty,Makeup Kit,1,2535.04,15.0,2154.78,UPI,Delivered,470.36,4.5
ORD101820,2025-06-29,CUST1415,Customer_1590,Female,31,Jaipur,Rajasthan,North,Electronics,Smartphone,4,34554.3,5.0,131306.34,Credit Card,Delivered,9942.84,4.8
ORD101821,2025-06-28,CUST1427,Customer_1578,Female,28,Kolkata,West Bengal,East,Electronics,Headphones,2,2011.37,5.0,3821.6,UPI,Delivered,553.17,4.6
ORD101822,2025-04-08,CUST1329,Customer_1593,Male,48,Ranchi,Jharkhand,East,Home & Kitchen,Air Fryer,2,4893.51,10.0,8808.32,UPI,Delivered,1481.54,3.5
ORD101823,2025-05-26,CUST1063,Customer_1692,Female,46,Mumbai,Maharashtra,West,Beauty,Moisturizer,5,1512.13,10.0,6804.59,Credit Card,Delivered,1196.2,3.1
ORD101824,2025-10-15,CUST1420,Customer_1528,Female,39,Bengaluru,Karnataka,South,Fashion,Shoes,5,2518.04,5.0,11960.69,UPI,Shipped,2012.62,2.7
ORD101825,2025-11-04,CUST1403,Customer_1261,Male,53,Kolkata,West Bengal,East,Beauty,Face Wash,2,207.73,10.0,373.91,Credit Card,Delivered,42.54,3.4
ORD101826,2025-04-15,CUST1255,Customer_1404,Female,33,Ahmedabad,Gujarat,West,Electronics,Smartwatch,1,8110.59,20.0,6488.47,UPI,Delivered,1370.93,3.4
ORD101827,2025-04-10,CUST1115,Customer_1722,Male,21,Mumbai,Maharashtra,West,Fashion,Jeans,1,1850.94,15.0,1573.3,Debit Card,Delivered,304.74,4.9
ORD101828,2025-12-14,CUST1773,Customer_1146,Male,28,Patna,Bihar,East,Electronics,Tablet,1,26316.86,10.0,23685.17,UPI,Delivered,2294.87,3.2
ORD101829,2025-01-22,CUST1507,Customer_1657,Male,40,Kochi,Kerala,South,Electronics,Headphones,2,4598.81,5.0,8737.74,UPI,Delivered,891.15,4.4
ORD101830,2025-03-25,CUST1770,Customer_1243,Male,25,Kolkata,West Bengal,East,Home & Kitchen,Mixer Grinder,2,5555.78,25.0,8333.67,Net Banking,Delivered,969.88,2.7
ORD101831,2025-09-07,CUST1396,Customer_1545,Male,23,New Delhi,Delhi,North,Home & Kitchen,Air Fryer,2,9702.79,5.0,18435.3,Net Banking,Delivered,1777.66,3.3
ORD101832,2025-09-26,CUST1428,Customer_1035,Female,38,Kolkata,West Bengal,East,Sports,Football,1,1905.99,20.0,1524.79,UPI,Delivered,96.26,4.8
ORD101833,2025-03-16,CUST1127,Customer_1246,Male,38,Jaipur,Rajasthan,North,Sports,Dumbbells,2,4663.33,10.0,8393.99,Credit Card,Delivered,753.61,4.4
ORD101834,2025-01-29,CUST1552,Customer_1659,Female,54,Lucknow,Uttar Pradesh,North,Electronics,Laptop,1,39434.15,0.0,39434.15,Credit Card,Delivered,5035.9,3.3
ORD101835,2025-04-25,CUST1680,Customer_1496,Male,37,Patna,Bihar,East,Sports,Dumbbells,2,1890.35,15.0,3213.59,UPI,Delivered,469.54,3.9
ORD101836,2025-12-10,CUST1166,Customer_1507,Female,40,Patna,Bihar,East,Beauty,Shampoo,2,1036.42,10.0,1865.56,Debit Card,Delivered,132.51,3.2
ORD101837,2025-03-01,CUST1230,Customer_1643,Male,32,Panaji,Goa,West,Home & Kitchen,Mixer Grinder,1,7419.49,15.0,6306.57,Net Banking,Delivered,1185.95,2.7
ORD101838,2025-05-30,CUST1540,Customer_1237,Female,36,Lucknow,Uttar Pradesh,North,Beauty,Face Wash,2,688.54,0.0,1377.08,Credit Card,Delivered,168.67,3.9
ORD101839,2025-04-13,CUST1436,Customer_1250,Male,38,Gurugram,Haryana,North,Home & Kitchen,Dining Set,1,10115.42,25.0,7586.57,Credit Card,Returned,898.65,4.3
ORD101840,2025-04-24,CUST1608,Customer_1642,Male,40,Mumbai,Maharashtra,West,Sports,Cricket Bat,1,7422.53,10.0,6680.28,Net Banking,Delivered,1099.53,4.7
ORD101841,2025-02-07,CUST1118,Customer_1390,Female,37,New Delhi,Delhi,North,Home & Kitchen,Dining Set,4,16628.27,20.0,53210.46,Debit Card,Delivered,10815.7,3.9
ORD101842,2025-08-22,CUST1254,Customer_1248,Female,45,Gurugram,Haryana,North,Home & Kitchen,Air Fryer,4,14074.38,10.0,50667.77,UPI,Cancelled,10307.86,4.5
ORD101843,2025-12-15,CUST1219,Customer_1450,Male,29,Kolkata,West Bengal,East,Sports,Yoga Mat,2,2409.09,10.0,4336.36,Cash on Delivery,Delivered,379.97,5.0
ORD101844,2025-09-14,CUST1447,Customer_1353,Male,28,Kolkata,West Bengal,East,Beauty,Makeup Kit,2,3464.28,0.0,6928.56,UPI,Delivered,1039.8,3.1
ORD101845,2025-05-21,CUST1404,Customer_1732,Female,20,Ludhiana,Punjab,North,Fashion,Jeans,1,2160.3,,1944.27,UPI,Delivered,178.17,4.8
ORD101846,2025-05-20,CUST1635,Customer_1436,Female,18,Ludhiana,Punjab,North,Electronics,Laptop,1,58021.3,0.0,58021.3,Debit Card,Delivered,4617.81,2.6
ORD101847,2025-12-25,CUST1368,Customer_1658,Female,18,Ludhiana,Punjab,North,Fashion,Jacket,1,1706.52,20.0,1365.22,Debit Card,Delivered,176.77,4.5
ORD101848,2025-05-16,CUST1286,Customer_1231,Female,18,Chennai,Tamil Nadu,South,Electronics,Laptop,2,48291.45,5.0,91753.75,Debit Card,Delivered,11331.36,5.0
ORD101849,2025-05-21,CUST1531,Customer_1082,Female,44,Hyderabad,Telangana,South,Sports,Running Shoes,3,1717.94,5.0,4896.13,Credit Card,Delivered,795.58,3.5
ORD101850,2025-02-03,CUST1440,Customer_1237,Female,18,Kolkata,West Bengal,East,Electronics,Headphones,1,7102.45,10.0,6392.2,Cash on Delivery,Delivered,665.65,3.9
ORD101851,2025-08-27,CUST1327,Customer_1070,Male,39,Ahmedabad,Gujarat,West,Beauty,Shampoo,3,1009.03,25.0,2270.32,UPI,Delivered,199.81,5.0
ORD101852,2025-09-04,CUST1517,Customer_1497,Male,45,Lucknow,Uttar Pradesh,North,Fashion,Jacket,1,1595.24,0.0,1595.24,Credit Card,Delivered,163.37,4.8
ORD101853,2025-08-02,CUST1590,Customer_1701,Male,34,Kolkata,West Bengal,East,Sports,Football,1,1459.41,10.0,1313.47,Debit Card,Delivered,117.31,5.0
ORD101854,2025-07-26,CUST1467,Customer_1715,Male,26,Kolkata,West Bengal,East,Home & Kitchen,Dining Set,1,17296.09,20.0,13836.87,UPI,Delivered,1021.64,4.1
ORD101855,2025-09-18,CUST1578,Customer_1662,Female,30,Hyderabad,Telangana,South,Sports,Football,1,2395.9,5.0,2276.11,Credit Card,Delivered,423.14,4.3
ORD101856,2025-11-28,CUST1411,Customer_1052,Female,29,Ranchi,Jharkhand,East,Electronics,Smartwatch,2,4117.59,10.0,7411.66,Credit Card,Delivered,971.24,5.0
ORD101857,2025-06-06,CUST1599,Customer_1148,Male,36,Panaji,Goa,West,Fashion,Shoes,1,2101.29,15.0,1786.1,Net Banking,Delivered,114.54,3.8
ORD101858,2025-01-29,CUST1627,Customer_1494,Other,38,Ahmedabad,Gujarat,West,Fashion,Jeans,1,1095.85,5.0,1041.06,Credit Card,Delivered,116.37,4.3
ORD101859,2025-12-02,CUST1591,Customer_1020,Male,18,Ludhiana,Punjab,North,Sports,Dumbbells,2,930.93,15.0,1582.58,UPI,Delivered,218.32,2.7
ORD101860,2025-04-01,CUST1058,Customer_1434,Male,18,Bengaluru,Karnataka,South,Home & Kitchen,Air Fryer,1,7607.12,10.0,6846.41,UPI,Shipped,1128.73,3.7
ORD101861,2025-02-23,CUST1789,Customer_1555,Male,21,Kolkata,West Bengal,East,Fashion,T-Shirt,5,1126.27,25.0,4223.51,Debit Card,Delivered,264.47,5.0
ORD101862,2025-03-01,CUST1795,Customer_1466,Other,30,Gurugram,Haryana,North,Electronics,Smartphone,2,36661.27,20.0,58658.03,Net Banking,Delivered,10980.65,4.0
ORD101863,2025-09-04,CUST1533,Customer_1451,Male,31,,Karnataka,South,Beauty,Moisturizer,1,649.11,15.0,551.74,UPI,Delivered,74.49,3.3
ORD101864,2025-03-17,CUST1785,Customer_1469,Male,40,Gurugram,Haryana,North,Home & Kitchen,Cookware Set,3,2292.56,10.0,6189.91,Debit Card,Delivered,976.03,4.2
ORD101865,2025-10-02,CUST1042,Customer_1041,Male,23,Patna,Bihar,East,Electronics,Smartphone,4,23951.98,10.0,86227.13,UPI,Delivered,18382.63,3.2
ORD101866,2025-02-21,CUST1548,Customer_1107,Female,25,Kolkata,West Bengal,East,Sports,Dumbbells,1,2263.23,5.0,2150.07,Cash on Delivery,Delivered,437.73,3.8
ORD101867,2025-05-13,CUST1502,Customer_1503,Female,20,Patna,Bihar,East,Beauty,Perfume,1,794.3,20.0,635.44,Credit Card,Shipped,39.79,5.0
ORD101868,2025-02-22,CUST1730,Customer_1798,Male,38,Ahmedabad,Gujarat,West,Electronics,Laptop,2,48135.37,15.0,81830.13,UPI,Delivered,9200.29,3.7
ORD101869,2025-08-19,CUST1170,Customer_1333,Female,37,Patna,Bihar,East,Fashion,Jacket,2,3636.4,15.0,6181.88,Cash on Delivery,Delivered,384.28,3.5
ORD101870,2025-04-23,CUST1723,Customer_1024,Female,29,Gurugram,Haryana,North,Fashion,Jeans,1,2507.74,20.0,2006.19,UPI,Delivered,433.69,4.0
ORD101871,2025-11-23,CUST1044,Customer_1320,Male,47,Kochi,Kerala,South,Home & Kitchen,Mixer Grinder,3,5976.38,20.0,14343.31,Debit Card,Shipped,1041.47,3.7
ORD101872,2025-07-07,CUST1412,Customer_1684,Male,35,Ranchi,Jharkhand,East,Beauty,Makeup Kit,1,3408.17,20.0,2726.54,UPI,Cancelled,224.14,3.7
ORD101873,2025-07-07,CUST1390,Customer_1308,Female,29,Kolkata,West Bengal,East,Home & Kitchen,Air Fryer,1,6880.66,25.0,5160.49,Credit Card,Returned,1030.55,3.5
ORD101874,2025-08-26,CUST1328,Customer_1276,Male,36,Chennai,Tamil Nadu,South,Beauty,Shampoo,2,828.7,15.0,1408.79,UPI,Delivered,248.29,3.5
ORD101875,2025-04-15,CUST1718,Customer_1698,Female,24,Ludhiana,Punjab,North,Fashion,T-Shirt,1,836.39,10.0,752.75,UPI,Delivered,49.05,3.2
ORD101876,2025-02-15,CUST1382,Customer_1760,Female,32,Hyderabad,Telangana,South,Sports,Dumbbells,1,1693.29,15.0,1439.3,Cash on Delivery,Cancelled,122.34,3.9
ORD101877,2025-04-15,CUST1387,Customer_1658,Male,28,Hyderabad,Telangana,South,Home & Kitchen,Mixer Grinder,1,3311.56,20.0,2649.25,Credit Card,Delivered,480.89,2.8
ORD101878,2025-02-17,CUST1199,Customer_1583,Female,22,Ludhiana,Punjab,North,Sports,Football,2,1705.19,5.0,3239.86,Credit Card,Returned,516.25,3.8
ORD101879,2025-07-07,CUST1335,Customer_1209,Male,21,Ranchi,Jharkhand,East,Beauty,Shampoo,2,794.3,10.0,1429.74,Debit Card,Delivered,144.31,3.9
ORD101880,2025-10-10,CUST1418,Customer_1356,Male,18,Chennai,Tamil Nadu,South,Electronics,Tablet,4,14501.27,15.0,49304.32,Net Banking,Delivered,5941.04,3.3
ORD101881,2025-11-04,CUST1173,Customer_1568,Male,32,New Delhi,Delhi,North,Electronics,Tablet,1,34579.63,0.0,34579.63,UPI,Delivered,6390.25,4.7
ORD101882,2025-10-25,CUST1367,Customer_1256,Male,27,Mumbai,Maharashtra,West,Sports,Dumbbells,3,1180.53,10.0,3187.43,Debit Card,Delivered,676.77,4.7
ORD101883,2025-04-08,CUST1670,Customer_1751,Female,20,Ludhiana,Punjab,North,Electronics,Tablet,1,37098.69,0.0,37098.69,Debit Card,Delivered,2600.22,2.8
ORD101884,2025-05-18,CUST1482,Customer_1120,Female,35,Bengaluru,Karnataka,South,Fashion,T-Shirt,3,1681.2,10.0,4539.24,UPI,Delivered,767.63,3.7
ORD101885,2025-10-23,CUST1140,Customer_1498,Female,25,Hyderabad,Telangana,South,Electronics,Smartwatch,3,9943.04,5.0,28337.66,UPI,Delivered,2171.96,5.0
ORD101886,2025-04-12,CUST1373,Customer_1618,Male,51,Ranchi,Jharkhand,East,Fashion,Jacket,2,1606.18,10.0,2891.12,UPI,Delivered,438.35,5.0
ORD101887,2025-07-05,CUST1639,Customer_1372,Female,25,Bhubaneswar,Odisha,East,Fashion,T-Shirt,2,1729.85,20.0,2767.76,Cash on Delivery,Delivered,517.66,2.5
ORD101888,2025-04-12,CUST1360,Customer_1214,Male,18,New Delhi,Delhi,North,Sports,Cricket Bat,3,5061.82,0.0,15185.46,UPI,Delivered,2984.42,3.0
ORD101889,2025-01-27,CUST1443,Customer_1210,Female,27,Ahmedabad,Gujarat,West,Sports,Cricket Bat,2,7704.78,10.0,13868.6,UPI,Delivered,2334.27,3.5
ORD101890,2025-09-18,CUST1596,Customer_1139,Female,48,Ahmedabad,Gujarat,West,Fashion,Shoes,2,1990.84,25.0,2986.26,UPI,Delivered,582.27,4.8
ORD101891,2025-12-07,CUST1620,Customer_1721,Female,24,Lucknow,Uttar Pradesh,North,Electronics,Smartwatch,1,9024.52,10.0,8122.07,Credit Card,Cancelled,706.91,3.4
ORD101892,2025-08-26,CUST1739,Customer_1731,Male,29,Gurugram,Haryana,North,Beauty,Moisturizer,1,916.03,10.0,824.43,UPI,Delivered,78.11,3.7
ORD101893,2025-12-17,CUST1017,Customer_1215,Male,28,Mumbai,Maharashtra,West,Sports,Football,1,1845.5,25.0,1384.12,Debit Card,Delivered,171.49,3.7
ORD101894,2025-03-23,CUST1799,Customer_1549,Female,31,Ahmedabad,Gujarat,West,Fashion,Jacket,1,4606.15,10.0,4145.53,Cash on Delivery,Delivered,466.99,4.1
ORD101895,2025-11-04,CUST1715,Customer_1118,Female,33,Gurugram,Haryana,North,Beauty,Face Wash,3,874.49,15.0,2229.95,Debit Card,Delivered,250.69,4.0
ORD101896,2025-12-27,CUST1683,Customer_1548,Male,31,Bhubaneswar,Odisha,East,Home & Kitchen,Bedsheet,2,1181.53,20.0,1890.45,UPI,Shipped,258.78,4.0
ORD101897,2025-10-09,CUST1647,Customer_1416,Male,29,Hyderabad,Telangana,South,Home & Kitchen,Mixer Grinder,1,7380.61,10.0,6642.55,Credit Card,Delivered,1072.26,4.2
ORD101898,2025-04-16,CUST1794,Customer_1032,Male,18,Bhubaneswar,Odisha,East,Electronics,Smartwatch,3,5927.17,10.0,16003.36,Debit Card,Delivered,1820.56,3.6
ORD101899,2025-07-16,CUST1116,Customer_1614,Male,41,New Delhi,Delhi,North,Home & Kitchen,Cookware Set,3,5309.54,20.0,12742.9,Debit Card,Delivered,2751.57,4.9
ORD101900,2025-05-16,CUST1546,Customer_1793,Female,27,Mumbai,Maharashtra,West,Electronics,Smartwatch,1,7044.29,20.0,5635.43,UPI,Delivered,965.1,4.1
ORD101901,2025-07-21,CUST1155,Customer_1567,Female,30,Patna,Bihar,East,Electronics,Tablet,2,26869.91,10.0,48365.84,Debit Card,Delivered,8129.86,4.5
ORD101902,2025-01-29,CUST1701,Customer_1172,Female,20,Bhubaneswar,Odisha,East,Electronics,Headphones,1,1480.94,10.0,1332.85,Cash on Delivery,Shipped,105.15,4.1
ORD101903,2025-03-26,CUST1512,Customer_1249,Male,28,Ranchi,Jharkhand,East,Fashion,Jeans,2,2493.22,0.0,4986.44,UPI,Shipped,911.57,4.9
ORD101904,2025-07-26,CUST1664,Customer_1133,Female,41,Patna,Bihar,East,Beauty,Shampoo,2,795.73,0.0,1591.46,UPI,Delivered,266.16,4.7
ORD101905,2025-05-31,CUST1620,Customer_1665,Male,32,Patna,Bihar,East,Home & Kitchen,Mixer Grinder,1,6837.05,5.0,6495.2,UPI,Shipped,645.56,4.3
ORD101906,2025-02-12,CUST1307,Customer_1093,Female,40,Kochi,Kerala,South,Sports,Dumbbells,1,2700.57,5.0,2565.54,Net Banking,Delivered,270.25,3.2
ORD101907,2025-03-01,CUST1401,Customer_1777,Male,25,Bengaluru,Karnataka,South,Home & Kitchen,Cookware Set,1,3285.9,5.0,3121.61,Cash on Delivery,Cancelled,266.81,4.9
ORD101908,2025-02-24,CUST1758,Customer_1763,Female,26,New Delhi,Delhi,North,Electronics,Tablet,4,13972.1,10.0,50299.56,Debit Card,Delivered,7558.87,3.6
ORD101909,2025-04-11,CUST1160,Customer_1422,Male,36,Jaipur,Rajasthan,North,Home & Kitchen,Air Fryer,2,13068.96,15.0,22217.23,Net Banking,Delivered,2703.69,4.1
ORD101910,2025-03-14,CUST1698,Customer_1629,Female,32,Ahmedabad,Gujarat,West,Fashion,Shoes,1,5283.39,5.0,5019.22,UPI,Delivered,799.5,3.2
ORD101911,2025-01-12,CUST1297,Customer_1617,Male,25,New Delhi,Delhi,North,Fashion,Shoes,1,6792.51,0.0,6792.51,Credit Card,Delivered,1478.68,3.4
ORD101912,2025-11-09,CUST1528,Customer_1557,Male,36,New Delhi,Delhi,North,Home & Kitchen,Bedsheet,1,1795.83,10.0,1616.25,Debit Card,Delivered,236.96,5.0
ORD101913,2025-09-04,CUST1567,Customer_1350,Male,30,Bengaluru,Karnataka,South,Home & Kitchen,Bedsheet,1,2504.46,,2254.01,Debit Card,Shipped,424.16,3.7
ORD101914,2025-12-19,CUST1371,Customer_1021,Male,18,Panaji,Goa,West,Fashion,Backpack,1,779.64,20.0,623.71,Credit Card,Delivered,98.08,3.7
ORD101915,2025-05-29,CUST1797,Customer_1649,Female,42,Ranchi,Jharkhand,East,Sports,Cricket Bat,5,5539.1,5.0,26310.72,Credit Card,Delivered,2080.48,3.3
ORD101916,2025-07-15,CUST1505,Customer_1406,Male,41,Ahmedabad,Gujarat,West,Home & Kitchen,Dining Set,2,5553.11,10.0,9995.6,UPI,Delivered,1227.01,3.3
ORD101917,2025-08-08,CUST1616,Customer_1418,Male,34,Chennai,Tamil Nadu,South,Fashion,Backpack,3,2799.23,5.0,7977.81,Debit Card,Returned,1300.37,4.6
ORD101918,2025-08-26,CUST1436,Customer_1366,Male,35,Jaipur,Rajasthan,North,Home & Kitchen,Cookware Set,4,4313.18,10.0,15527.45,Credit Card,Delivered,2674.7,3.0
ORD101919,2025-11-17,CUST1233,Customer_1680,Male,30,Ranchi,Jharkhand,East,Sports,Dumbbells,2,3010.85,15.0,5118.44,Net Banking,Delivered,435.87,4.7
ORD101920,2025-02-28,CUST1682,Customer_1258,Male,42,Patna,Bihar,East,Home & Kitchen,Mixer Grinder,2,4342.37,15.0,7382.03,UPI,Delivered,610.15,3.0
ORD101921,2025-12-23,CUST1495,Customer_1035,Male,40,Hyderabad,Telangana,South,Electronics,Laptop,1,67158.59,20.0,53726.87,UPI,Delivered,11016.16,5.0
ORD101922,2025-12-04,CUST1246,Customer_1711,Male,22,Gurugram,Haryana,North,Electronics,Smartphone,4,23776.75,5.0,90351.65,Credit Card,Shipped,16217.43,4.0
ORD101923,2025-12-14,CUST1272,Customer_1331,Female,47,Jaipur,Rajasthan,North,Home & Kitchen,Air Fryer,1,4451.86,5.0,4229.27,Net Banking,Delivered,919.64,4.2
ORD101924,2025-02-25,CUST1114,Customer_1068,Female,28,Hyderabad,Telangana,South,Electronics,Tablet,3,29331.72,20.0,70396.13,Credit Card,Delivered,13042.61,3.1
ORD101925,2025-09-16,CUST1077,Customer_1432,Male,47,Mumbai,Maharashtra,West,Electronics,Headphones,2,4098.46,10.0,7377.23,Net Banking,Delivered,1334.2,5.0
ORD101926,2025-09-29,CUST1144,Customer_1435,Male,19,Ludhiana,Punjab,North,Home & Kitchen,Dining Set,2,14561.16,10.0,26210.09,Credit Card,Delivered,3104.67,4.8
ORD101927,2025-04-04,CUST1415,Customer_1342,Female,24,Mumbai,Maharashtra,West,Fashion,T-Shirt,2,1039.04,0.0,2078.08,UPI,Delivered,357.55,4.8
ORD101928,2025-06-01,CUST1096,Customer_1503,Male,47,Ranchi,Jharkhand,East,Home & Kitchen,Bedsheet,2,1983.42,20.0,3173.47,UPI,Delivered,301.13,4.0
ORD101929,2025-06-09,CUST1087,Customer_1401,Female,24,Bengaluru,Karnataka,South,Fashion,Jeans,2,2878.1,25.0,4317.15,Debit Card,Delivered,714.16,3.7
ORD101930,2025-03-23,CUST1075,Customer_1429,Female,34,New Delhi,Delhi,North,Beauty,Moisturizer,3,572.2,10.0,1544.94,Credit Card,Delivered,327.36,4.1
ORD101931,2025-12-22,CUST1033,Customer_1374,Male,18,Bengaluru,Karnataka,South,Sports,Running Shoes,3,5608.38,10.0,15142.63,Credit Card,Delivered,2511.76,2.9
ORD101932,2025-06-13,CUST1528,Customer_1169,Male,21,Bengaluru,Karnataka,South,Sports,Cricket Bat,1,7702.06,15.0,6546.75,UPI,Delivered,1405.84,4.0
ORD101933,2025-02-15,CUST1273,Customer_1075,Male,32,Ludhiana,Punjab,North,Fashion,Backpack,4,3076.88,10.0,11076.77,Credit Card,Delivered,2424.29,3.7
ORD101934,2025-02-13,CUST1174,Customer_1014,Male,32,Jaipur,Rajasthan,North,Electronics,Smartphone,2,46441.69,15.0,78950.87,Debit Card,Delivered,14207.9,3.5
ORD101935,2025-01-08,CUST1023,Customer_1781,Male,21,Chennai,Tamil Nadu,South,Electronics,Tablet,2,35426.21,20.0,56681.94,Debit Card,Delivered,8096.15,3.2
ORD101936,2025-07-31,CUST1465,Customer_1164,Female,36,Kolkata,West Bengal,East,Fashion,T-Shirt,1,766.54,20.0,613.23,Debit Card,Delivered,87.65,4.2
ORD101937,2025-07-06,CUST1212,Customer_1035,Female,35,New Delhi,Delhi,North,Sports,Dumbbells,5,3397.26,10.0,15287.67,Credit Card,Delivered,2608.26,4.9
ORD101938,2025-11-20,CUST1489,Customer_1478,Male,34,Jaipur,Rajasthan,North,Fashion,T-Shirt,1,1002.02,10.0,901.82,Debit Card,Delivered,104.48,4.0
ORD101939,2025-09-04,CUST1291,Customer_1248,Male,50,Patna,Bihar,East,Fashion,Backpack,3,1160.17,0.0,3480.51,UPI,Delivered,739.2,4.6
ORD101940,2025-11-18,CUST1707,Customer_1340,Female,23,Chennai,Tamil Nadu,South,Beauty,Makeup Kit,1,3502.96,5.0,3327.81,Credit Card,Delivered,651.03,4.0
ORD101941,2025-12-06,CUST1709,Customer_1788,Female,26,Patna,Bihar,East,Fashion,Jacket,2,1909.68,10.0,3437.42,UPI,Returned,287.23,3.4
ORD101942,2025-07-11,CUST1107,Customer_1706,Female,40,Chennai,Tamil Nadu,South,Electronics,Smartphone,1,38766.17,0.0,38766.17,UPI,Delivered,6176.07,3.9
ORD101943,2025-12-01,CUST1579,Customer_1709,Male,41,Ludhiana,Punjab,North,Electronics,Smartwatch,1,9026.32,5.0,8575.0,Net Banking,Delivered,1321.11,3.9
ORD101944,2025-10-05,CUST1230,Customer_1096,Male,42,Hyderabad,Telangana,South,Electronics,Tablet,1,28482.98,15.0,24210.53,Debit Card,Cancelled,4477.06,4.4
ORD101945,2025-04-23,CUST1339,Customer_1629,Female,28,Ludhiana,Punjab,North,Sports,Running Shoes,1,6902.25,20.0,5521.8,UPI,Delivered,919.9,3.5
ORD101946,2025-05-10,CUST1410,Customer_1791,Male,22,Patna,Bihar,East,Home & Kitchen,Cookware Set,3,3162.29,15.0,8063.84,UPI,Delivered,1521.54,4.9
ORD101947,2025-05-12,CUST1498,Customer_1498,Male,31,New Delhi,Delhi,North,Beauty,Shampoo,1,536.83,5.0,509.99,UPI,Cancelled,65.34,3.4
ORD101948,2025-10-12,CUST1361,Customer_1066,Female,28,Ludhiana,Punjab,North,Sports,Football,1,2074.61,0.0,2074.61,UPI,Delivered,150.3,2.8
ORD101949,2025-11-20,CUST1241,Customer_1007,Female,18,Ludhiana,Punjab,North,Electronics,Smartphone,1,33577.1,20.0,26861.68,Debit Card,Delivered,5413.3,3.5
ORD101950,2025-09-01,CUST1239,Customer_1197,Female,31,New Delhi,Delhi,North,Beauty,Face Wash,3,333.3,5.0,949.91,UPI,Delivered,101.94,3.9
ORD101951,2025-03-09,CUST1392,Customer_1316,Male,18,New Delhi,Delhi,North,Fashion,Backpack,2,1641.41,25.0,2462.12,Credit Card,Shipped,216.66,3.5
ORD101952,2025-07-16,CUST1337,Customer_1586,Female,24,Ludhiana,Punjab,North,Electronics,Smartphone,2,56835.2,10.0,102303.36,Cash on Delivery,Delivered,9331.08,4.2
ORD101953,2025-03-31,CUST1246,Customer_1239,Male,48,Chennai,Tamil Nadu,South,Electronics,Tablet,1,48875.31,10.0,43987.78,UPI,Cancelled,3561.12,4.0
ORD101954,2025-11-21,CUST1381,Customer_1681,Male,39,Jaipur,Rajasthan,North,Sports,Running Shoes,3,8851.17,15.0,22570.48,Debit Card,Delivered,4016.99,4.1
ORD101955,2025-12-05,CUST1459,Customer_1413,Female,35,Patna,Bihar,East,Fashion,T-Shirt,3,1438.83,15.0,3669.02,Credit Card,Delivered,228.63,4.0
ORD101956,2025-01-12,CUST1659,Customer_1649,Male,27,Jaipur,Rajasthan,North,Fashion,Shoes,3,1352.48,20.0,3245.95,Debit Card,Delivered,353.55,4.4
ORD101957,2025-12-26,CUST1259,Customer_1157,Female,37,Panaji,Goa,West,Electronics,Smartphone,2,34029.28,10.0,61252.7,Cash on Delivery,Delivered,6504.6,4.9
ORD101958,2025-03-29,CUST1410,Customer_1529,Male,40,Bhubaneswar,Odisha,East,Sports,Yoga Mat,1,1839.3,0.0,1839.3,UPI,Returned,254.24,4.2
ORD101959,2025-10-19,CUST1161,Customer_1390,Female,49,Patna,Bihar,East,Electronics,Laptop,2,37025.79,10.0,66646.42,UPI,Delivered,12251.83,4.3
ORD101960,2025-12-09,CUST1219,Customer_1485,Male,21,New Delhi,Delhi,North,Sports,Cricket Bat,1,6050.03,10.0,5445.03,Debit Card,Delivered,803.9,2.3
ORD101961,2025-05-04,CUST1052,Customer_1404,Male,28,Mumbai,Maharashtra,West,Home & Kitchen,Cookware Set,2,3171.71,10.0,5709.08,Credit Card,Returned,913.31,5.0
ORD101962,2025-06-23,CUST1113,Customer_1583,Male,24,Kochi,Kerala,South,Sports,Football,3,808.29,5.0,2303.63,Debit Card,Delivered,486.17,4.0
ORD101963,2025-07-29,CUST1722,Customer_1426,Male,39,Bhubaneswar,Odisha,East,Fashion,Jeans,1,1477.43,5.0,1403.56,UPI,Delivered,283.51,3.6
ORD101964,2025-11-06,CUST1400,Customer_1414,Male,42,Gurugram,Haryana,North,Fashion,Shoes,1,6649.08,5.0,6316.63,Cash on Delivery,Shipped,1113.11,5.0
ORD101965,2025-12-02,CUST1088,Customer_1269,Male,41,New Delhi,Delhi,North,Fashion,Shoes,1,4479.32,15.0,3807.42,Debit Card,Shipped,798.48,3.5
ORD101966,2025-07-08,CUST1721,Customer_1042,Female,24,Kolkata,West Bengal,East,Fashion,Backpack,1,1355.0,5.0,1287.25,Credit Card,Delivered,199.27,3.1
ORD101967,2025-11-01,CUST1185,Customer_1283,Male,23,Kolkata,West Bengal,East,Home & Kitchen,Bedsheet,1,1024.34,0.0,1024.34,Credit Card,Cancelled,192.74,4.0
ORD101968,2025-07-19,CUST1666,Customer_1384,Male,45,Ranchi,Jharkhand,East,Sports,Football,1,2534.35,25.0,1900.76,Credit Card,Delivered,349.38,3.3
ORD101969,2025-09-26,CUST1501,Customer_1209,Female,33,Ahmedabad,Gujarat,West,Fashion,Backpack,4,1496.3,0.0,5985.2,UPI,Shipped,1150.25,4.3
ORD101970,2025-01-31,CUST1131,Customer_1728,Male,34,Chennai,Tamil Nadu,South,Electronics,Headphones,3,2953.38,10.0,7974.13,UPI,Delivered,1686.84,3.8
ORD101971,2025-07-20,CUST1589,Customer_1361,Male,25,Kolkata,West Bengal,East,Fashion,Shoes,2,2796.61,5.0,5313.56,Credit Card,Delivered,576.72,3.3
ORD101972,2025-08-28,CUST1474,Customer_1061,Male,44,Kolkata,West Bengal,East,Electronics,Tablet,3,36949.94,10.0,99764.84,Credit Card,Delivered,14219.69,3.9
ORD101973,2025-12-02,CUST1296,Customer_1024,Male,27,Lucknow,Uttar Pradesh,North,Electronics,Headphones,1,3634.63,20.0,2907.7,UPI,Cancelled,358.62,4.0
ORD101974,2025-11-27,CUST1247,Customer_1329,Male,43,Mumbai,Maharashtra,West,Electronics,Headphones,2,1378.69,5.0,2619.51,Credit Card,Delivered,224.26,3.7
ORD101975,2025-06-23,CUST1775,Customer_1290,Female,34,Patna,Bihar,East,Fashion,Shoes,1,2195.13,10.0,1975.62,Cash on Delivery,Delivered,364.65,3.6
ORD101976,2025-05-11,CUST1490,Customer_1001,Male,47,Hyderabad,Telangana,South,Beauty,Perfume,2,4557.85,15.0,7748.35,Net Banking,Delivered,1037.66,2.3
ORD101977,2025-01-11,CUST1559,Customer_1778,Male,26,New Delhi,Delhi,North,Electronics,Smartphone,1,39938.93,5.0,37941.98,UPI,Delivered,3942.15,3.4
ORD101978,2025-09-29,CUST1043,Customer_1461,Female,19,Kochi,Kerala,South,Sports,Dumbbells,2,2732.77,5.0,5192.26,UPI,Delivered,1002.57,3.7
ORD101979,2025-08-15,CUST1260,Customer_1020,Male,40,Ranchi,Jharkhand,East,Sports,Running Shoes,1,8133.77,10.0,7320.39,Credit Card,Delivered,1257.77,3.5
ORD101980,2025-12-07,CUST1245,Customer_1766,Male,34,Ranchi,Jharkhand,East,Sports,Yoga Mat,1,2092.71,10.0,1883.44,Debit Card,Delivered,169.66,3.5
ORD101981,2025-04-30,CUST1565,Customer_1577,Male,33,Hyderabad,Telangana,South,Fashion,Jeans,2,2386.36,15.0,4056.81,UPI,Delivered,350.3,2.8
ORD101982,2025-06-21,CUST1406,Customer_1262,Female,32,Ludhiana,Punjab,North,Home & Kitchen,Mixer Grinder,2,7216.69,5.0,13711.71,Debit Card,Cancelled,2114.85,5.0
ORD101983,2025-06-10,CUST1683,Customer_1109,Male,29,New Delhi,Delhi,North,Beauty,Face Wash,1,865.12,15.0,735.35,Debit Card,Delivered,144.32,3.3
ORD101984,2025-01-11,CUST1181,Customer_1232,Male,28,Gurugram,Haryana,North,Fashion,Jacket,2,5491.84,15.0,9336.13,Credit Card,Cancelled,1552.32,3.6
ORD101985,2025-05-03,CUST1090,Customer_1456,Female,30,Kochi,Kerala,South,Fashion,Jacket,2,2648.02,0.0,5296.04,UPI,Delivered,602.73,3.1
ORD101986,2025-12-21,CUST1146,Customer_1017,Male,50,Ludhiana,Punjab,North,Home & Kitchen,Cookware Set,2,6998.15,10.0,12596.67,UPI,Delivered,988.94,4.4
ORD101987,2025-02-26,CUST1729,Customer_1458,Female,28,Ludhiana,Punjab,North,Home & Kitchen,Air Fryer,1,11453.58,0.0,11453.58,UPI,Returned,1301.0,3.6
ORD101988,2025-09-12,CUST1005,Customer_1581,Female,18,Ranchi,Jharkhand,East,Beauty,Face Wash,1,206.45,,196.13,UPI,Delivered,15.2,5.0
ORD101989,2025-05-10,CUST1178,Customer_1095,Female,30,Hyderabad,Telangana,South,Electronics,Tablet,3,38479.1,20.0,92349.84,UPI,Delivered,8126.61,3.4
ORD101990,2025-04-28,CUST1517,Customer_1723,Female,18,Ahmedabad,Gujarat,West,Sports,Cricket Bat,1,1278.4,10.0,1150.56,Net Banking,Delivered,80.84,4.2
ORD101991,2025-03-28,CUST1406,Customer_1496,Male,28,Chennai,Tamil Nadu,South,Home & Kitchen,Dining Set,1,15472.53,10.0,13925.28,UPI,Cancelled,1610.64,4.3
ORD101992,2025-02-28,CUST1749,Customer_1240,Male,32,Bengaluru,Karnataka,South,Fashion,Backpack,2,2994.5,10.0,5390.1,UPI,Delivered,627.53,2.3
ORD101993,2025-01-18,CUST1580,Customer_1114,Female,18,Lucknow,Uttar Pradesh,North,Electronics,Smartphone,1,45537.51,15.0,38706.88,Credit Card,Delivered,8392.63,4.7
ORD101994,2025-05-18,CUST1157,Customer_1031,Male,32,Patna,Bihar,East,Electronics,Laptop,1,72981.63,15.0,62034.39,Debit Card,Delivered,10868.06,3.8
ORD101995,2025-11-30,CUST1040,Customer_1681,Female,37,Ahmedabad,Gujarat,West,Fashion,T-Shirt,2,1403.84,5.0,2667.3,UPI,Delivered,488.73,2.6
ORD101996,2025-03-17,CUST1298,Customer_1378,Female,43,Lucknow,Uttar Pradesh,North,Beauty,Moisturizer,1,855.01,0.0,855.01,UPI,Delivered,72.4,5.0
ORD101997,2025-10-23,CUST1332,Customer_1713,Female,27,Jaipur,Rajasthan,North,Sports,Dumbbells,4,4515.92,10.0,16257.31,UPI,Returned,2665.27,4.0
ORD101998,2025-06-18,CUST1646,Customer_1711,Female,34,Bengaluru,Karnataka,South,Electronics,Smartphone,2,41464.0,15.0,70488.8,Credit Card,Shipped,11718.24,4.0
ORD101999,2025-01-31,CUST1162,Customer_1432,Male,39,Bhubaneswar,Odisha,East,Beauty,Face Wash,1,720.35,10.0,648.32,Net Banking,Delivered,71.55,2.1
ORD102000,2025-12-02,CUST1017,Customer_1220,Male,36,Jaipur,Rajasthan,North,Fashion,Jacket,1,4680.61,10.0,4212.55,UPI,Delivered,585.7,4.4
ORD102001,2025-06-05,CUST1166,Customer_1208,Male,24,Ranchi,Jharkhand,East,Fashion,Shoes,4,3384.05,10.0,12182.58,Cash on Delivery,Delivered,2161.33,3.7
ORD102002,2025-07-12,CUST1488,Customer_1612,Male,25,Ahmedabad,Gujarat,West,Home & Kitchen,Cookware Set,2,1866.64,20.0,2986.62,Credit Card,Delivered,424.22,3.6
ORD102003,2025-06-28,CUST1339,Customer_1079,Female,20,Lucknow,Uttar Pradesh,North,Fashion,T-Shirt,2,802.26,15.0,1363.84,Cash on Delivery,Delivered,163.65,3.6
ORD102004,2025-12-20,CUST1328,Customer_1498,Female,36,Bengaluru,Karnataka,South,Electronics,Laptop,2,70515.03,20.0,112824.05,UPI,Delivered,7823.53,3.3
ORD102005,2025-06-04,CUST1527,Customer_1365,Male,38,Ahmedabad,Gujarat,West,Electronics,Laptop,1,73839.2,5.0,70147.24,UPI,Delivered,6959.67,4.0
ORD102006,2025-08-14,CUST1429,Customer_1152,Male,24,Kochi,Kerala,South,Electronics,Smartwatch,2,10446.08,,19847.55,UPI,Delivered,3544.44,3.4
ORD102007,2025-11-28,CUST1403,Customer_1552,Male,42,Mumbai,Maharashtra,West,Home & Kitchen,Cookware Set,1,5432.57,5.0,5160.94,UPI,Delivered,1013.79,5.0
ORD102008,2025-05-30,CUST1086,Customer_1058,Female,25,Lucknow,Uttar Pradesh,North,Home & Kitchen,Air Fryer,1,12582.57,15.0,10695.18,Net Banking,Delivered,1200.33,3.4
ORD102009,2025-01-14,CUST1606,Customer_1343,Male,31,Gurugram,Haryana,North,Beauty,Moisturizer,3,1407.21,10.0,3799.47,Credit Card,Delivered,668.15,3.9
ORD102010,2025-12-10,CUST1012,Customer_1694,Male,30,Gurugram,Haryana,North,Electronics,Smartphone,1,68012.11,15.0,57810.29,Cash on Delivery,Delivered,10993.33,3.4
ORD102011,2025-12-03,CUST1134,Customer_1771,Male,37,Patna,Bihar,East,Fashion,T-Shirt,4,1226.53,20.0,3924.9,Net Banking,Cancelled,797.69,3.2
ORD102012,2025-09-01,CUST1409,Customer_1276,Female,31,Gurugram,Haryana,North,Home & Kitchen,Air Fryer,1,10529.05,20.0,8423.24,Debit Card,Delivered,772.38,3.5
ORD102013,2025-02-02,CUST1536,Customer_1197,Male,27,Chennai,Tamil Nadu,South,Beauty,Shampoo,1,734.06,,587.25,UPI,Delivered,84.31,3.6
ORD102014,2025-11-21,CUST1751,Customer_1481,Female,28,Bhubaneswar,Odisha,East,Beauty,Makeup Kit,1,883.36,15.0,750.86,UPI,Shipped,123.0,4.9
ORD102015,2025-09-16,CUST1751,Customer_1094,Male,27,Mumbai,Maharashtra,West,Home & Kitchen,Mixer Grinder,1,4082.18,10.0,3673.96,Credit Card,Delivered,753.49,3.9
ORD102016,2025-04-12,CUST1576,Customer_1346,Male,21,Patna,Bihar,East,Sports,Cricket Bat,1,1797.9,25.0,1348.43,Debit Card,Delivered,138.07,3.7
ORD102017,2025-02-05,CUST1330,Customer_1541,Female,32,Bengaluru,Karnataka,South,Home & Kitchen,Air Fryer,2,5326.7,5.0,10120.73,Cash on Delivery,Delivered,1935.54,4.2
ORD102018,2025-10-04,CUST1129,Customer_1302,Male,29,Ranchi,Jharkhand,East,Electronics,Tablet,2,16073.56,15.0,27325.05,UPI,Returned,1894.18,3.9
ORD102019,2025-05-21,CUST1605,Customer_1631,Male,32,Jaipur,Rajasthan,North,Sports,Yoga Mat,2,2300.28,5.0,4370.53,Credit Card,Delivered,399.28,4.2
ORD102020,2025-10-05,CUST1754,Customer_1406,Male,19,Hyderabad,Telangana,South,Beauty,Face Wash,1,409.52,15.0,348.09,UPI,Cancelled,70.08,3.3
ORD102021,2025-08-01,CUST1087,Customer_1530,Female,28,Bhubaneswar,Odisha,East,Electronics,Smartwatch,5,12210.47,10.0,54947.11,Debit Card,Delivered,8359.4,3.5
ORD102022,2025-06-20,CUST1270,Customer_1219,Female,43,Kolkata,West Bengal,East,Home & Kitchen,Dining Set,2,14797.82,0.0,29595.64,Credit Card,Delivered,6014.31,4.3
ORD102023,2025-02-07,CUST1766,Customer_1426,Female,39,Panaji,Goa,West,Fashion,Backpack,1,2817.99,5.0,2677.09,Credit Card,Delivered,235.72,3.6
ORD102024,2025-03-29,CUST1102,Customer_1760,Male,30,Mumbai,Maharashtra,West,Sports,Cricket Bat,1,4753.24,10.0,4277.92,Cash on Delivery,Delivered,399.17,2.8
ORD102025,2025-08-24,CUST1591,Customer_1092,Male,28,Panaji,Goa,West,Electronics,Smartphone,1,20993.55,10.0,18894.19,Debit Card,Delivered,2367.64,4.0
ORD102026,2025-06-19,CUST1119,Customer_1042,Female,28,Chennai,Tamil Nadu,South,Home & Kitchen,Dining Set,4,13081.51,15.0,44477.13,Credit Card,Delivered,5555.78,4.5
ORD102027,2025-06-09,CUST1748,Customer_1659,Female,45,Ludhiana,Punjab,North,Electronics,Smartphone,2,57929.51,20.0,92687.22,UPI,Delivered,14426.16,4.5
ORD102028,2025-03-28,CUST1538,Customer_1429,Male,42,Chennai,Tamil Nadu,South,Beauty,Perfume,1,2436.2,20.0,1948.96,UPI,Cancelled,216.71,4.7
ORD102029,2025-03-20,CUST1561,Customer_1230,Female,27,Ranchi,Jharkhand,East,Fashion,Backpack,1,3462.88,10.0,3116.59,Cash on Delivery,Shipped,608.68,3.8
ORD102030,2025-07-16,CUST1701,Customer_1158,Female,19,Hyderabad,Telangana,South,Electronics,Smartwatch,3,14072.81,15.0,35885.67,Credit Card,Delivered,3667.3,3.9
ORD102031,2025-01-16,CUST1701,Customer_1540,Female,24,Bhubaneswar,Odisha,East,Sports,Cricket Bat,2,1269.62,5.0,2412.28,UPI,Delivered,217.72,5.0
ORD102032,2025-06-09,CUST1047,Customer_1674,Male,36,Ahmedabad,Gujarat,West,Electronics,Smartphone,1,25408.18,10.0,22867.36,UPI,Delivered,1443.89,3.5
ORD102033,2025-12-08,CUST1138,Customer_1778,Female,22,Ahmedabad,Gujarat,West,Fashion,Shoes,4,4094.43,15.0,13921.06,Debit Card,Delivered,2004.29,4.6
ORD102034,2025-08-19,CUST1456,Customer_1346,Female,41,Hyderabad,Telangana,South,Home & Kitchen,Mixer Grinder,1,6197.02,20.0,4957.62,UPI,Shipped,404.34,4.1
ORD102035,2025-01-05,CUST1632,Customer_1371,Male,32,Panaji,Goa,West,Electronics,Smartphone,5,39531.54,10.0,177891.93,Credit Card,Delivered,28346.42,4.7
ORD102036,2025-04-29,CUST1050,Customer_1522,Female,26,Hyderabad,Telangana,South,Electronics,Smartphone,4,43899.42,10.0,158037.91,Net Banking,Delivered,16265.86,4.6
ORD102037,2025-09-02,CUST1468,Customer_1293,Male,18,Jaipur,Rajasthan,North,Electronics,Smartphone,3,17369.82,10.0,46898.51,Cash on Delivery,Delivered,5336.87,5.0
ORD102038,2025-09-25,CUST1427,Customer_1296,Male,27,Chennai,Tamil Nadu,South,Electronics,Laptop,1,58714.06,10.0,52842.65,Cash on Delivery,Returned,4739.31,3.8
ORD102039,2025-01-27,CUST1296,Customer_1513,Female,25,Kolkata,West Bengal,East,Beauty,Shampoo,2,1066.66,15.0,1813.32,Credit Card,Shipped,376.73,4.2
ORD102040,2025-11-04,CUST1580,Customer_1671,Female,28,Ludhiana,Punjab,North,Electronics,Smartphone,4,60478.19,0.0,241912.76,Cash on Delivery,Delivered,26897.25,4.2
ORD102041,2025-02-28,CUST1564,Customer_1417,Male,27,Kolkata,West Bengal,East,Electronics,Smartwatch,5,10689.51,20.0,42758.04,Net Banking,Delivered,4904.34,4.6
ORD102042,2025-12-12,CUST1731,Customer_1044,Other,30,Ranchi,Jharkhand,East,Fashion,Jeans,1,1990.42,5.0,1890.9,Net Banking,Delivered,276.8,3.4
ORD102043,2025-05-28,CUST1740,Customer_1542,Female,24,Ludhiana,Punjab,North,Fashion,Shoes,1,1262.57,5.0,1199.44,Cash on Delivery,Shipped,261.13,4.6
ORD102044,2025-05-09,CUST1014,Customer_1631,Female,47,New Delhi,Delhi,North,Sports,Dumbbells,1,4411.5,10.0,3970.35,Credit Card,Delivered,822.09,3.1
ORD102045,2025-01-26,CUST1426,Customer_1377,Male,34,Kochi,Kerala,South,Electronics,Smartphone,1,59240.52,10.0,53316.47,UPI,Delivered,8313.15,3.7
ORD102046,2025-07-16,CUST1253,Customer_1299,Female,29,Lucknow,Uttar Pradesh,North,Electronics,Laptop,1,80399.0,20.0,64319.2,UPI,Delivered,6511.78,4.2
ORD102047,2025-03-26,CUST1349,Customer_1636,Female,30,Hyderabad,Telangana,South,Fashion,Jeans,1,1916.79,20.0,1533.43,Debit Card,Shipped,214.71,3.3
ORD102048,2025-09-26,CUST1498,Customer_1537,Female,21,Gurugram,Haryana,North,Electronics,Smartwatch,1,9871.85,10.0,8884.67,UPI,Delivered,695.0,4.4
ORD102049,2025-07-08,CUST1082,Customer_1180,Male,32,New Delhi,Delhi,North,Fashion,Jeans,3,1577.37,10.0,4258.9,Debit Card,Delivered,444.39,4.2
ORD102050,2025-01-27,CUST1207,Customer_1222,Female,41,Lucknow,Uttar Pradesh,North,Home & Kitchen,Air Fryer,1,12204.17,0.0,12204.17,Debit Card,Shipped,2443.15,4.6
ORD102051,2025-12-29,CUST1661,Customer_1791,Female,43,Gurugram,Haryana,North,Electronics,Smartphone,3,65326.52,15.0,166582.63,Credit Card,Delivered,16186.31,4.5
ORD102052,2025-08-05,CUST1489,Customer_1298,Male,18,Hyderabad,Telangana,South,Home & Kitchen,Mixer Grinder,2,5791.45,15.0,9845.47,Debit Card,Delivered,1071.51,4.0
ORD102053,2025-09-05,CUST1487,Customer_1548,Female,18,Patna,Bihar,East,Sports,Cricket Bat,1,3423.0,20.0,2738.4,Net Banking,Delivered,450.86,
ORD102054,2025-10-01,CUST1437,Customer_1790,Female,45,Bengaluru,Karnataka,South,Electronics,Headphones,1,842.61,10.0,758.35,Credit Card,Delivered,107.12,4.9
ORD102055,2025-10-07,CUST1238,Customer_1381,Male,20,Lucknow,Uttar Pradesh,North,Electronics,Headphones,5,7515.66,10.0,33820.47,UPI,Cancelled,7337.99,3.1
ORD102056,2025-04-12,CUST1230,Customer_1388,Male,21,Kolkata,West Bengal,East,Home & Kitchen,Cookware Set,1,3318.88,0.0,3318.88,Cash on Delivery,Returned,666.81,4.5
ORD102057,2025-11-10,CUST1233,Customer_1745,Female,29,Panaji,Goa,West,Beauty,Shampoo,1,537.4,10.0,483.66,UPI,Shipped,53.33,3.4
ORD102058,2025-06-13,CUST1240,Customer_1213,Male,28,Lucknow,Uttar Pradesh,North,Beauty,Moisturizer,1,736.77,10.0,663.09,Net Banking,Delivered,127.42,2.8
ORD102059,2025-10-23,CUST1102,Customer_1011,Male,44,Kochi,Kerala,South,Electronics,Tablet,1,28190.3,20.0,22552.24,UPI,Delivered,3421.9,3.5
ORD102060,2025-12-22,CUST1765,Customer_1588,Female,21,Ahmedabad,Gujarat,West,Electronics,Laptop,1,54067.9,10.0,48661.11,Credit Card,Delivered,7498.57,4.5
ORD102061,2025-08-10,CUST1705,Customer_1396,Male,31,Gurugram,Haryana,North,Home & Kitchen,Cookware Set,1,4315.41,0.0,4315.41,UPI,Delivered,261.39,3.7
ORD102062,2025-09-23,CUST1761,Customer_1205,Female,34,Kochi,Kerala,South,Electronics,Smartwatch,1,13350.5,5.0,12682.97,UPI,Delivered,1946.5,3.8
ORD102063,2025-08-08,CUST1173,Customer_1472,Female,29,Panaji,Goa,West,Beauty,Moisturizer,1,1678.42,5.0,1594.5,Net Banking,Delivered,264.39,3.1
ORD102064,2025-02-07,CUST1419,Customer_1302,Male,40,Chennai,Tamil Nadu,South,Sports,Dumbbells,1,2504.56,5.0,2379.33,Credit Card,Delivered,248.3,4.5
ORD102065,2025-04-15,CUST1586,Customer_1647,Male,29,Ranchi,Jharkhand,East,Home & Kitchen,Cookware Set,1,4512.76,0.0,4512.76,Cash on Delivery,Cancelled,892.95,4.4
ORD102066,2025-04-18,CUST1524,Customer_1443,Male,42,Kolkata,West Bengal,East,Home & Kitchen,Mixer Grinder,1,3210.03,0.0,3210.03,Credit Card,Delivered,397.62,3.7
ORD102067,2025-05-05,CUST1131,Customer_1234,Male,33,Lucknow,Uttar Pradesh,North,Electronics,Smartwatch,1,14297.75,10.0,12867.98,UPI,Shipped,1755.65,3.5
ORD102068,2025-01-03,CUST1481,Customer_1414,Female,28,Ludhiana,Punjab,North,Beauty,Shampoo,2,598.71,20.0,957.94,Net Banking,Delivered,180.17,4.1
ORD102069,2025-02-12,CUST1656,Customer_1278,Male,24,New Delhi,Delhi,North,Home & Kitchen,Air Fryer,1,9074.54,0.0,9074.54,UPI,Cancelled,852.55,3.3
ORD102070,2025-05-05,CUST1312,Customer_1212,Male,50,Gurugram,Haryana,North,Beauty,Perfume,2,2021.84,20.0,3234.94,Debit Card,Delivered,557.4,3.7
ORD102071,2025-12-24,CUST1269,Customer_1794,Female,35,Jaipur,Rajasthan,North,Home & Kitchen,Mixer Grinder,1,3106.65,10.0,2795.99,Credit Card,Returned,228.49,3.2
ORD102072,2025-11-14,CUST1723,Customer_1072,Male,34,Mumbai,Maharashtra,West,Beauty,Moisturizer,1,1633.47,10.0,1470.12,Cash on Delivery,Delivered,299.8,3.6
ORD102073,2025-11-25,CUST1592,Customer_1732,Female,32,Ranchi,Jharkhand,East,Sports,Cricket Bat,4,7505.99,15.0,25520.37,UPI,Delivered,4216.86,5.0
ORD102074,2025-07-23,CUST1149,Customer_1201,Male,32,Kochi,Kerala,South,Sports,Cricket Bat,2,1598.86,10.0,2877.95,Credit Card,Delivered,292.65,3.5
ORD102075,2025-12-03,CUST1188,Customer_1464,Female,30,Kolkata,West Bengal,East,Sports,Dumbbells,3,1224.71,20.0,2939.3,UPI,Shipped,551.94,4.0
ORD102076,2025-01-14,CUST1028,Customer_1142,Other,24,Mumbai,Maharashtra,West,Electronics,Smartphone,1,40992.36,0.0,40992.36,UPI,Delivered,8733.19,4.7
ORD102077,2025-11-22,CUST1732,Customer_1047,Female,30,Panaji,Goa,West,Fashion,Jacket,1,4539.7,10.0,4085.73,UPI,Delivered,559.97,4.0
ORD102078,2025-11-06,CUST1747,Customer_1167,Female,33,Gurugram,Haryana,North,Fashion,Jacket,1,4602.31,10.0,4142.08,Net Banking,Delivered,871.37,3.8
ORD102079,2025-06-30,CUST1533,Customer_1272,Male,37,Bengaluru,Karnataka,South,Beauty,Moisturizer,2,483.03,15.0,821.15,UPI,Delivered,176.99,3.4
ORD102080,2025-02-28,CUST1030,Customer_1267,Male,47,Ahmedabad,Gujarat,West,Electronics,Headphones,1,6249.87,15.0,5312.39,UPI,Delivered,330.98,3.9
ORD102081,2025-02-03,CUST1470,Customer_1619,Female,42,Mumbai,Maharashtra,West,Electronics,Laptop,1,43929.28,10.0,39536.35,UPI,Delivered,8614.73,3.1
ORD102082,2025-06-07,CUST1581,Customer_1444,Female,45,Panaji,Goa,West,Home & Kitchen,Cookware Set,1,2361.79,10.0,2125.61,Credit Card,Cancelled,181.61,5.0
ORD102083,2025-01-31,CUST1362,Customer_1761,Male,25,Panaji,Goa,West,Sports,Yoga Mat,2,592.74,20.0,948.38,Debit Card,Delivered,71.88,3.4
ORD102084,2025-10-11,CUST1337,Customer_1338,Male,25,Hyderabad,Telangana,South,Beauty,Moisturizer,1,1733.76,10.0,1560.38,Credit Card,Cancelled,149.01,4.5
ORD102085,2025-07-20,CUST1576,Customer_1415,Female,18,Ahmedabad,Gujarat,West,Home & Kitchen,Mixer Grinder,1,4758.8,20.0,3807.04,Credit Card,Delivered,307.03,3.5
ORD102086,2025-08-02,CUST1166,Customer_1373,Male,34,Bengaluru,Karnataka,South,Fashion,T-Shirt,1,1201.71,25.0,901.28,Net Banking,Shipped,65.6,2.9
ORD102087,2025-10-03,CUST1007,Customer_1455,Male,18,New Delhi,Delhi,North,Beauty,Moisturizer,1,1670.46,5.0,1586.94,UPI,Delivered,241.88,4.7
ORD102088,2025-01-06,CUST1570,Customer_1169,Male,44,Kochi,Kerala,South,Electronics,Tablet,3,44023.22,15.0,112259.21,Net Banking,Delivered,14386.53,4.2
ORD102089,2025-05-06,CUST1665,Customer_1577,Female,28,Bengaluru,Karnataka,South,Home & Kitchen,Dining Set,1,7291.03,15.0,6197.38,Credit Card,Delivered,940.31,5.0
ORD102090,2025-07-27,CUST1577,Customer_1241,Male,18,New Delhi,Delhi,North,Home & Kitchen,Cookware Set,1,2331.32,5.0,2214.75,Debit Card,Shipped,246.71,3.2
ORD102091,2025-07-23,CUST1660,Customer_1644,Female,18,Jaipur,Rajasthan,North,Fashion,Jeans,1,1844.14,20.0,1475.31,Credit Card,Delivered,267.0,5.0
ORD102092,2025-03-12,CUST1382,Customer_1507,Male,34,Bengaluru,Karnataka,South,Home & Kitchen,Cookware Set,4,3504.23,20.0,11213.54,Debit Card,Delivered,1026.21,4.4
ORD102093,2025-12-27,CUST1173,Customer_1763,Male,38,Patna,Bihar,East,Home & Kitchen,Cookware Set,2,1819.29,10.0,3274.72,Debit Card,Returned,406.62,3.1
ORD102094,2025-08-03,CUST1330,Customer_1144,Male,18,Bengaluru,Karnataka,South,Beauty,Shampoo,1,1055.96,10.0,950.36,UPI,Delivered,127.21,3.7
ORD102095,2025-04-29,CUST1226,Customer_1174,Female,27,Patna,Bihar,East,Fashion,Backpack,2,1890.03,5.0,3591.06,UPI,Shipped,767.22,4.3
ORD102096,2025-08-18,CUST1250,Customer_1225,Male,20,Mumbai,Maharashtra,West,Electronics,Smartphone,4,17541.43,15.0,59640.86,UPI,Delivered,9806.72,4.0
ORD102097,2025-02-25,CUST1261,Customer_1593,Male,40,Kolkata,West Bengal,East,Home & Kitchen,Air Fryer,2,6570.8,5.0,12484.52,Cash on Delivery,Delivered,2188.44,4.3
ORD102098,2025-02-07,CUST1687,Customer_1700,Female,39,Kolkata,West Bengal,East,Electronics,Laptop,4,54191.87,10.0,195090.73,Debit Card,Shipped,31042.7,4.7
ORD102099,2025-10-12,CUST1013,Customer_1501,Male,31,Patna,Bihar,East,Electronics,Headphones,1,7373.33,0.0,7373.33,UPI,Delivered,1125.37,3.2
ORD102100,2025-01-06,CUST1132,Customer_1245,Male,28,Kochi,Kerala,South,Beauty,Shampoo,2,1163.85,0.0,2327.7,UPI,Shipped,184.94,4.0
ORD102101,2025-12-21,CUST1462,Customer_1049,Female,21,Gurugram,Haryana,North,Fashion,T-Shirt,2,1087.29,15.0,1848.39,Debit Card,Shipped,218.83,3.6
ORD102102,2025-10-21,CUST1592,Customer_1748,Female,29,Jaipur,Rajasthan,North,Beauty,Shampoo,1,1091.51,25.0,818.63,Net Banking,Delivered,56.19,3.5
ORD102103,2025-10-12,CUST1313,Customer_1162,Male,23,Kochi,Kerala,South,Fashion,Backpack,2,2210.6,15.0,3758.02,UPI,Delivered,553.91,4.5
ORD102104,2025-04-24,CUST1586,Customer_1241,Female,25,Bhubaneswar,Odisha,East,Home & Kitchen,Air Fryer,3,4354.81,0.0,13064.43,UPI,Delivered,2359.15,4.1
ORD102105,2025-08-06,CUST1617,Customer_1589,Male,29,Gurugram,Haryana,North,Electronics,Laptop,1,45891.81,10.0,41302.63,Credit Card,Shipped,5701.97,5.0
ORD102106,2025-05-13,CUST1090,Customer_1518,Female,27,Ahmedabad,Gujarat,West,Beauty,Perfume,2,2731.45,20.0,4370.32,UPI,Delivered,779.47,4.6
ORD102107,2025-10-24,CUST1582,Customer_1799,Female,30,Jaipur,Rajasthan,North,Electronics,Headphones,3,6650.51,5.0,18953.95,UPI,Delivered,2493.8,4.4
ORD102108,2025-11-15,CUST1777,Customer_1199,Female,38,Ludhiana,Punjab,North,Sports,Yoga Mat,2,1878.62,10.0,3381.52,Debit Card,Delivered,390.69,3.6
ORD102109,2025-04-28,CUST1255,Customer_1313,Male,20,Gurugram,Haryana,North,Electronics,Headphones,1,1031.2,15.0,876.52,Net Banking,Delivered,88.87,4.3
ORD102110,2025-04-09,CUST1655,Customer_1055,Male,30,Mumbai,Maharashtra,West,Fashion,Jeans,1,1078.98,20.0,863.18,UPI,Shipped,187.11,4.1
ORD102111,2025-02-10,CUST1182,Customer_1556,Female,40,Gurugram,Haryana,North,Fashion,Shoes,5,2383.16,25.0,8936.85,Credit Card,Delivered,987.02,3.5
ORD102112,2025-06-02,CUST1572,Customer_1060,Male,38,Patna,Bihar,East,Sports,Running Shoes,1,3683.15,20.0,2946.52,Cash on Delivery,Delivered,218.15,2.2
ORD102113,2025-03-06,CUST1636,Customer_1797,Female,24,Hyderabad,Telangana,South,Home & Kitchen,Mixer Grinder,1,6840.58,10.0,6156.52,Credit Card,Delivered,826.78,3.8
ORD102114,2025-01-02,CUST1734,Customer_1701,Male,19,New Delhi,Delhi,North,Electronics,Tablet,3,32303.95,5.0,92066.26,Credit Card,Shipped,6310.97,4.3
ORD102115,2025-03-21,CUST1696,Customer_1527,Female,26,Panaji,Goa,West,Home & Kitchen,Mixer Grinder,1,4856.16,5.0,4613.35,Debit Card,Delivered,351.91,4.4
ORD102116,2025-04-23,CUST1650,Customer_1452,Female,23,Bengaluru,Karnataka,South,Beauty,Face Wash,1,682.25,0.0,682.25,Cash on Delivery,Returned,47.45,3.8
ORD102117,2025-01-27,CUST1119,Customer_1723,Male,26,Jaipur,Rajasthan,North,Fashion,Jacket,1,5980.58,15.0,5083.49,UPI,Delivered,868.22,2.9
ORD102118,2025-09-26,CUST1388,Customer_1767,Female,49,Chennai,Tamil Nadu,South,Beauty,Face Wash,2,311.12,10.0,560.02,Credit Card,Delivered,69.06,3.0
ORD102119,2025-10-24,CUST1051,Customer_1659,Female,28,Mumbai,Maharashtra,West,Sports,Yoga Mat,1,2315.24,0.0,2315.24,Net Banking,Delivered,153.4,3.9
ORD102120,2025-07-08,CUST1161,Customer_1713,Male,18,Kolkata,West Bengal,East,Sports,Dumbbells,5,4740.94,5.0,22519.46,Net Banking,Delivered,3650.73,4.1
ORD102121,2025-11-25,CUST1343,Customer_1739,Female,18,Ludhiana,Punjab,North,Sports,Yoga Mat,2,1920.69,10.0,3457.24,UPI,Delivered,586.22,3.3
ORD102122,2025-08-12,CUST1641,Customer_1016,Female,43,New Delhi,Delhi,North,Electronics,Tablet,1,35626.51,20.0,28501.21,UPI,Delivered,6235.83,3.1
ORD102123,2025-04-05,CUST1661,Customer_1289,Male,24,Patna,Bihar,East,Electronics,Smartphone,1,43163.91,5.0,41005.71,Cash on Delivery,Delivered,6628.9,3.1
ORD102124,2025-03-31,CUST1311,Customer_1371,Female,33,Chennai,Tamil Nadu,South,Electronics,Tablet,1,25458.22,10.0,22912.4,Debit Card,Cancelled,3362.02,4.3
ORD102125,2025-08-11,CUST1036,Customer_1509,Male,18,Bengaluru,Karnataka,South,Home & Kitchen,Bedsheet,1,1661.21,10.0,1495.09,Cash on Delivery,Shipped,195.62,2.8
ORD102126,2025-05-14,CUST1784,Customer_1026,Female,28,Kolkata,West Bengal,East,Sports,Football,1,2529.89,0.0,2529.89,Credit Card,Delivered,261.31,4.8
ORD102127,2025-03-21,CUST1447,Customer_1501,Male,37,Chennai,Tamil Nadu,South,Electronics,Tablet,1,29102.01,10.0,26191.81,Credit Card,Delivered,2269.99,4.0
ORD102128,2025-05-07,CUST1137,Customer_1590,Male,37,Lucknow,Uttar Pradesh,North,Beauty,Makeup Kit,1,1666.71,5.0,1583.37,Cash on Delivery,Shipped,258.34,3.0
ORD102129,2025-04-05,CUST1090,Customer_1759,Female,33,Ranchi,Jharkhand,East,Sports,Cricket Bat,1,6250.2,25.0,4687.65,UPI,Shipped,814.18,5.0
ORD102130,2025-04-20,CUST1715,Customer_1106,Female,29,Panaji,Goa,West,Electronics,Laptop,1,63042.42,25.0,47281.82,Cash on Delivery,Delivered,10242.49,3.5
ORD102131,2025-10-06,CUST1787,Customer_1733,Female,48,Ranchi,Jharkhand,East,Electronics,Smartphone,2,25650.41,10.0,46170.74,Debit Card,Cancelled,8974.24,4.7
ORD102132,2025-07-06,CUST1343,Customer_1099,Male,35,New Delhi,Delhi,North,Electronics,Tablet,1,23725.28,15.0,20166.49,Credit Card,Delivered,3734.39,3.4
ORD102133,2025-01-18,CUST1077,Customer_1049,Male,21,Ahmedabad,Gujarat,West,Home & Kitchen,Cookware Set,2,6563.88,10.0,11814.98,UPI,Delivered,2456.31,2.6
ORD102134,2025-09-22,CUST1319,Customer_1014,Female,38,Kolkata,West Bengal,East,Home & Kitchen,Cookware Set,1,7283.91,15.0,6191.32,Credit Card,Delivered,730.65,3.2
ORD102135,2025-07-22,CUST1539,Customer_1386,Female,31,Ludhiana,Punjab,North,Electronics,Smartphone,1,48918.19,10.0,44026.37,Debit Card,Delivered,6659.86,2.8
ORD102136,2025-09-17,CUST1366,Customer_1596,Female,20,Ahmedabad,Gujarat,West,Electronics,Smartwatch,1,8272.24,5.0,7858.63,Credit Card,Delivered,889.93,4.0
ORD102137,2025-06-28,CUST1540,Customer_1752,Male,39,Chennai,Tamil Nadu,South,Electronics,Headphones,2,4151.83,5.0,7888.48,Net Banking,Returned,1002.22,4.7
ORD102138,2025-08-23,CUST1627,Customer_1453,Male,41,Bengaluru,Karnataka,South,Home & Kitchen,Mixer Grinder,1,8616.99,10.0,7755.29,Credit Card,Delivered,1444.41,4.1
ORD102139,2025-02-18,CUST1122,Customer_1326,Other,29,New Delhi,Delhi,North,Sports,Running Shoes,2,8536.84,20.0,13658.94,Cash on Delivery,Delivered,2275.08,3.0
ORD102140,2025-12-08,CUST1731,Customer_1111,Male,18,Kochi,Kerala,South,Beauty,Perfume,3,2245.93,5.0,6400.9,UPI,Shipped,744.36,4.0
ORD102141,2025-08-26,CUST1284,Customer_1688,Female,42,Lucknow,Uttar Pradesh,North,Electronics,Smartphone,2,59641.89,0.0,119283.78,UPI,Cancelled,20106.42,3.9
ORD102142,2025-06-24,CUST1532,Customer_1608,Male,23,Ahmedabad,Gujarat,West,Fashion,T-Shirt,1,1788.9,10.0,1610.01,Cash on Delivery,Shipped,256.77,3.8
ORD102143,2025-03-30,CUST1020,Customer_1326,Male,32,Ludhiana,Punjab,North,Electronics,Laptop,1,77808.09,10.0,70027.28,Cash on Delivery,Delivered,11158.83,4.0
ORD102144,2025-01-30,CUST1787,Customer_1010,Male,23,Ludhiana,Punjab,North,Beauty,Face Wash,2,301.45,5.0,572.75,Debit Card,Delivered,53.1,3.8
ORD102145,2025-07-13,CUST1312,Customer_1722,Female,27,Jaipur,Rajasthan,North,Home & Kitchen,Bedsheet,2,1885.65,15.0,3205.61,Credit Card,Delivered,367.16,4.6
ORD102146,2025-10-17,CUST1557,Customer_1144,Male,47,Kolkata,West Bengal,East,Home & Kitchen,Air Fryer,1,12801.44,5.0,12161.37,Net Banking,Delivered,2425.28,5.0
ORD102147,2025-06-30,CUST1296,Customer_1656,Female,26,Ranchi,Jharkhand,East,Home & Kitchen,Air Fryer,1,4619.63,5.0,4388.65,UPI,Delivered,550.28,4.6
ORD102148,2025-12-28,CUST1413,Customer_1719,Male,45,New Delhi,Delhi,North,Fashion,Jeans,1,1957.42,0.0,1957.42,Net Banking,Delivered,394.21,3.1
ORD102149,2025-11-03,CUST1358,Customer_1370,Male,23,Bengaluru,Karnataka,South,Electronics,Smartphone,3,47565.02,20.0,114156.05,Debit Card,Delivered,16844.87,4.1
ORD102150,2025-02-23,CUST1701,Customer_1734,Male,18,Patna,Bihar,East,Sports,Cricket Bat,2,5202.57,0.0,10405.14,UPI,Delivered,1098.42,4.2
ORD102151,2025-07-13,CUST1756,Customer_1486,Female,24,Bhubaneswar,Odisha,East,Electronics,Tablet,1,18558.61,10.0,16702.75,Net Banking,Delivered,2210.9,
ORD102152,2025-12-01,CUST1660,Customer_1569,Male,39,Jaipur,Rajasthan,North,Electronics,Laptop,2,89875.94,5.0,170764.29,Debit Card,Delivered,30374.98,4.0
ORD102153,2025-04-16,CUST1766,Customer_1427,Female,33,Jaipur,Rajasthan,North,Home & Kitchen,Air Fryer,1,5422.95,10.0,4880.65,UPI,Delivered,331.04,3.3
ORD102154,2025-07-31,CUST1736,Customer_1262,Female,27,Hyderabad,Telangana,South,Electronics,Smartwatch,1,14289.06,10.0,12860.15,Net Banking,Delivered,1202.88,5.0
ORD102155,2025-03-10,CUST1281,Customer_1044,Male,25,Hyderabad,Telangana,South,Home & Kitchen,Mixer Grinder,1,5195.4,5.0,4935.63,Debit Card,Delivered,950.79,3.9
ORD102156,2025-12-07,CUST1567,Customer_1072,Male,35,Jaipur,Rajasthan,North,Home & Kitchen,Air Fryer,1,9205.58,10.0,8285.02,UPI,Delivered,1182.67,4.1
ORD102157,2025-05-08,CUST1146,Customer_1453,Male,36,Mumbai,Maharashtra,West,Home & Kitchen,Mixer Grinder,2,7204.23,5.0,13688.04,UPI,Delivered,1909.86,5.0
ORD102158,2025-06-03,CUST1616,Customer_1523,Female,35,Bengaluru,Karnataka,South,Beauty,Face Wash,1,865.33,5.0,822.06,Debit Card,Delivered,122.32,3.4
ORD102159,2025-01-19,CUST1526,Customer_1755,Female,41,Kochi,Kerala,South,Beauty,Shampoo,4,1085.19,15.0,3689.65,UPI,Delivered,235.67,4.1
ORD102160,2025-04-03,CUST1215,Customer_1349,Male,27,Panaji,Goa,West,Electronics,Smartwatch,1,13330.21,15.0,11330.68,UPI,Delivered,1187.35,3.2
ORD102161,2025-08-21,CUST1053,Customer_1233,Male,34,Jaipur,Rajasthan,North,Beauty,Makeup Kit,1,1961.56,5.0,1863.48,UPI,Delivered,176.65,3.9
ORD102162,2025-04-15,CUST1224,Customer_1419,Female,28,Hyderabad,Telangana,South,Home & Kitchen,Dining Set,3,8704.6,5.0,24808.11,UPI,Delivered,4413.91,3.4
ORD102163,2025-08-28,CUST1254,Customer_1228,Male,19,Mumbai,Maharashtra,West,Fashion,Shoes,1,3524.87,0.0,3524.87,UPI,Delivered,458.28,2.5
ORD102164,2025-04-29,CUST1708,Customer_1503,Male,25,Kochi,Kerala,South,Electronics,Laptop,1,52934.84,25.0,39701.13,Cash on Delivery,Delivered,7977.2,3.7
ORD102165,2025-06-26,CUST1094,Customer_1390,Male,35,Patna,Bihar,East,Sports,Running Shoes,5,3168.19,10.0,14256.86,UPI,Delivered,2210.42,4.0
ORD102166,2025-07-26,CUST1742,Customer_1404,Male,41,Ludhiana,Punjab,North,Home & Kitchen,Cookware Set,3,4391.35,5.0,12515.35,Credit Card,Delivered,1452.02,4.5
ORD102167,2025-07-22,CUST1686,Customer_1680,Male,33,Ahmedabad,Gujarat,West,Sports,Cricket Bat,1,6230.7,10.0,5607.63,UPI,Delivered,431.36,4.6
ORD102168,2025-08-10,CUST1342,Customer_1727,Male,43,Lucknow,Uttar Pradesh,North,Home & Kitchen,Mixer Grinder,1,2687.57,10.0,2418.81,Credit Card,Cancelled,398.46,4.4
ORD102169,2025-08-22,CUST1197,Customer_1711,Female,41,Chennai,Tamil Nadu,South,Sports,Dumbbells,3,4271.58,20.0,10251.79,Credit Card,Delivered,807.38,3.8
ORD102170,2025-01-08,CUST1215,Customer_1733,Female,36,Gurugram,Haryana,North,Fashion,Shoes,1,6482.04,5.0,6157.94,UPI,Delivered,989.27,4.6
ORD102171,2025-09-18,CUST1530,Customer_1063,Male,37,Jaipur,Rajasthan,North,Home & Kitchen,Cookware Set,1,4431.23,20.0,3544.98,Credit Card,Cancelled,357.25,3.7
ORD102172,2025-09-05,CUST1731,Customer_1004,Male,26,Ranchi,Jharkhand,East,Fashion,Shoes,3,4934.15,10.0,13322.2,Credit Card,Delivered,1890.68,4.5
ORD102173,2025-06-14,CUST1045,Customer_1457,Female,18,Gurugram,Haryana,North,Fashion,Backpack,1,3400.6,5.0,3230.57,UPI,Delivered,497.69,3.6
ORD102174,2025-01-08,CUST1674,Customer_1073,Male,39,Hyderabad,Telangana,South,Beauty,Face Wash,1,376.74,10.0,339.07,UPI,Delivered,71.3,4.8
ORD102175,2025-06-29,CUST1647,Customer_1438,Male,32,Gurugram,Haryana,North,Home & Kitchen,Mixer Grinder,3,2951.08,5.0,8410.58,UPI,Delivered,1316.03,2.8
ORD102176,2025-11-29,CUST1613,Customer_1632,Female,23,Ahmedabad,Gujarat,West,Sports,Football,1,1339.07,15.0,1138.21,Debit Card,Delivered,97.99,4.0
ORD102177,2025-06-07,CUST1549,Customer_1326,Female,26,Gurugram,Haryana,North,Fashion,T-Shirt,2,1639.26,15.0,2786.74,Net Banking,Delivered,175.88,4.0
ORD102178,2025-01-18,CUST1495,Customer_1260,Female,24,Bhubaneswar,Odisha,East,Electronics,Headphones,1,4915.98,15.0,4178.58,UPI,Delivered,872.15,3.9
ORD102179,2025-12-01,CUST1098,Customer_1659,Female,37,Patna,Bihar,East,Fashion,Jacket,3,1642.99,15.0,4189.62,Debit Card,Delivered,583.64,4.2
ORD102180,2025-09-08,CUST1408,Customer_1170,Male,34,Ludhiana,Punjab,North,Electronics,Headphones,1,1636.67,0.0,1636.67,Cash on Delivery,Delivered,295.68,4.6
ORD102181,2025-04-18,CUST1221,Customer_1145,Male,36,Chennai,Tamil Nadu,South,Sports,Running Shoes,2,2598.09,5.0,4936.37,Debit Card,Shipped,606.64,3.3
ORD102182,2025-07-16,CUST1661,Customer_1345,Male,36,Patna,Bihar,East,Sports,Running Shoes,3,2871.02,5.0,8182.41,Cash on Delivery,Delivered,549.8,4.5
ORD102183,2025-12-20,CUST1391,Customer_1385,Male,24,Ranchi,Jharkhand,East,Beauty,Perfume,1,2606.89,10.0,2346.2,Net Banking,Shipped,158.81,4.4
ORD102184,2025-06-29,CUST1241,Customer_1786,Female,47,Mumbai,Maharashtra,West,Beauty,Moisturizer,1,375.12,15.0,318.85,Credit Card,Delivered,32.12,5.0
ORD102185,2025-09-03,CUST1499,Customer_1616,Female,33,Lucknow,Uttar Pradesh,North,Home & Kitchen,Mixer Grinder,3,8027.47,20.0,19265.93,UPI,Delivered,2108.54,3.2
ORD102186,2025-02-28,CUST1644,Customer_1167,Female,40,Lucknow,Uttar Pradesh,North,Fashion,Jacket,3,2587.25,0.0,7761.75,Credit Card,Delivered,691.76,3.2
ORD102187,2025-09-07,CUST1077,Customer_1062,Male,45,Ludhiana,Punjab,North,Fashion,Jacket,3,5853.19,20.0,14047.66,Cash on Delivery,Delivered,1862.37,3.9
ORD102188,2025-07-25,CUST1242,Customer_1306,Male,39,Ranchi,Jharkhand,East,Sports,Football,2,2619.94,5.0,4977.89,Credit Card,Delivered,825.76,4.2
ORD102189,2025-11-05,CUST1498,Customer_1786,Male,46,Bengaluru,Karnataka,South,Home & Kitchen,Mixer Grinder,1,4628.23,0.0,4628.23,Net Banking,Delivered,682.53,3.0
ORD102190,2025-10-22,CUST1071,Customer_1640,Male,29,Bengaluru,Karnataka,South,Home & Kitchen,Cookware Set,2,4839.55,0.0,9679.1,Cash on Delivery,Cancelled,1328.0,3.8
ORD102191,2025-02-12,CUST1531,Customer_1016,Female,24,Kolkata,West Bengal,East,Sports,Running Shoes,1,2240.6,15.0,1904.51,Cash on Delivery,Delivered,285.79,3.7
ORD102192,2025-06-08,CUST1755,Customer_1204,Male,47,New Delhi,Delhi,North,Sports,Running Shoes,4,3556.31,5.0,13513.98,Cash on Delivery,Delivered,1491.08,3.4
ORD102193,2025-10-11,CUST1512,Customer_1324,Male,18,Ludhiana,Punjab,North,Beauty,Moisturizer,3,672.16,5.0,1915.66,UPI,Delivered,374.04,4.6
ORD102194,2025-07-17,CUST1184,Customer_1293,Female,38,Hyderabad,Telangana,South,Beauty,Perfume,1,3235.7,0.0,3235.7,UPI,Delivered,340.2,4.0
ORD102195,2025-09-14,CUST1741,Customer_1494,Female,32,Ahmedabad,Gujarat,West,Beauty,Perfume,1,4770.61,5.0,4532.08,Cash on Delivery,Delivered,484.62,3.2
ORD102196,2025-05-01,CUST1478,Customer_1800,Female,37,Mumbai,Maharashtra,West,Sports,Dumbbells,1,4647.48,15.0,3950.36,Credit Card,Delivered,432.47,4.8
ORD102197,2025-07-01,CUST1211,Customer_1710,Male,33,Ranchi,Jharkhand,East,Beauty,Face Wash,3,573.97,5.0,1635.81,UPI,Delivered,111.51,4.0
ORD102198,2025-09-13,CUST1448,Customer_1102,Female,37,Patna,Bihar,East,Fashion,Jeans,2,1911.84,25.0,2867.76,Debit Card,Delivered,357.81,3.2
ORD102199,2025-10-17,CUST1021,Customer_1137,Male,23,Panaji,Goa,West,Electronics,Smartphone,2,56193.02,20.0,89908.83,Credit Card,Shipped,17494.9,3.8
ORD102200,2025-05-18,CUST1337,Customer_1741,Male,30,Patna,Bihar,East,Home & Kitchen,Mixer Grinder,4,5691.38,0.0,22765.52,Net Banking,Returned,1704.23,3.1
ORD102201,2025-04-13,CUST1787,Customer_1325,Female,48,Ludhiana,Punjab,North,Home & Kitchen,Cookware Set,3,6877.19,10.0,18568.41,UPI,Delivered,1179.45,3.3
ORD102202,2025-07-16,CUST1032,Customer_1620,Female,22,New Delhi,Delhi,North,Home & Kitchen,Air Fryer,4,4580.86,5.0,17407.27,Net Banking,Shipped,2832.97,3.5
ORD102203,2025-04-15,CUST1203,Customer_1510,Female,35,Hyderabad,Telangana,South,Electronics,Headphones,2,1233.85,0.0,2467.7,Net Banking,Returned,457.94,4.1
ORD102204,2025-12-02,CUST1668,Customer_1124,Female,24,Bhubaneswar,Odisha,East,Fashion,Jacket,1,5647.65,10.0,5082.89,Debit Card,Delivered,1059.38,3.8
ORD102205,2025-07-19,CUST1106,Customer_1391,Male,40,Hyderabad,Telangana,South,Electronics,Smartphone,5,36367.94,5.0,172747.71,Debit Card,Delivered,19995.87,4.3
ORD102206,2025-02-20,CUST1678,Customer_1743,Female,46,Patna,Bihar,East,Electronics,Smartwatch,1,2851.34,10.0,2566.21,Credit Card,Delivered,530.97,4.0
ORD102207,2025-08-03,CUST1112,Customer_1157,Male,31,Mumbai,Maharashtra,West,Electronics,Smartphone,2,55407.48,0.0,110814.96,Credit Card,Delivered,21722.2,4.4
ORD102208,2025-06-22,CUST1020,Customer_1629,Male,27,Patna,Bihar,East,Home & Kitchen,Cookware Set,3,6368.33,20.0,15283.99,UPI,Delivered,3168.71,3.6
ORD102209,2025-03-01,CUST1312,Customer_1106,Male,29,Jaipur,Rajasthan,North,Electronics,Smartwatch,2,10618.6,15.0,18051.62,UPI,Delivered,2115.21,3.8
ORD102210,2025-10-12,CUST1683,Customer_1309,Male,25,Kolkata,West Bengal,East,Home & Kitchen,Dining Set,1,16494.75,20.0,13195.8,Credit Card,Returned,1325.79,4.5
ORD102211,2025-11-12,CUST1506,Customer_1382,Male,49,Patna,Bihar,East,Electronics,Smartwatch,4,10174.72,20.0,32559.1,Cash on Delivery,Delivered,3669.11,3.5
ORD102212,2025-01-02,CUST1410,Customer_1017,Female,32,Panaji,Goa,West,Fashion,Jeans,2,914.85,10.0,1646.73,Credit Card,Delivered,293.11,4.0
ORD102213,2025-09-08,CUST1403,Customer_1742,Male,25,Jaipur,Rajasthan,North,Electronics,Smartphone,4,11902.48,10.0,42848.93,UPI,Delivered,7667.81,4.7
ORD102214,2025-08-08,CUST1695,Customer_1396,Male,25,Ranchi,Jharkhand,East,Sports,Football,2,1998.53,10.0,3597.35,Debit Card,Delivered,562.55,3.2
ORD102215,2025-09-21,CUST1603,Customer_1058,Male,26,Chennai,Tamil Nadu,South,Beauty,Moisturizer,3,1516.11,10.0,4093.5,Credit Card,Delivered,626.03,3.6
ORD102216,2025-04-13,CUST1103,Customer_1216,Female,41,Ahmedabad,Gujarat,West,Electronics,Headphones,2,6750.07,15.0,11475.12,UPI,Shipped,1976.45,3.9
ORD102217,2025-01-20,CUST1009,Customer_1636,Male,18,Kochi,Kerala,South,Sports,Running Shoes,1,5883.23,5.0,5589.07,Credit Card,Delivered,1125.72,4.7
ORD102218,2025-10-09,CUST1390,Customer_1337,Female,47,Bhubaneswar,Odisha,East,Fashion,Jeans,1,2207.54,10.0,1986.79,Debit Card,Delivered,404.86,3.6
ORD102219,2025-12-12,CUST1778,Customer_1258,Male,20,Lucknow,Uttar Pradesh,North,Electronics,Smartwatch,1,2794.08,0.0,2794.08,UPI,Delivered,207.15,4.4
ORD102220,2025-03-14,CUST1058,Customer_1496,Female,35,Kolkata,West Bengal,East,Home & Kitchen,Dining Set,1,6609.95,0.0,6609.95,Credit Card,Delivered,954.9,3.4
ORD102221,2025-03-11,CUST1314,Customer_1431,Male,33,Gurugram,Haryana,North,Fashion,Backpack,3,1212.2,0.0,3636.6,UPI,Shipped,766.67,4.4
ORD102222,2025-07-25,CUST1331,Customer_1606,Male,35,Bengaluru,Karnataka,South,Electronics,Tablet,2,41069.6,20.0,65711.36,UPI,Delivered,12721.51,3.4
ORD102223,2025-03-14,CUST1214,Customer_1778,Female,32,Kochi,Kerala,South,Beauty,Face Wash,4,737.02,5.0,2800.68,Debit Card,Delivered,606.14,3.6
ORD102224,2025-11-26,CUST1226,Customer_1727,Male,32,Bengaluru,Karnataka,South,Beauty,Makeup Kit,2,3273.14,5.0,6218.97,Credit Card,Delivered,764.54,3.6
ORD102225,2025-05-26,CUST1044,Customer_1499,Male,47,Mumbai,Maharashtra,West,Electronics,Headphones,1,6243.23,5.0,5931.07,Credit Card,Shipped,750.66,4.6
ORD102226,2025-04-10,CUST1171,Customer_1252,Female,21,Gurugram,Haryana,North,Home & Kitchen,Bedsheet,1,2556.99,10.0,2301.29,Debit Card,Delivered,221.66,3.4
ORD102227,2025-08-07,CUST1026,Customer_1251,Female,26,Patna,Bihar,East,Electronics,Tablet,1,46701.01,15.0,39695.86,Cash on Delivery,Delivered,8630.26,2.5
ORD102228,2025-04-28,CUST1341,Customer_1697,Male,18,Lucknow,Uttar Pradesh,North,Beauty,Makeup Kit,1,1263.93,15.0,1074.34,UPI,Delivered,127.78,3.6
ORD102229,2025-04-06,CUST1781,Customer_1543,Female,28,Ludhiana,Punjab,North,Home & Kitchen,Air Fryer,3,14501.36,15.0,36978.47,UPI,Delivered,7215.43,3.4
ORD102230,2025-09-25,CUST1081,Customer_1731,Female,27,Chennai,Tamil Nadu,South,Sports,Running Shoes,2,1699.5,5.0,3229.05,Debit Card,Delivered,437.1,5.0
ORD102231,2025-10-28,CUST1620,Customer_1414,Male,35,Kolkata,West Bengal,East,Home & Kitchen,Dining Set,1,17940.93,5.0,17043.88,Net Banking,Delivered,2987.8,4.2
ORD102232,2025-01-16,CUST1587,Customer_1260,Other,18,Hyderabad,Telangana,South,Electronics,Smartphone,1,58336.61,0.0,58336.61,UPI,Delivered,6799.22,4.6
ORD102233,2025-09-09,CUST1042,Customer_1242,Female,22,,Haryana,North,Electronics,Smartwatch,1,8054.88,5.0,7652.14,Cash on Delivery,Delivered,1346.28,3.6
ORD102234,2025-01-22,CUST1714,Customer_1068,Male,25,Ahmedabad,Gujarat,West,Home & Kitchen,Mixer Grinder,1,8276.26,0.0,8276.26,Debit Card,Delivered,1521.09,2.9
ORD102235,2025-03-11,CUST1765,Customer_1066,Male,19,Ahmedabad,Gujarat,West,Electronics,Smartphone,1,51516.94,0.0,51516.94,UPI,Delivered,9280.67,3.1
ORD102236,2025-06-09,CUST1280,Customer_1769,Male,35,Bhubaneswar,Odisha,East,Fashion,Backpack,1,1405.41,20.0,1124.33,UPI,Shipped,205.33,5.0
ORD102237,2025-02-14,CUST1111,Customer_1209,Female,18,Bhubaneswar,Odisha,East,Electronics,Smartphone,2,34697.49,10.0,62455.48,Debit Card,Delivered,10548.64,5.0
ORD102238,2025-05-21,CUST1125,Customer_1438,Female,38,Hyderabad,Telangana,South,Beauty,Moisturizer,3,614.38,15.0,1566.67,Credit Card,Delivered,119.34,4.1
ORD102239,2025-07-07,CUST1371,Customer_1358,Female,27,Bhubaneswar,Odisha,East,Beauty,Perfume,1,1457.26,15.0,1238.67,UPI,Shipped,113.73,3.1
ORD102240,2025-04-30,CUST1398,Customer_1646,Female,61,Panaji,Goa,West,Home & Kitchen,Mixer Grinder,1,5727.8,10.0,5155.02,UPI,Delivered,1095.79,3.2
ORD102241,2025-11-10,CUST1514,Customer_1334,Male,27,Kochi,Kerala,South,Electronics,Tablet,1,49706.95,10.0,44736.25,Cash on Delivery,Delivered,4421.75,3.3
ORD102242,2025-11-09,CUST1567,Customer_1079,Male,18,Ludhiana,Punjab,North,Sports,Yoga Mat,2,1846.87,20.0,2954.99,UPI,Shipped,590.88,3.9
ORD102243,2025-07-27,CUST1567,Customer_1339,Female,38,Ludhiana,Punjab,North,Electronics,Smartphone,1,67872.18,0.0,67872.18,Net Banking,Delivered,12423.32,4.4
ORD102244,2025-01-10,CUST1552,Customer_1556,Male,28,Lucknow,Uttar Pradesh,North,Home & Kitchen,Bedsheet,1,1401.87,10.0,1261.68,Net Banking,Cancelled,258.13,3.7
ORD102245,2025-12-23,CUST1110,Customer_1542,Female,28,Jaipur,Rajasthan,North,Sports,Football,4,1445.64,0.0,5782.56,UPI,Delivered,1052.66,5.0
ORD102246,2025-08-22,CUST1017,Customer_1368,Male,18,Bhubaneswar,Odisha,East,Fashion,Backpack,1,794.12,15.0,675.0,Credit Card,Delivered,105.95,4.4
ORD102247,2025-08-17,CUST1694,Customer_1505,Female,42,Bengaluru,Karnataka,South,Sports,Dumbbells,3,4559.81,0.0,13679.43,UPI,Cancelled,2661.3,3.0
ORD102248,2025-07-08,CUST1529,Customer_1050,Female,18,Kochi,Kerala,South,Fashion,Jeans,1,2564.75,15.0,2180.04,Debit Card,Delivered,371.39,2.7
ORD102249,2025-06-25,CUST1584,Customer_1603,Female,24,New Delhi,Delhi,North,Beauty,Makeup Kit,1,1973.58,0.0,1973.58,UPI,Delivered,207.92,4.5
ORD102250,2025-07-19,CUST1731,Customer_1741,Male,34,Ludhiana,Punjab,North,Electronics,Headphones,2,7602.32,25.0,11403.48,Debit Card,Delivered,869.69,3.9
ORD102251,2025-09-11,CUST1080,Customer_1298,Male,46,Ahmedabad,Gujarat,West,Electronics,Smartwatch,2,7084.49,15.0,12043.63,Net Banking,Delivered,1877.2,4.3
ORD102252,2025-03-14,CUST1722,Customer_1786,Female,39,Bhubaneswar,Odisha,East,Sports,Yoga Mat,2,778.22,10.0,1400.8,Credit Card,Delivered,198.16,5.0
ORD102253,2025-06-11,CUST1246,Customer_1782,Female,28,Bengaluru,Karnataka,South,Electronics,Laptop,1,84753.19,10.0,76277.87,Credit Card,Delivered,15909.39,3.6
ORD102254,2025-11-13,CUST1548,Customer_1271,Female,27,Ahmedabad,Gujarat,West,Beauty,Moisturizer,1,1507.85,10.0,1357.07,Net Banking,Delivered,141.05,4.1
ORD102255,2025-09-03,CUST1393,Customer_1204,Male,35,Ahmedabad,Gujarat,West,Home & Kitchen,Cookware Set,3,2663.25,20.0,6391.8,Debit Card,Delivered,407.94,
ORD102256,2025-01-22,CUST1738,Customer_1204,Female,25,Bengaluru,Karnataka,South,Sports,Cricket Bat,3,2412.33,15.0,6151.44,UPI,Shipped,394.09,4.2
ORD102257,2025-06-05,CUST1423,Customer_1531,Male,28,Hyderabad,Telangana,South,Beauty,Moisturizer,1,399.32,20.0,319.46,Net Banking,Delivered,42.18,5.0
ORD102258,2025-08-16,CUST1521,Customer_1146,Female,37,Lucknow,Uttar Pradesh,North,Electronics,Laptop,1,85117.84,15.0,72350.16,Credit Card,Delivered,12633.22,4.2
ORD102259,2025-03-05,CUST1590,Customer_1232,Male,34,Kolkata,West Bengal,East,Beauty,Perfume,1,3985.65,10.0,3587.09,Cash on Delivery,Delivered,694.8,3.1
ORD102260,2025-03-27,CUST1038,Customer_1182,Male,32,Ludhiana,Punjab,North,Electronics,Headphones,2,6108.18,10.0,10994.72,Cash on Delivery,Returned,824.72,3.4
ORD102261,2025-11-14,CUST1577,Customer_1711,Male,26,Lucknow,Uttar Pradesh,North,Home & Kitchen,Bedsheet,2,1790.4,5.0,3401.76,Credit Card,Delivered,570.3,2.9
ORD102262,2025-07-28,CUST1243,Customer_1695,Male,18,Bengaluru,Karnataka,South,Home & Kitchen,Mixer Grinder,2,5975.2,0.0,11950.4,UPI,Delivered,1009.56,4.8
ORD102263,2025-12-14,CUST1736,Customer_1696,Female,18,Kochi,Kerala,South,Electronics,Laptop,2,80226.34,15.0,136384.78,UPI,Delivered,10978.44,3.6
ORD102264,2025-05-16,CUST1738,Customer_1502,Female,35,Gurugram,Haryana,North,Electronics,Smartphone,1,16702.74,5.0,15867.6,Debit Card,Delivered,1578.68,3.3
ORD102265,2025-02-19,CUST1422,Customer_1476,Female,29,Ludhiana,Punjab,North,Sports,Dumbbells,2,3901.69,0.0,7803.38,Credit Card,Delivered,1573.27,3.6
ORD102266,2025-02-25,CUST1248,Customer_1261,Female,18,New Delhi,Delhi,North,Electronics,Smartwatch,1,12815.33,25.0,9611.5,Net Banking,Delivered,1072.5,4.3
ORD102267,2025-09-23,CUST1728,Customer_1729,Male,40,Ahmedabad,Gujarat,West,Electronics,Tablet,3,27996.93,5.0,79791.25,UPI,Cancelled,11713.75,
ORD102268,2025-03-11,CUST1588,Customer_1788,Female,34,Bhubaneswar,Odisha,East,Electronics,Headphones,2,7233.6,10.0,13020.48,Credit Card,Delivered,872.63,3.2
ORD102269,2025-08-12,CUST1064,Customer_1396,Male,30,Mumbai,Maharashtra,West,Fashion,Jeans,4,2443.58,15.0,8308.17,UPI,Delivered,1489.37,4.7
ORD102270,2025-02-03,CUST1481,Customer_1404,Female,30,Ludhiana,Punjab,North,Beauty,Moisturizer,1,1647.28,25.0,1235.46,Credit Card,Delivered,156.62,2.7
ORD102271,2025-11-08,CUST1279,Customer_1566,Female,29,New Delhi,Delhi,North,Beauty,Moisturizer,1,1658.37,0.0,1658.37,Cash on Delivery,Delivered,121.66,2.9
ORD102272,2025-05-29,CUST1447,Customer_1174,Female,36,Bengaluru,Karnataka,South,Home & Kitchen,Dining Set,1,5214.08,10.0,4692.67,Cash on Delivery,Delivered,949.96,3.5
ORD102273,2025-05-04,CUST1213,Customer_1182,Male,44,Ludhiana,Punjab,North,Fashion,Jacket,3,4385.85,5.0,12499.67,Credit Card,Cancelled,1864.83,3.1
ORD102274,2025-04-22,CUST1578,Customer_1622,Female,39,Bengaluru,Karnataka,South,Electronics,Laptop,3,42138.99,10.0,113775.27,Net Banking,Delivered,24752.85,4.4
ORD102275,2025-10-07,CUST1088,Customer_1160,Male,22,Patna,Bihar,East,Beauty,Shampoo,3,747.35,25.0,1681.54,Credit Card,Delivered,204.48,4.5
ORD102276,2025-07-11,CUST1684,Customer_1047,Male,45,Kochi,Kerala,South,Sports,Yoga Mat,2,2488.38,5.0,4727.92,UPI,Cancelled,763.32,3.6
ORD102277,2025-07-01,CUST1700,Customer_1393,Female,33,Kolkata,West Bengal,East,Fashion,Backpack,1,1321.09,20.0,1056.87,Cash on Delivery,Delivered,113.18,5.0
ORD102278,2025-12-14,CUST1515,Customer_1553,Female,39,Hyderabad,Telangana,South,Fashion,Shoes,1,4997.04,15.0,4247.48,Debit Card,Delivered,908.23,3.6
ORD102279,2025-09-05,CUST1645,Customer_1488,Male,38,Patna,Bihar,East,Electronics,Smartphone,4,31090.31,0.0,124361.24,UPI,Delivered,15679.05,4.6
ORD102280,2025-04-20,CUST1392,Customer_1773,Female,33,Bengaluru,Karnataka,South,Sports,Yoga Mat,4,1465.78,5.0,5569.96,UPI,Delivered,870.4,4.9
ORD102281,2025-05-21,CUST1084,Customer_1719,Female,27,Chennai,Tamil Nadu,South,Home & Kitchen,Mixer Grinder,2,8668.87,15.0,14737.08,Credit Card,Delivered,2592.94,2.9
ORD102282,2025-08-06,CUST1749,Customer_1125,Female,36,Bengaluru,Karnataka,South,Sports,Dumbbells,1,1344.04,20.0,1075.23,UPI,Delivered,147.73,3.1
ORD102283,2025-02-27,CUST1300,Customer_1497,Female,20,Ludhiana,Punjab,North,Sports,Football,5,629.77,10.0,2833.97,Credit Card,Delivered,405.85,2.7
ORD102284,2025-06-20,CUST1538,Customer_1263,Male,30,Bhubaneswar,Odisha,East,Fashion,T-Shirt,2,1387.71,10.0,2497.88,Net Banking,Delivered,443.84,4.0
ORD102285,2025-05-18,CUST1637,Customer_1153,Female,40,Bengaluru,Karnataka,South,Electronics,Tablet,2,34871.38,10.0,62768.48,Net Banking,Delivered,13524.12,4.2
ORD102286,2025-03-29,CUST1645,Customer_1039,Other,35,Hyderabad,Telangana,South,Fashion,Shoes,1,4403.8,10.0,3963.42,Cash on Delivery,Delivered,793.92,3.1
ORD102287,2025-12-23,CUST1203,Customer_1492,Female,36,Kochi,Kerala,South,Electronics,Headphones,1,2909.26,10.0,2618.33,Net Banking,Cancelled,268.78,2.4
ORD102288,2025-07-07,CUST1319,Customer_1095,Female,30,Kochi,Kerala,South,Electronics,Smartwatch,1,14413.54,5.0,13692.86,Credit Card,Delivered,2954.75,4.1
ORD102289,2025-12-25,CUST1378,Customer_1469,Female,43,Patna,Bihar,East,Beauty,Perfume,1,3227.73,20.0,2582.18,Debit Card,Delivered,424.76,3.7
ORD102290,2025-05-29,CUST1218,Customer_1429,Female,34,Gurugram,Haryana,North,Sports,Running Shoes,1,2199.96,5.0,2089.96,Credit Card,Cancelled,383.22,2.9
ORD102291,2025-09-30,CUST1058,Customer_1155,Female,25,Patna,Bihar,East,Electronics,Headphones,1,849.22,15.0,721.84,UPI,Delivered,61.2,3.9
ORD102292,2025-05-01,CUST1742,Customer_1486,Female,36,Kochi,Kerala,South,Fashion,Jacket,3,2397.12,5.0,6831.79,UPI,Delivered,1283.67,4.4
ORD102293,2025-08-16,CUST1336,Customer_1005,Male,31,Lucknow,Uttar Pradesh,North,Electronics,Smartwatch,1,3673.89,5.0,3490.2,Credit Card,Delivered,614.26,3.8
ORD102294,2025-01-31,CUST1004,Customer_1109,Female,35,Ahmedabad,Gujarat,West,Home & Kitchen,Air Fryer,1,5191.74,0.0,5191.74,UPI,Shipped,396.06,4.5
ORD102295,2025-08-24,CUST1681,Customer_1007,Male,26,Gurugram,Haryana,North,Electronics,Smartwatch,1,8448.79,10.0,7603.91,UPI,Delivered,1636.81,3.2
ORD102296,2025-07-26,CUST1411,Customer_1258,Male,25,Jaipur,Rajasthan,North,Beauty,Moisturizer,1,730.18,25.0,547.63,Debit Card,Delivered,54.75,3.7
ORD102297,2025-02-10,CUST1602,Customer_1768,Female,29,Jaipur,Rajasthan,North,Home & Kitchen,Air Fryer,5,4377.6,10.0,19699.2,Debit Card,Cancelled,2398.8,3.9
ORD102298,2025-04-14,CUST1402,Customer_1781,Male,34,Gurugram,Haryana,North,Home & Kitchen,Mixer Grinder,4,6940.15,5.0,26372.57,Cash on Delivery,Delivered,4839.78,4.3
ORD102299,2025-04-13,CUST1762,Customer_1756,Male,21,Patna,Bihar,East,Sports,Dumbbells,1,1243.8,10.0,1119.42,UPI,Shipped,214.09,5.0
ORD102300,2025-10-15,CUST1581,Customer_1252,Male,37,Chennai,Tamil Nadu,South,Fashion,T-Shirt,1,843.47,5.0,801.3,Net Banking,Delivered,139.4,4.6
ORD102301,2025-02-14,CUST1020,Customer_1247,Female,38,Ludhiana,Punjab,North,Home & Kitchen,Dining Set,4,7815.71,20.0,25010.27,Debit Card,Delivered,4449.69,3.7
ORD102302,2025-06-14,CUST1444,Customer_1253,Female,37,Gurugram,Haryana,North,Electronics,Smartwatch,1,8888.93,15.0,7555.59,Cash on Delivery,Delivered,1630.99,4.7
ORD102303,2025-08-01,CUST1079,Customer_1113,Female,32,Gurugram,Haryana,North,Electronics,Headphones,2,3429.22,10.0,6172.6,UPI,Shipped,1293.73,3.8
ORD102304,2025-10-28,CUST1786,Customer_1288,Male,18,Bhubaneswar,Odisha,East,Sports,Dumbbells,1,3009.22,15.0,2557.84,Credit Card,Delivered,344.36,3.6
ORD102305,2025-08-20,CUST1136,Customer_1528,Male,35,Hyderabad,Telangana,South,Beauty,Perfume,2,4872.05,10.0,8769.69,UPI,Shipped,789.13,3.6
ORD102306,2025-06-09,CUST1171,Customer_1525,Male,30,Jaipur,Rajasthan,North,Beauty,Perfume,4,4109.59,10.0,14794.52,UPI,Delivered,1610.43,4.0
ORD102307,2025-07-15,CUST1249,Customer_1317,Male,21,Gurugram,Haryana,North,Home & Kitchen,Bedsheet,2,786.56,15.0,1337.15,Net Banking,Delivered,272.95,4.0
ORD102308,2025-09-23,CUST1230,Customer_1193,Male,31,Kochi,Kerala,South,Sports,Cricket Bat,1,3418.58,5.0,3247.65,Cash on Delivery,Delivered,476.22,4.5
ORD102309,2025-10-20,CUST1210,Customer_1539,Male,40,Hyderabad,Telangana,South,Electronics,Smartphone,1,34461.55,25.0,25846.16,Credit Card,Delivered,2295.45,3.5
ORD102310,2025-09-11,CUST1449,Customer_1059,Male,18,Patna,Bihar,East,Electronics,Smartwatch,1,1580.2,0.0,1580.2,Cash on Delivery,Delivered,243.93,3.7
ORD102311,2025-05-12,CUST1398,Customer_1507,Female,33,Kochi,Kerala,South,Home & Kitchen,Mixer Grinder,1,6206.37,20.0,4965.1,Credit Card,Delivered,572.12,3.9
ORD102312,2025-07-25,CUST1299,Customer_1800,Male,27,Gurugram,Haryana,North,Electronics,Smartwatch,1,3426.91,10.0,3084.22,Cash on Delivery,Delivered,233.95,3.9
ORD102313,2025-03-05,CUST1640,Customer_1223,Female,44,Kochi,Kerala,South,Electronics,Smartwatch,2,2843.14,0.0,5686.28,Cash on Delivery,Shipped,1006.79,4.2
ORD102314,2025-12-23,CUST1372,Customer_1289,Male,25,Kochi,Kerala,South,Beauty,Perfume,1,3366.59,15.0,2861.6,Credit Card,Delivered,406.73,3.9
ORD102315,2025-05-29,CUST1065,Customer_1369,Male,25,Hyderabad,Telangana,South,Fashion,Jacket,3,4450.2,0.0,13350.6,UPI,Delivered,2649.12,2.7
ORD102316,2025-12-20,CUST1510,Customer_1548,Male,35,Kolkata,West Bengal,East,Electronics,Smartwatch,1,14946.84,0.0,14946.84,UPI,Delivered,3004.58,3.5
ORD102317,2025-07-27,CUST1212,Customer_1563,Male,34,Kochi,Kerala,South,Electronics,Smartphone,5,49776.1,20.0,199104.4,Net Banking,Delivered,33280.62,4.5
ORD102318,2025-06-14,CUST1631,Customer_1057,Male,18,Ludhiana,Punjab,North,Fashion,Shoes,2,6067.84,15.0,10315.33,UPI,Delivered,814.76,4.8
ORD102319,2025-07-01,CUST1382,Customer_1272,Female,33,Ludhiana,Punjab,North,Home & Kitchen,Dining Set,1,12998.55,0.0,12998.55,Net Banking,Delivered,2778.09,3.7
ORD102320,2025-06-24,CUST1709,Customer_1511,Female,29,Ludhiana,Punjab,North,Sports,Dumbbells,2,2776.44,15.0,4719.95,Cash on Delivery,Delivered,361.13,4.6
ORD102321,2025-03-27,CUST1378,Customer_1147,Female,21,Patna,Bihar,East,Fashion,Shoes,1,1988.32,0.0,1988.32,Cash on Delivery,Shipped,369.94,3.4
ORD102322,2025-03-28,CUST1051,Customer_1470,Female,27,Ranchi,Jharkhand,East,Fashion,T-Shirt,1,561.81,15.0,477.54,Debit Card,Cancelled,90.77,4.3
ORD102323,2025-05-24,CUST1742,Customer_1521,Female,33,Ludhiana,Punjab,North,Fashion,T-Shirt,1,1603.72,5.0,1523.53,Credit Card,Delivered,94.64,3.3
ORD102324,2025-08-02,CUST1143,Customer_1627,Male,18,Kochi,Kerala,South,Beauty,Shampoo,2,430.7,15.0,732.19,Credit Card,Delivered,82.66,3.8
ORD102325,2025-04-20,CUST1212,Customer_1259,Female,35,Chennai,Tamil Nadu,South,Beauty,Makeup Kit,1,1615.8,5.0,1535.01,Credit Card,Delivered,288.17,4.8
ORD102326,2025-12-30,CUST1375,Customer_1434,Male,24,Bengaluru,Karnataka,South,Fashion,Backpack,3,1839.1,10.0,4965.57,Credit Card,Delivered,970.57,5.0
ORD102327,2025-03-16,CUST1094,Customer_1579,Male,30,Bhubaneswar,Odisha,East,Electronics,Smartphone,2,61335.24,15.0,104269.91,Debit Card,Delivered,19904.34,3.0
ORD102328,2025-10-16,CUST1248,Customer_1562,Male,25,Patna,Bihar,East,Electronics,Smartwatch,1,9064.69,0.0,9064.69,UPI,Delivered,1945.46,3.1
ORD102329,2025-06-08,CUST1060,Customer_1499,Male,46,Gurugram,Haryana,North,Beauty,Face Wash,1,334.21,10.0,300.79,UPI,Delivered,19.33,3.6
ORD102330,2025-12-15,CUST1098,Customer_1012,Female,18,Lucknow,Uttar Pradesh,North,Home & Kitchen,Dining Set,4,10997.64,5.0,41791.03,UPI,Delivered,7580.87,5.0
ORD102331,2025-09-08,CUST1746,Customer_1644,Female,44,Ludhiana,Punjab,North,Fashion,Shoes,2,3130.89,5.0,5948.69,UPI,Delivered,1006.74,4.1
ORD102332,2025-08-03,CUST1531,Customer_1766,Female,29,Ranchi,Jharkhand,East,Fashion,Jacket,1,1926.27,10.0,1733.64,Debit Card,Delivered,269.63,4.5
ORD102333,2025-04-10,CUST1345,Customer_1685,Female,29,Kochi,Kerala,South,Fashion,Jeans,1,1365.0,20.0,1092.0,Cash on Delivery,Delivered,223.34,4.5
ORD102334,2025-10-29,CUST1799,Customer_1418,Male,18,Bengaluru,Karnataka,South,Sports,Football,2,718.7,25.0,1078.05,Debit Card,Delivered,174.22,3.5
ORD102335,2025-08-31,CUST1090,Customer_1516,Male,61,Bengaluru,Karnataka,South,Electronics,Smartphone,2,25985.1,10.0,46773.18,Debit Card,Returned,5567.25,4.2
ORD102336,2025-03-22,CUST1444,Customer_1792,Male,37,Hyderabad,Telangana,South,Electronics,Laptop,1,48878.95,0.0,48878.95,UPI,Delivered,3796.53,3.9
ORD102337,2025-06-29,CUST1154,Customer_1527,Female,44,Panaji,Goa,West,Electronics,Headphones,1,6688.46,15.0,5685.19,Credit Card,Delivered,469.27,5.0
ORD102338,2025-01-19,CUST1059,Customer_1713,Female,25,Bengaluru,Karnataka,South,Home & Kitchen,Dining Set,1,14261.22,10.0,12835.1,UPI,Delivered,1631.4,3.9
ORD102339,2025-07-20,CUST1674,Customer_1109,Other,28,Bhubaneswar,Odisha,East,Fashion,Jeans,2,1987.62,20.0,3180.19,Credit Card,Delivered,549.44,5.0
ORD102340,2025-08-26,CUST1316,Customer_1463,Female,26,Ahmedabad,Gujarat,West,Electronics,Tablet,2,36788.39,10.0,66219.1,Cash on Delivery,Delivered,8342.96,3.3
ORD102341,2025-08-13,CUST1336,Customer_1167,Male,28,Ludhiana,Punjab,North,Electronics,Laptop,2,49837.33,20.0,79739.73,Credit Card,Delivered,7051.03,1.9
ORD102342,2025-09-11,CUST1301,Customer_1205,Female,38,Ludhiana,Punjab,North,Beauty,Moisturizer,4,1575.75,20.0,5042.4,UPI,Delivered,681.22,4.1
ORD102343,2025-01-20,CUST1788,Customer_1448,Male,36,Mumbai,Maharashtra,West,Home & Kitchen,Dining Set,2,16608.69,0.0,33217.38,Debit Card,Delivered,4736.94,3.8
ORD102344,2025-06-13,CUST1368,Customer_1471,Female,41,Gurugram,Haryana,North,Home & Kitchen,Mixer Grinder,1,8123.37,10.0,7311.03,Debit Card,Delivered,1193.68,3.6
ORD102345,2025-02-28,CUST1540,Customer_1047,Male,31,Mumbai,Maharashtra,West,Sports,Yoga Mat,1,1740.21,15.0,1479.18,UPI,Delivered,181.59,3.5
ORD102346,2025-12-12,CUST1576,Customer_1786,Female,39,Kochi,Kerala,South,Fashion,T-Shirt,1,1714.22,15.0,1457.09,Debit Card,Delivered,308.58,3.7
ORD102347,2025-06-15,CUST1204,Customer_1211,Female,37,Jaipur,Rajasthan,North,Beauty,Makeup Kit,3,1860.04,10.0,5022.11,Cash on Delivery,Delivered,320.53,3.6
ORD102348,2025-05-07,CUST1103,Customer_1477,Female,43,Bengaluru,Karnataka,South,Fashion,Backpack,1,2534.64,5.0,2407.91,Debit Card,Delivered,278.98,4.3
ORD102349,2025-03-12,CUST1263,Customer_1382,Female,26,Hyderabad,Telangana,South,Electronics,Smartphone,2,17794.1,20.0,28470.56,UPI,Delivered,2895.5,4.4
ORD102350,2025-08-12,CUST1604,Customer_1134,Female,19,Kolkata,West Bengal,East,Sports,Yoga Mat,1,1193.26,15.0,1014.27,UPI,Delivered,126.51,3.5
ORD102351,2025-12-23,CUST1296,Customer_1580,Male,31,Bhubaneswar,Odisha,East,Electronics,Headphones,3,6069.59,5.0,17298.33,Debit Card,Delivered,2600.65,3.7
ORD102352,2025-10-24,CUST1197,Customer_1286,Male,28,Ludhiana,Punjab,North,Electronics,Smartwatch,5,8869.16,10.0,39911.22,Cash on Delivery,Delivered,7130.43,4.5
ORD102353,2025-02-15,CUST1234,Customer_1448,Male,27,Hyderabad,Telangana,South,Home & Kitchen,Mixer Grinder,1,8113.34,5.0,7707.67,Debit Card,Delivered,1521.82,4.6
ORD102354,2025-01-27,CUST1209,Customer_1457,Female,27,Lucknow,Uttar Pradesh,North,Electronics,Smartwatch,1,2697.0,15.0,2292.45,UPI,Delivered,329.9,4.1
ORD102355,2025-06-19,CUST1760,Customer_1249,Female,41,Bengaluru,Karnataka,South,Fashion,Shoes,1,3461.58,0.0,3461.58,UPI,Delivered,639.39,4.4
ORD102356,2025-10-07,CUST1046,Customer_1504,Male,44,Ludhiana,Punjab,North,Electronics,Tablet,1,49750.57,15.0,42287.98,Cash on Delivery,Cancelled,6237.45,3.1
ORD102357,2025-09-11,CUST1183,Customer_1150,Female,25,New Delhi,Delhi,North,Home & Kitchen,Bedsheet,1,2269.92,10.0,2042.93,UPI,Delivered,128.35,3.6
ORD102358,2025-02-27,CUST1098,Customer_1125,Female,23,Hyderabad,Telangana,South,Sports,Yoga Mat,1,2476.56,25.0,1857.42,Debit Card,Shipped,329.97,3.9
ORD102359,2025-05-29,CUST1652,Customer_1013,Male,34,Chennai,Tamil Nadu,South,Fashion,Backpack,1,717.07,,681.22,Debit Card,Delivered,94.7,4.4
ORD102360,2025-09-29,CUST1309,Customer_1403,Male,35,Chennai,Tamil Nadu,South,Sports,Football,1,1698.63,5.0,1613.7,UPI,Delivered,144.15,2.4
ORD102361,2025-01-24,CUST1534,Customer_1003,Male,35,Jaipur,Rajasthan,North,Sports,Dumbbells,1,4702.47,5.0,4467.35,UPI,Delivered,417.68,4.6
ORD102362,2025-12-03,CUST1629,Customer_1636,Male,24,Patna,Bihar,East,Electronics,Laptop,3,42297.6,10.0,114203.52,Cash on Delivery,Delivered,15884.42,3.7
ORD102363,2025-08-19,CUST1058,Customer_1492,Female,29,Mumbai,Maharashtra,West,Beauty,Makeup Kit,1,2598.77,5.0,2468.83,Debit Card,Delivered,156.95,3.0
ORD102364,2025-05-18,CUST1790,Customer_1172,Female,33,Bhubaneswar,Odisha,East,Sports,Cricket Bat,1,2211.9,15.0,1880.12,Cash on Delivery,Delivered,186.56,5.0
ORD102365,2025-08-11,CUST1193,Customer_1293,Female,28,Ahmedabad,Gujarat,West,Fashion,Shoes,4,1521.73,0.0,6086.92,Credit Card,Delivered,868.32,4.5
ORD102366,2025-03-20,CUST1729,Customer_1094,Male,36,Ludhiana,Punjab,North,Home & Kitchen,Air Fryer,2,10423.54,5.0,19804.73,Debit Card,Delivered,2429.46,3.1
ORD102367,2025-02-08,CUST1340,Customer_1242,Female,37,Ranchi,Jharkhand,East,Sports,Yoga Mat,1,1145.0,10.0,1030.5,Cash on Delivery,Delivered,198.52,3.5
ORD102368,2025-11-01,CUST1555,Customer_1770,Female,26,Ranchi,Jharkhand,East,Electronics,Tablet,2,30915.98,10.0,55648.76,Net Banking,Returned,6207.89,3.7
ORD102369,2025-12-16,CUST1306,Customer_1736,Female,26,Chennai,Tamil Nadu,South,Home & Kitchen,Air Fryer,1,12349.82,10.0,11114.84,UPI,Delivered,2419.57,3.8
ORD102370,2025-01-24,CUST1338,Customer_1084,Male,26,Gurugram,Haryana,North,Fashion,T-Shirt,2,805.61,5.0,1530.66,Debit Card,Delivered,288.14,4.1
ORD102371,2025-02-11,CUST1662,Customer_1574,Male,27,Lucknow,Uttar Pradesh,North,Beauty,Face Wash,3,366.32,10.0,989.06,UPI,Shipped,90.1,4.7
ORD102372,2025-03-01,CUST1215,Customer_1580,Male,20,Ahmedabad,Gujarat,West,Sports,Running Shoes,1,1876.05,10.0,1688.44,UPI,Delivered,169.53,3.4
ORD102373,2025-12-27,CUST1224,Customer_1357,Female,24,New Delhi,Delhi,North,Fashion,Backpack,2,912.01,5.0,1732.82,Debit Card,Delivered,126.61,5.0
ORD102374,2025-02-14,CUST1663,Customer_1117,Female,32,Bengaluru,Karnataka,South,Sports,Football,1,2919.87,10.0,2627.88,Debit Card,Delivered,427.32,4.1
ORD102375,2025-02-01,CUST1053,Customer_1139,Male,27,Ludhiana,Punjab,North,Fashion,Backpack,3,1285.86,5.0,3664.7,Credit Card,Delivered,249.09,4.8
ORD102376,2025-04-27,CUST1466,Customer_1429,Male,22,New Delhi,Delhi,North,Fashion,Jacket,1,3009.74,15.0,2558.28,Credit Card,Delivered,228.2,3.0
ORD102377,2025-09-29,CUST1166,Customer_1414,Male,40,Patna,Bihar,East,Fashion,Backpack,1,3356.67,5.0,3188.84,UPI,Shipped,404.66,3.2
ORD102378,2025-01-29,CUST1646,Customer_1706,Female,18,Lucknow,Uttar Pradesh,North,Home & Kitchen,Air Fryer,2,8080.43,10.0,14544.77,UPI,Delivered,2826.77,3.8
ORD102379,2025-09-09,CUST1063,Customer_1216,Male,32,Jaipur,Rajasthan,North,Electronics,Headphones,4,3319.84,10.0,11951.42,UPI,Delivered,1058.92,3.6
ORD102380,2025-09-07,CUST1512,Customer_1130,Male,23,Bengaluru,Karnataka,South,Fashion,Shoes,2,2326.51,0.0,4653.02,Cash on Delivery,Delivered,459.78,4.9
ORD102381,2025-10-09,CUST1600,Customer_1052,Male,21,Patna,Bihar,East,Beauty,Face Wash,1,666.94,15.0,566.9,UPI,Delivered,117.48,4.3
ORD102382,2025-07-26,CUST1322,Customer_1358,Male,33,Bengaluru,Karnataka,South,Fashion,Jacket,2,5378.68,15.0,9143.76,Debit Card,Returned,723.26,3.5
ORD102383,2025-11-05,CUST1419,Customer_1004,Male,29,Ahmedabad,Gujarat,West,Electronics,Laptop,1,58873.98,15.0,50042.88,Credit Card,Delivered,4304.92,4.8
ORD102384,2025-04-08,CUST1486,Customer_1331,Male,27,Ahmedabad,Gujarat,West,Home & Kitchen,Dining Set,2,5079.89,10.0,9143.8,UPI,Delivered,1645.66,3.7
ORD102385,2025-04-11,CUST1622,Customer_1759,Male,19,Lucknow,Uttar Pradesh,North,Fashion,Shoes,2,3221.59,5.0,6121.02,Credit Card,Delivered,1073.84,4.8
ORD102386,2025-12-20,CUST1058,Customer_1086,Female,31,Kochi,Kerala,South,Beauty,Face Wash,4,550.87,15.0,1872.96,UPI,Delivered,295.02,4.8
ORD102387,2025-12-27,CUST1408,Customer_1777,Female,34,Patna,Bihar,East,Beauty,Moisturizer,2,960.61,20.0,1536.98,Debit Card,Delivered,329.1,4.5
ORD102388,2025-12-21,CUST1297,Customer_1535,Male,39,Bengaluru,Karnataka,South,Home & Kitchen,Cookware Set,5,6578.88,10.0,29604.96,Credit Card,Delivered,6201.37,4.5
ORD102389,2025-07-13,CUST1158,Customer_1492,Female,18,Gurugram,Haryana,North,Electronics,Laptop,2,63957.79,10.0,115124.02,Debit Card,Delivered,7977.11,4.3
ORD102390,2025-06-22,CUST1308,Customer_1450,Female,19,Chennai,Tamil Nadu,South,Home & Kitchen,Cookware Set,3,5073.4,0.0,15220.2,Credit Card,Delivered,1802.42,3.9
ORD102391,2025-08-28,CUST1329,Customer_1609,Male,35,Mumbai,Maharashtra,West,Sports,Yoga Mat,2,1133.45,0.0,2266.9,Debit Card,Delivered,363.63,3.9
ORD102392,2025-11-29,CUST1180,Customer_1596,Female,34,Lucknow,Uttar Pradesh,North,Fashion,Jacket,1,4794.82,10.0,4315.34,Credit Card,Delivered,400.36,3.4
ORD102393,2025-08-31,CUST1328,Customer_1636,Female,41,Panaji,Goa,West,Sports,Cricket Bat,2,3250.64,10.0,5851.15,Debit Card,Delivered,717.22,4.8
ORD102394,2025-08-03,CUST1165,Customer_1111,Female,22,Ranchi,Jharkhand,East,Beauty,Face Wash,1,831.99,5.0,790.39,UPI,Delivered,87.35,4.8
ORD102395,2025-06-21,CUST1396,Customer_1595,Male,22,Bhubaneswar,Odisha,East,Electronics,Smartphone,1,64945.03,25.0,48708.77,Debit Card,Delivered,8023.11,4.3
ORD102396,2025-05-21,CUST1174,Customer_1713,Male,30,Ahmedabad,Gujarat,West,Fashion,Backpack,1,1959.66,10.0,1763.69,UPI,Delivered,142.89,3.1
ORD102397,2025-04-18,CUST1024,Customer_1290,Male,51,Chennai,Tamil Nadu,South,Sports,Running Shoes,3,6650.25,25.0,14963.06,UPI,Cancelled,1227.92,4.4
ORD102398,2025-03-28,CUST1326,Customer_1684,Male,45,Bengaluru,Karnataka,South,Sports,Football,4,2018.87,20.0,6460.38,UPI,Delivered,1083.24,3.9
ORD102399,2025-08-15,CUST1653,Customer_1588,Female,18,Chennai,Tamil Nadu,South,Sports,Cricket Bat,1,3561.57,0.0,3561.57,UPI,Delivered,757.03,3.6
ORD102400,2025-04-25,CUST1319,Customer_1604,Male,47,Bengaluru,Karnataka,South,Electronics,Smartwatch,1,4349.66,20.0,3479.73,Cash on Delivery,Delivered,640.42,4.1
ORD102401,2025-12-20,CUST1270,Customer_1269,Male,37,Patna,Bihar,East,Home & Kitchen,Cookware Set,2,5203.86,,9366.95,UPI,Delivered,563.24,4.6
ORD102402,2025-10-07,CUST1343,Customer_1072,Female,42,Ranchi,Jharkhand,East,Home & Kitchen,Air Fryer,2,13289.96,0.0,26579.92,Credit Card,Returned,3700.56,5.0
ORD102403,2025-01-10,CUST1271,Customer_1742,Male,42,Kolkata,West Bengal,East,Electronics,Laptop,1,69311.6,10.0,62380.44,Net Banking,Delivered,5816.33,3.5
ORD102404,2025-08-13,CUST1509,Customer_1566,Other,18,Bhubaneswar,Odisha,East,Electronics,Headphones,2,4878.64,5.0,9269.42,Debit Card,Delivered,1162.3,3.9
ORD102405,2025-03-22,CUST1545,Customer_1377,Female,39,Ludhiana,Punjab,North,Home & Kitchen,Mixer Grinder,1,3427.34,10.0,3084.61,Cash on Delivery,Delivered,660.45,2.7
ORD102406,2025-03-27,CUST1696,Customer_1504,Female,48,Panaji,Goa,West,Sports,Dumbbells,3,4654.03,10.0,12565.88,Debit Card,Delivered,840.33,4.3
ORD102407,2025-06-22,CUST1225,Customer_1508,Female,18,Bhubaneswar,Odisha,East,Electronics,Headphones,2,6554.96,20.0,10487.94,Credit Card,Delivered,2005.0,5.0
ORD102408,2025-09-23,CUST1577,Customer_1443,Male,37,Hyderabad,Telangana,South,Home & Kitchen,Dining Set,1,8022.8,10.0,7220.52,UPI,Delivered,812.8,3.4
ORD102409,2025-11-17,CUST1127,Customer_1028,Female,54,Chennai,Tamil Nadu,South,Fashion,Jeans,1,2959.01,0.0,2959.01,UPI,Delivered,279.73,4.6
ORD102410,2025-01-08,CUST1314,Customer_1621,Male,40,Ranchi,Jharkhand,East,Fashion,Jacket,1,3309.18,0.0,3309.18,Debit Card,Delivered,562.61,3.9
ORD102411,2025-05-25,CUST1421,Customer_1364,Male,26,Bhubaneswar,Odisha,East,Electronics,Tablet,3,16379.6,10.0,44224.92,UPI,Delivered,9400.78,4.1
ORD102412,2025-12-06,CUST1498,Customer_1043,Male,36,Ludhiana,Punjab,North,Electronics,Smartphone,4,37777.59,5.0,143554.84,Credit Card,Delivered,12090.61,4.2
ORD102413,2025-11-07,CUST1390,Customer_1040,Male,38,Hyderabad,Telangana,South,Fashion,Jeans,2,1610.91,20.0,2577.46,Debit Card,Delivered,177.38,4.7
ORD102414,2025-11-15,CUST1011,Customer_1069,Female,32,New Delhi,Delhi,North,Fashion,T-Shirt,1,815.57,10.0,734.01,UPI,Delivered,79.93,3.3
ORD102415,2025-05-01,CUST1284,Customer_1182,Male,25,Mumbai,Maharashtra,West,Home & Kitchen,Dining Set,2,6445.54,15.0,10957.42,UPI,Returned,1191.96,3.4
ORD102416,2025-05-11,CUST1450,Customer_1395,Male,44,Ludhiana,Punjab,North,Fashion,Jacket,1,5860.17,10.0,5274.15,UPI,Delivered,1103.95,5.0
ORD102417,2025-02-28,CUST1346,Customer_1557,Other,52,Hyderabad,Telangana,South,Home & Kitchen,Air Fryer,1,12861.71,5.0,12218.62,Cash on Delivery,Delivered,1439.31,5.0
ORD102418,2025-08-30,CUST1369,Customer_1627,Female,18,Chennai,Tamil Nadu,South,Home & Kitchen,Dining Set,3,5413.32,15.0,13803.97,UPI,Delivered,2422.51,4.4
ORD102419,2025-08-28,CUST1526,Customer_1602,Female,26,Lucknow,Uttar Pradesh,North,Beauty,Shampoo,4,843.31,10.0,3035.92,Cash on Delivery,Cancelled,442.88,3.5
ORD102420,2025-07-18,CUST1736,Customer_1013,Male,36,Kolkata,West Bengal,East,Sports,Football,3,1858.61,5.0,5297.04,Debit Card,Shipped,546.51,3.2
ORD102421,2025-08-30,CUST1517,Customer_1374,Female,34,Ludhiana,Punjab,North,Electronics,Smartphone,1,14725.19,0.0,14725.19,Net Banking,Delivered,3093.02,3.5
ORD102422,2025-11-08,CUST1040,Customer_1579,Female,32,Chennai,Tamil Nadu,South,Sports,Football,3,887.28,10.0,2395.66,Net Banking,Delivered,437.59,3.8
ORD102423,2025-08-25,CUST1032,Customer_1367,Female,21,Gurugram,Haryana,North,Beauty,Makeup Kit,2,772.91,15.0,1313.95,Credit Card,Delivered,176.21,4.3
ORD102424,2025-07-10,CUST1587,Customer_1538,Male,31,Bengaluru,Karnataka,South,Electronics,Smartphone,1,18419.77,5.0,17498.78,Cash on Delivery,Delivered,1258.79,3.8
ORD102425,2025-05-26,CUST1646,Customer_1102,Male,25,Bengaluru,Karnataka,South,Electronics,Laptop,3,52314.98,10.0,141250.45,UPI,Delivered,15918.09,3.3
ORD102426,2025-03-20,CUST1743,Customer_1357,Female,27,Ludhiana,Punjab,North,Electronics,Headphones,2,5837.83,10.0,10508.09,Debit Card,Delivered,2156.48,4.0
ORD102427,2025-11-29,CUST1562,Customer_1681,Male,36,Kolkata,West Bengal,East,Fashion,Jacket,3,4874.01,25.0,10966.52,Credit Card,Delivered,891.35,4.6
ORD102428,2025-07-06,CUST1542,Customer_1579,Male,18,Hyderabad,Telangana,South,Sports,Dumbbells,2,964.18,20.0,1542.69,Cash on Delivery,Delivered,220.36,4.1
ORD102429,2025-07-18,CUST1530,Customer_1198,Male,46,Patna,Bihar,East,Electronics,Laptop,1,55313.34,10.0,49782.01,Credit Card,Delivered,7463.33,3.1
ORD102430,2025-03-15,CUST1375,Customer_1537,Male,18,Panaji,Goa,West,Fashion,T-Shirt,1,906.5,20.0,725.2,UPI,Delivered,109.03,4.0
ORD102431,2025-04-03,CUST1603,Customer_1657,Male,20,Chennai,Tamil Nadu,South,Electronics,Smartphone,2,17019.27,20.0,27230.83,Credit Card,Delivered,5745.66,4.5
ORD102432,2025-03-31,CUST1333,Customer_1377,Female,23,Gurugram,Haryana,North,Home & Kitchen,Air Fryer,4,12646.62,15.0,42998.51,Credit Card,Delivered,4559.61,3.4
ORD102433,2025-06-04,CUST1698,Customer_1197,Male,20,Bhubaneswar,Odisha,East,Electronics,Laptop,2,67923.01,5.0,129053.72,UPI,Delivered,20168.27,3.7
ORD102434,2025-05-21,CUST1355,Customer_1523,Female,24,Lucknow,Uttar Pradesh,North,Fashion,Jacket,1,3126.08,10.0,2813.47,UPI,Returned,299.9,4.6
ORD102435,2025-12-31,CUST1646,Customer_1266,Male,31,Gurugram,Haryana,North,Fashion,T-Shirt,1,786.01,0.0,786.01,UPI,Delivered,118.86,2.9
ORD102436,2025-07-19,CUST1490,Customer_1493,Female,34,Ahmedabad,Gujarat,West,Beauty,Moisturizer,1,1302.05,10.0,1171.85,UPI,Shipped,239.95,3.7
ORD102437,2025-06-25,CUST1521,Customer_1716,Female,35,Mumbai,Maharashtra,West,Electronics,Smartphone,2,58258.34,15.0,99039.18,Debit Card,Delivered,10291.36,2.8
ORD102438,2025-04-10,CUST1634,Customer_1110,Male,52,Ranchi,Jharkhand,East,Electronics,Smartwatch,1,7275.45,15.0,6184.13,UPI,Cancelled,550.93,5.0
ORD102439,2025-12-10,CUST1652,Customer_1521,Female,30,Hyderabad,Telangana,South,Electronics,Headphones,4,4503.34,0.0,18013.36,UPI,Delivered,1385.27,3.3
ORD102440,2025-12-23,CUST1033,Customer_1022,Female,18,Mumbai,Maharashtra,West,Beauty,Shampoo,1,284.72,15.0,242.01,Debit Card,Delivered,20.13,4.3
ORD102441,2025-12-06,CUST1023,Customer_1711,Male,41,Patna,Bihar,East,Beauty,Face Wash,1,311.57,20.0,249.26,Debit Card,Delivered,48.15,4.0
ORD102442,2025-04-27,CUST1251,Customer_1434,Female,20,Patna,Bihar,East,Fashion,Jacket,2,3473.97,5.0,6600.54,Credit Card,Shipped,1155.32,5.0
ORD102443,2025-03-29,CUST1036,Customer_1314,Male,22,Hyderabad,Telangana,South,Home & Kitchen,Bedsheet,1,2013.28,10.0,1811.95,UPI,Returned,321.75,3.1
ORD102444,2025-03-26,CUST1065,Customer_1429,Female,29,Kolkata,West Bengal,East,Electronics,Smartwatch,1,5616.7,5.0,5335.86,UPI,Delivered,1021.01,4.3
ORD102445,2025-04-06,CUST1497,Customer_1254,Female,27,Patna,Bihar,East,Sports,Football,1,1381.55,15.0,1174.32,UPI,Delivered,242.55,3.4
ORD102446,2025-03-16,CUST1029,Customer_1041,Female,31,Bhubaneswar,Odisha,East,Home & Kitchen,Bedsheet,2,2332.21,20.0,3731.54,Credit Card,Delivered,815.07,3.9
ORD102447,2025-08-01,CUST1115,Customer_1452,Male,27,Hyderabad,Telangana,South,Electronics,Smartphone,1,14291.12,10.0,12862.01,Credit Card,Delivered,811.56,4.8
ORD102448,2025-08-22,CUST1008,Customer_1707,Male,35,New Delhi,Delhi,North,Sports,Running Shoes,2,5553.41,10.0,9996.14,Debit Card,Delivered,1676.15,3.1
ORD102449,2025-04-05,CUST1642,Customer_1103,Female,24,Chennai,Tamil Nadu,South,Sports,Running Shoes,1,5550.85,15.0,4718.22,Credit Card,Delivered,769.89,4.0
ORD102450,2025-04-19,CUST1072,Customer_1489,Male,42,Kolkata,West Bengal,East,Fashion,Shoes,1,3961.7,10.0,3565.53,UPI,Delivered,643.17,5.0
ORD102451,2025-12-20,CUST1559,Customer_1683,Male,21,Lucknow,Uttar Pradesh,North,Sports,Running Shoes,2,8756.52,15.0,14886.08,UPI,Delivered,3238.77,3.7
ORD102452,2025-03-12,CUST1548,Customer_1239,Male,41,Mumbai,Maharashtra,West,Home & Kitchen,Dining Set,2,8192.37,15.0,13927.03,Net Banking,Delivered,1531.72,3.2
ORD102453,2025-02-19,CUST1360,Customer_1524,Male,34,Hyderabad,Telangana,South,Electronics,Smartwatch,1,13914.95,10.0,12523.46,Debit Card,Cancelled,1840.43,3.6
ORD102454,2025-02-10,CUST1151,Customer_1268,Male,21,Kochi,Kerala,South,Sports,Yoga Mat,1,2139.6,5.0,2032.62,Debit Card,Delivered,300.28,4.3
ORD102455,2025-11-08,CUST1579,Customer_1059,Male,27,Panaji,Goa,West,Beauty,Perfume,2,4762.62,15.0,8096.45,Debit Card,Delivered,1562.91,4.1
ORD102456,2025-06-18,CUST1513,Customer_1330,Female,35,Hyderabad,Telangana,South,Sports,Dumbbells,1,4287.74,10.0,3858.97,Credit Card,Delivered,721.94,3.4
ORD102457,2025-04-20,CUST1373,Customer_1735,Male,43,Kolkata,West Bengal,East,Fashion,T-Shirt,5,477.19,10.0,2147.36,UPI,Delivered,231.12,2.2
ORD102458,2025-03-03,CUST1787,Customer_1497,Male,25,Lucknow,Uttar Pradesh,North,Sports,Cricket Bat,1,7240.94,5.0,6878.89,UPI,Returned,1177.73,4.5
ORD102459,2025-01-08,CUST1037,Customer_1598,Female,27,Jaipur,Rajasthan,North,Fashion,Jacket,1,2749.78,15.0,2337.31,UPI,Delivered,296.36,3.1
ORD102460,2025-02-10,CUST1473,Customer_1301,Male,23,Kolkata,West Bengal,East,Home & Kitchen,Dining Set,1,13554.45,10.0,12199.01,Credit Card,Delivered,2588.15,3.3
ORD102461,2025-01-28,CUST1029,Customer_1634,Male,39,New Delhi,Delhi,North,Sports,Yoga Mat,1,2491.55,0.0,2491.55,UPI,Shipped,210.16,3.2
ORD102462,2025-03-30,CUST1246,Customer_1691,Female,29,Kolkata,West Bengal,East,Beauty,Face Wash,2,664.04,10.0,1195.27,Net Banking,Delivered,260.33,3.9
ORD102463,2025-12-07,CUST1763,Customer_1058,Female,18,Ranchi,Jharkhand,East,Fashion,Backpack,1,1832.01,0.0,1832.01,UPI,Delivered,346.6,3.4
ORD102464,2025-12-02,CUST1433,Customer_1457,Male,23,Gurugram,Haryana,North,Electronics,Tablet,2,26560.56,0.0,53121.12,Credit Card,Returned,9170.65,3.0
ORD102465,2025-08-26,CUST1557,Customer_1309,Male,33,Gurugram,Haryana,North,Sports,Dumbbells,2,1443.59,15.0,2454.1,Net Banking,Delivered,292.75,4.1
ORD102466,2025-12-02,CUST1691,Customer_1391,Female,31,Ranchi,Jharkhand,East,Beauty,Face Wash,1,752.09,0.0,752.09,UPI,Delivered,132.74,3.3
ORD102467,2025-12-30,CUST1274,Customer_1384,Male,34,Hyderabad,Telangana,South,Home & Kitchen,Air Fryer,2,12251.63,20.0,19602.61,Debit Card,Delivered,3385.02,4.6
ORD102468,2025-05-27,CUST1768,Customer_1110,Male,32,Bhubaneswar,Odisha,East,Fashion,Shoes,2,2815.08,5.0,5348.65,Credit Card,Delivered,391.07,3.4
ORD102469,2025-06-19,CUST1090,Customer_1119,Female,19,Lucknow,Uttar Pradesh,North,Home & Kitchen,Bedsheet,2,2561.27,20.0,4098.03,Cash on Delivery,Delivered,302.75,4.3
ORD102470,2025-01-05,CUST1769,Customer_1367,Male,35,Bhubaneswar,Odisha,East,Electronics,Smartphone,2,46973.17,10.0,84551.71,Credit Card,Delivered,18262.7,3.4
ORD102471,2025-01-01,CUST1766,Customer_1503,Male,29,Lucknow,Uttar Pradesh,North,Fashion,Jeans,1,1354.85,0.0,1354.85,Debit Card,Delivered,113.5,4.4
ORD102472,2025-07-26,CUST1319,Customer_1132,Male,48,Panaji,Goa,West,Fashion,Jeans,2,1531.49,10.0,2756.68,UPI,Delivered,263.32,4.7
ORD102473,2025-01-30,CUST1794,Customer_1161,Female,29,Hyderabad,Telangana,South,Home & Kitchen,Bedsheet,3,2017.88,10.0,5448.28,Credit Card,Delivered,424.25,3.4
ORD102474,2025-09-14,CUST1248,Customer_1264,Female,20,Chennai,Tamil Nadu,South,Fashion,Jeans,1,1913.32,15.0,1626.32,UPI,Delivered,156.96,3.8
ORD102475,2025-04-05,CUST1181,Customer_1403,Male,38,Gurugram,Haryana,North,Beauty,Face Wash,5,309.9,15.0,1317.08,UPI,Delivered,216.55,4.0
ORD102476,2025-05-01,CUST1521,Customer_1066,Male,28,Bhubaneswar,Odisha,East,Sports,Dumbbells,1,3308.13,20.0,2646.5,Debit Card,Delivered,321.98,4.4
ORD102477,2025-11-05,CUST1733,Customer_1323,Male,22,Bengaluru,Karnataka,South,Electronics,Tablet,3,33248.15,15.0,84782.78,Cash on Delivery,Cancelled,15662.99,4.6
ORD102478,2025-06-19,CUST1159,Customer_1625,Male,18,Bengaluru,Karnataka,South,Electronics,Smartwatch,1,10173.9,10.0,9156.51,Debit Card,Delivered,1275.9,4.0
ORD102479,2025-06-25,CUST1041,Customer_1325,Male,41,Gurugram,Haryana,North,Beauty,Perfume,1,2058.28,10.0,1852.45,UPI,Delivered,228.92,3.7
ORD102480,2025-09-24,CUST1609,Customer_1086,Female,21,Jaipur,Rajasthan,North,Fashion,Shoes,2,1990.78,20.0,3185.25,UPI,Shipped,664.11,3.9
ORD102481,2025-01-12,CUST1233,Customer_1599,Male,39,Mumbai,Maharashtra,West,Electronics,Smartphone,1,15115.48,10.0,13603.93,Debit Card,Delivered,2126.22,4.9
ORD102482,2025-08-16,CUST1560,Customer_1518,Female,26,Gurugram,Haryana,North,Electronics,Tablet,2,25249.64,20.0,40399.42,Debit Card,Delivered,5715.57,4.7
ORD102483,2025-06-19,CUST1295,Customer_1247,Male,31,Panaji,Goa,West,Home & Kitchen,Mixer Grinder,1,6890.97,0.0,6890.97,Credit Card,Delivered,880.67,4.0
ORD102484,2025-10-19,CUST1181,Customer_1604,Male,33,Ahmedabad,Gujarat,West,Fashion,Shoes,1,5274.77,5.0,5011.03,Net Banking,Returned,619.38,3.2
ORD102485,2025-06-27,CUST1594,Customer_1624,Male,49,Ranchi,Jharkhand,East,Fashion,Shoes,3,4400.23,20.0,10560.55,UPI,Delivered,638.08,3.3
ORD102486,2025-06-05,CUST1047,Customer_1312,Female,26,Panaji,Goa,West,Fashion,Shoes,4,3838.95,0.0,15355.8,UPI,Shipped,1132.51,4.1
ORD102487,2025-03-27,CUST1138,Customer_1466,Male,28,Ludhiana,Punjab,North,Beauty,Moisturizer,3,1510.51,10.0,4078.38,Credit Card,Delivered,414.13,3.5
ORD102488,2025-01-01,CUST1658,Customer_1673,Male,26,New Delhi,Delhi,North,Electronics,Laptop,2,49254.87,0.0,98509.74,Net Banking,Delivered,6784.44,3.0
ORD102489,2025-01-05,CUST1684,Customer_1633,Female,35,Chennai,Tamil Nadu,South,Sports,Dumbbells,1,2382.26,20.0,1905.81,UPI,Delivered,331.91,4.6
ORD102490,2025-03-11,CUST1119,Customer_1327,Male,43,Kochi,Kerala,South,Sports,Yoga Mat,1,1432.35,10.0,1289.12,Debit Card,Delivered,144.11,3.6
ORD102491,2025-04-14,CUST1553,Customer_1568,Male,27,Kochi,Kerala,South,Electronics,Headphones,1,3123.45,10.0,2811.11,Debit Card,Delivered,343.47,4.6
ORD102492,2025-09-01,CUST1547,Customer_1247,Male,35,Ranchi,Jharkhand,East,Home & Kitchen,Bedsheet,1,2993.3,10.0,2693.97,Credit Card,Shipped,211.88,4.8
ORD102493,2025-11-20,CUST1532,Customer_1559,Female,28,Kochi,Kerala,South,Electronics,Headphones,1,3608.4,0.0,3608.4,UPI,Delivered,551.09,4.3
ORD102494,2025-08-08,CUST1460,Customer_1404,Male,36,Panaji,Goa,West,Electronics,Tablet,2,15964.67,10.0,28736.41,Credit Card,Delivered,6311.94,3.3
ORD102495,2025-09-08,CUST1344,Customer_1314,Female,37,Ahmedabad,Gujarat,West,Beauty,Shampoo,2,1135.16,10.0,2043.29,UPI,Delivered,289.94,3.7
ORD102496,2025-12-20,CUST1735,Customer_1235,Male,21,Panaji,Goa,West,Sports,Dumbbells,1,4614.32,15.0,3922.17,Credit Card,Cancelled,826.2,3.4
ORD102497,2025-01-18,CUST1377,Customer_1738,Female,25,Ahmedabad,Gujarat,West,Sports,Running Shoes,1,2541.16,5.0,2414.1,Credit Card,Delivered,285.25,4.1
ORD102498,2025-07-21,CUST1796,Customer_1300,Male,32,Chennai,Tamil Nadu,South,Sports,Dumbbells,1,3201.42,15.0,2721.21,Debit Card,Delivered,331.58,4.1
ORD102499,2025-09-14,CUST1327,Customer_1495,Female,25,Ahmedabad,Gujarat,West,Electronics,Smartwatch,1,10056.91,15.0,8548.37,Cash on Delivery,Returned,765.02,5.0
ORD102500,2025-06-28,CUST1401,Customer_1505,Female,30,Lucknow,Uttar Pradesh,North,Fashion,Jacket,2,5044.71,10.0,9080.48,UPI,Delivered,903.55,2.7
ORD102501,2025-04-23,CUST1283,Customer_1116,Male,19,Kochi,Kerala,South,Sports,Yoga Mat,1,1240.3,15.0,1054.25,UPI,Delivered,209.38,3.3
ORD102502,2025-03-27,CUST1048,Customer_1490,Male,26,Patna,Bihar,East,Beauty,Makeup Kit,1,1423.42,20.0,1138.74,Cash on Delivery,Delivered,221.89,3.3
ORD102503,2025-12-29,CUST1349,Customer_1772,Male,34,Lucknow,Uttar Pradesh,North,Electronics,Headphones,1,1881.13,10.0,1693.02,Credit Card,Delivered,260.49,4.7
ORD102504,2025-06-11,CUST1717,Customer_1541,Female,23,Ranchi,Jharkhand,East,Beauty,Face Wash,3,361.5,15.0,921.82,Cash on Delivery,Delivered,115.16,3.6
ORD102505,2025-01-20,CUST1303,Customer_1776,Female,20,Bengaluru,Karnataka,South,Sports,Running Shoes,5,7405.7,15.0,31474.22,UPI,Shipped,4145.6,4.3
ORD102506,2025-06-02,CUST1044,Customer_1109,Female,42,Bengaluru,Karnataka,South,Sports,Yoga Mat,2,504.91,20.0,807.86,Credit Card,Delivered,83.13,2.4
ORD102507,2025-03-19,CUST1636,Customer_1502,Male,39,Kochi,Kerala,South,Electronics,Headphones,2,1236.35,15.0,2101.79,Cash on Delivery,Delivered,452.26,4.3
ORD102508,2025-05-15,CUST1293,Customer_1400,Female,40,Mumbai,Maharashtra,West,Beauty,Face Wash,1,387.92,10.0,349.13,UPI,Shipped,47.43,2.9
ORD102509,2025-10-11,CUST1489,Customer_1268,Male,26,Gurugram,Haryana,North,Beauty,Face Wash,1,464.65,20.0,371.72,Debit Card,Delivered,75.32,4.3
ORD102510,2025-09-15,CUST1443,Customer_1626,Female,32,Chennai,Tamil Nadu,South,Electronics,Smartwatch,2,6188.97,15.0,10521.25,Debit Card,Delivered,2051.01,4.8
ORD102511,2025-02-25,CUST1312,Customer_1252,Male,28,Chennai,Tamil Nadu,South,Electronics,Laptop,1,52076.43,20.0,41661.14,Net Banking,Delivered,8120.63,3.9
ORD102512,2025-07-16,CUST1586,Customer_1198,Female,18,Bhubaneswar,Odisha,East,Home & Kitchen,Bedsheet,1,1671.09,5.0,1587.54,Debit Card,Shipped,196.19,4.6
ORD102513,2025-01-27,CUST1257,Customer_1563,Female,28,Gurugram,Haryana,North,Fashion,Jeans,1,2025.7,10.0,1823.13,Net Banking,Delivered,157.51,2.8
ORD102514,2025-11-08,CUST1797,Customer_1230,Male,25,Jaipur,Rajasthan,North,Electronics,Smartphone,4,44280.05,10.0,159408.18,Cash on Delivery,Returned,9737.8,4.5
ORD102515,2025-07-21,CUST1392,Customer_1230,Female,52,Jaipur,Rajasthan,North,Fashion,Jeans,1,1607.83,20.0,1286.26,Credit Card,Delivered,169.95,4.9
ORD102516,2025-08-27,CUST1315,Customer_1674,Male,26,Patna,Bihar,East,Electronics,Smartphone,1,47625.77,0.0,47625.77,UPI,Delivered,8869.05,3.0
ORD102517,2025-09-26,CUST1680,Customer_1351,Female,23,Ludhiana,Punjab,North,Fashion,Jeans,2,1544.19,5.0,2933.96,Credit Card,Cancelled,382.63,4.6
ORD102518,2025-08-01,CUST1787,Customer_1367,Female,23,Patna,Bihar,East,Fashion,Jeans,5,1151.02,5.0,5467.35,Credit Card,Delivered,925.04,5.0
ORD102519,2025-07-26,CUST1311,Customer_1103,Male,30,Mumbai,Maharashtra,West,Electronics,Tablet,1,44644.81,5.0,42412.57,Credit Card,Cancelled,3202.28,5.0
ORD102520,2025-04-13,CUST1041,Customer_1435,Other,18,Hyderabad,Telangana,South,Electronics,Smartwatch,2,6748.08,20.0,10796.93,UPI,Delivered,1493.72,3.4
ORD102521,2025-08-08,CUST1276,Customer_1012,Female,33,Bengaluru,Karnataka,South,Home & Kitchen,Cookware Set,4,5991.87,10.0,21570.73,Debit Card,Cancelled,4338.31,4.5
ORD102522,2025-09-16,CUST1040,Customer_1276,Female,41,Jaipur,Rajasthan,North,Electronics,Headphones,1,1824.15,20.0,1459.32,UPI,Shipped,213.98,3.8
ORD102523,2025-09-28,CUST1275,Customer_1423,Male,22,Gurugram,Haryana,North,Electronics,Smartwatch,2,14640.28,5.0,27816.53,Credit Card,Returned,5148.74,3.2
ORD102524,2025-03-30,CUST1749,Customer_1760,Male,35,Bhubaneswar,Odisha,East,Sports,Dumbbells,2,2877.32,10.0,5179.18,Credit Card,Delivered,997.88,3.5
ORD102525,2025-12-30,CUST1069,Customer_1308,Female,42,Ludhiana,Punjab,North,Electronics,Laptop,2,62652.76,10.0,112774.97,UPI,Cancelled,12739.99,1.8
ORD102526,2025-04-25,CUST1628,Customer_1237,Male,30,Bhubaneswar,Odisha,East,Home & Kitchen,Air Fryer,2,8209.03,25.0,12313.55,Debit Card,Delivered,2059.23,3.8
ORD102527,2025-01-30,CUST1160,Customer_1659,Female,22,Kochi,Kerala,South,Fashion,Jacket,1,4329.15,15.0,3679.78,UPI,Delivered,585.49,3.9
ORD102528,2025-05-20,CUST1408,Customer_1786,Male,35,Bhubaneswar,Odisha,East,Electronics,Headphones,4,975.67,10.0,3512.41,Net Banking,Delivered,222.91,4.6
ORD102529,2025-08-17,CUST1691,Customer_1341,Female,46,Gurugram,Haryana,North,Home & Kitchen,Air Fryer,1,7454.93,10.0,6709.44,Credit Card,Delivered,847.27,3.5
ORD102530,2025-01-04,CUST1282,Customer_1669,Male,28,Mumbai,Maharashtra,West,Beauty,Shampoo,2,956.39,10.0,1721.5,Net Banking,Delivered,135.5,3.6
ORD102531,2025-10-25,CUST1556,Customer_1759,Female,38,Chennai,Tamil Nadu,South,Fashion,Shoes,4,3785.1,10.0,13626.36,UPI,Delivered,1821.49,4.6
ORD102532,2025-02-04,CUST1409,Customer_1618,Female,36,Bhubaneswar,Odisha,East,Sports,Dumbbells,1,944.53,10.0,850.08,UPI,Delivered,185.41,4.9
ORD102533,2025-11-17,CUST1662,Customer_1307,Female,26,Gurugram,Haryana,North,Electronics,Smartphone,1,49712.65,0.0,49712.65,Debit Card,Delivered,6899.95,4.7
ORD102534,2025-08-04,CUST1191,Customer_1670,Male,29,Lucknow,Uttar Pradesh,North,Home & Kitchen,Cookware Set,2,3022.22,20.0,4835.55,UPI,Delivered,625.14,4.4
ORD102535,2025-04-30,CUST1213,Customer_1741,Male,48,Mumbai,Maharashtra,West,Home & Kitchen,Bedsheet,1,2279.98,5.0,2165.98,Debit Card,Delivered,400.3,2.4
ORD102536,2025-07-05,CUST1495,Customer_1185,Male,30,Patna,Bihar,East,Sports,Yoga Mat,2,2141.53,15.0,3640.6,UPI,Delivered,474.9,3.0
ORD102537,2025-06-19,CUST1217,Customer_1348,Female,35,Lucknow,Uttar Pradesh,North,Fashion,Backpack,2,1192.73,15.0,2027.64,UPI,Delivered,126.72,4.3
ORD102538,2025-06-15,CUST1203,Customer_1640,Female,27,Ahmedabad,Gujarat,West,Sports,Running Shoes,1,8708.6,5.0,8273.17,Debit Card,Delivered,1807.31,3.6
ORD102539,2025-08-23,CUST1168,Customer_1772,Female,18,Chennai,Tamil Nadu,South,Electronics,Tablet,1,38757.36,15.0,32943.76,UPI,Delivered,2631.91,3.6
ORD102540,2025-02-06,CUST1502,Customer_1697,Male,18,Mumbai,Maharashtra,West,Electronics,Tablet,1,21315.18,5.0,20249.42,UPI,Delivered,3574.7,3.8
ORD102541,2025-03-15,CUST1365,Customer_1024,Male,20,Ahmedabad,Gujarat,West,Fashion,Jeans,5,1661.69,15.0,7062.18,UPI,Delivered,1142.26,3.6
ORD102542,2025-03-13,CUST1180,Customer_1208,Male,28,Bengaluru,Karnataka,South,Sports,Football,3,1883.5,15.0,4802.93,Credit Card,Delivered,570.25,3.6
ORD102543,2025-04-16,CUST1548,Customer_1046,Male,28,Chennai,Tamil Nadu,South,Electronics,Smartphone,3,26075.49,5.0,74315.15,UPI,Shipped,14972.51,4.1
ORD102544,2025-04-24,CUST1202,Customer_1463,Female,19,Bengaluru,Karnataka,South,Electronics,Tablet,2,24936.74,5.0,47379.81,Cash on Delivery,Delivered,8422.33,3.6
ORD102545,2025-06-24,CUST1343,Customer_1711,Female,33,New Delhi,Delhi,North,Beauty,Makeup Kit,1,3006.01,0.0,3006.01,Cash on Delivery,Delivered,420.25,3.4
ORD102546,2025-04-23,CUST1175,Customer_1033,Female,40,Ahmedabad,Gujarat,West,Fashion,Jacket,1,4825.64,15.0,4101.79,UPI,Delivered,898.79,4.0
ORD102547,2025-05-05,CUST1081,Customer_1007,Female,21,Lucknow,Uttar Pradesh,North,Beauty,Makeup Kit,1,3246.27,15.0,2759.33,Credit Card,Delivered,282.19,4.2
ORD102548,2025-04-12,CUST1149,Customer_1093,Female,27,Panaji,Goa,West,Beauty,Face Wash,4,446.72,5.0,1697.54,Credit Card,Delivered,277.54,4.2
ORD102549,2025-08-11,CUST1191,Customer_1787,Other,28,Panaji,Goa,West,Fashion,Jacket,2,5112.52,25.0,7668.78,Credit Card,Returned,557.05,3.6
ORD102550,2025-08-07,CUST1448,Customer_1362,Female,36,Jaipur,Rajasthan,North,Beauty,Perfume,2,3958.67,10.0,7125.61,Cash on Delivery,Delivered,609.0,3.9
ORD102551,2025-03-20,CUST1526,Customer_1325,Female,32,Gurugram,Haryana,North,Sports,Yoga Mat,1,1500.22,10.0,1350.2,UPI,Shipped,165.88,4.4
ORD102552,2025-11-18,CUST1240,Customer_1482,Female,31,Chennai,Tamil Nadu,South,Fashion,Jeans,1,1213.75,5.0,1153.06,UPI,Delivered,245.05,3.9
ORD102553,2025-03-04,CUST1573,Customer_1065,Female,18,Bengaluru,Karnataka,South,Electronics,Smartwatch,2,4362.53,10.0,7852.55,UPI,Delivered,1216.67,4.9
ORD102554,2025-05-30,CUST1121,Customer_1772,Female,41,Kochi,Kerala,South,Sports,Cricket Bat,3,5807.77,5.0,16552.14,UPI,Delivered,1185.45,4.2
ORD102555,2025-12-11,CUST1246,Customer_1315,Male,18,Chennai,Tamil Nadu,South,Home & Kitchen,Mixer Grinder,2,6477.04,15.0,11010.97,UPI,Delivered,2055.41,
ORD102556,2025-11-13,CUST1556,Customer_1306,Male,45,Panaji,Goa,West,Fashion,T-Shirt,4,709.84,5.0,2697.39,UPI,Delivered,422.71,3.9
ORD102557,2025-03-19,CUST1073,Customer_1320,Female,28,Mumbai,Maharashtra,West,Sports,Dumbbells,1,3930.19,10.0,3537.17,Debit Card,Delivered,225.87,2.8
ORD102558,2025-08-20,CUST1539,Customer_1344,Male,36,Hyderabad,Telangana,South,Beauty,Perfume,3,3584.38,5.0,10215.48,Debit Card,Shipped,1505.31,4.1
ORD102559,2025-01-12,CUST1307,Customer_1364,Female,36,Kochi,Kerala,South,Sports,Running Shoes,1,5268.75,20.0,4215.0,UPI,Delivered,549.66,4.0
ORD102560,2025-07-26,CUST1360,Customer_1059,Female,21,Mumbai,Maharashtra,West,Electronics,Smartwatch,2,8727.71,10.0,15709.88,Credit Card,Shipped,2419.21,4.0
ORD102561,2025-04-15,CUST1522,Customer_1754,Female,52,Jaipur,Rajasthan,North,Sports,Dumbbells,4,4643.72,20.0,14859.9,UPI,Shipped,967.97,4.0
ORD102562,2025-10-24,CUST1132,Customer_1718,Male,29,Kochi,Kerala,South,Fashion,Backpack,1,2061.28,20.0,1649.02,Credit Card,Delivered,272.39,3.8
ORD102563,2025-06-07,CUST1270,Customer_1580,Male,18,Mumbai,Maharashtra,West,Home & Kitchen,Mixer Grinder,1,7924.3,20.0,6339.44,Credit Card,Delivered,1157.6,4.1
ORD102564,2025-01-25,CUST1465,Customer_1374,Female,32,Ludhiana,Punjab,North,Fashion,Jacket,1,4225.25,20.0,3380.2,Debit Card,Delivered,498.95,3.2
ORD102565,2025-04-17,CUST1612,Customer_1784,Male,42,Bhubaneswar,Odisha,East,Electronics,Laptop,2,42651.21,20.0,68241.94,Cash on Delivery,Cancelled,8663.33,3.9
ORD102566,2025-05-15,CUST1658,Customer_1345,Female,23,Bengaluru,Karnataka,South,Electronics,Laptop,2,53590.67,5.0,101822.27,UPI,Delivered,11766.49,3.7
ORD102567,2025-04-17,CUST1524,Customer_1176,Female,34,Jaipur,Rajasthan,North,Home & Kitchen,Cookware Set,1,5217.75,20.0,4174.2,Debit Card,Returned,462.03,4.3
ORD102568,2025-05-15,CUST1730,Customer_1310,Other,22,Panaji,Goa,West,Fashion,Jacket,1,3986.09,15.0,3388.18,UPI,Delivered,647.55,4.3
ORD102569,2025-12-22,CUST1267,Customer_1517,Male,26,Bhubaneswar,Odisha,East,Fashion,Shoes,1,6686.25,15.0,5683.31,Net Banking,Delivered,513.35,5.0
ORD102570,2025-01-13,CUST1601,Customer_1600,Female,32,Chennai,Tamil Nadu,South,Electronics,Headphones,2,4440.8,20.0,7105.28,Net Banking,Delivered,1047.79,3.7
ORD102571,2025-05-05,CUST1257,Customer_1092,Female,32,Chennai,Tamil Nadu,South,Fashion,T-Shirt,2,1228.09,10.0,2210.56,UPI,Shipped,224.87,3.3
ORD102572,2025-07-06,CUST1483,Customer_1371,Male,20,Patna,Bihar,East,Home & Kitchen,Cookware Set,1,3406.83,5.0,3236.49,Credit Card,Delivered,299.69,4.8
ORD102573,2025-10-17,CUST1213,Customer_1391,Male,23,Bengaluru,Karnataka,South,Fashion,Jeans,2,2126.92,5.0,4041.15,UPI,Delivered,755.59,2.9
ORD102574,2025-08-17,CUST1197,Customer_1724,Female,29,Mumbai,Maharashtra,West,Fashion,Jeans,2,2769.51,15.0,4708.17,Credit Card,Delivered,303.58,4.4
ORD102575,2025-05-29,CUST1496,Customer_1785,Male,49,Kolkata,West Bengal,East,Electronics,Headphones,1,2069.86,20.0,1655.89,Debit Card,Delivered,335.02,3.4
ORD102576,2025-08-12,CUST1794,Customer_1146,Male,32,Chennai,Tamil Nadu,South,Home & Kitchen,Bedsheet,2,2174.2,10.0,3913.56,Credit Card,Delivered,327.72,3.8
ORD102577,2025-07-28,CUST1563,Customer_1145,Male,18,Jaipur,Rajasthan,North,Beauty,Perfume,1,2858.13,20.0,2286.5,UPI,Cancelled,241.19,3.3
ORD102578,2025-10-21,CUST1413,Customer_1461,Male,34,Hyderabad,Telangana,South,Sports,Yoga Mat,2,2332.01,10.0,4197.62,Cash on Delivery,Delivered,253.85,3.8
ORD102579,2025-06-01,CUST1794,Customer_1573,Female,31,Hyderabad,Telangana,South,Electronics,Smartphone,2,15516.0,15.0,26377.2,UPI,Delivered,3171.53,3.7
ORD102580,2025-10-23,CUST1014,Customer_1612,Female,41,Kolkata,West Bengal,East,Home & Kitchen,Bedsheet,1,1517.67,15.0,1290.02,Credit Card,Delivered,90.94,5.0
ORD102581,2025-05-06,CUST1449,Customer_1285,Female,23,Chennai,Tamil Nadu,South,Electronics,Smartphone,2,21902.73,20.0,35044.37,Credit Card,Delivered,3006.97,4.6
ORD102582,2025-03-12,CUST1728,Customer_1568,Female,42,Bengaluru,Karnataka,South,Home & Kitchen,Dining Set,1,12085.23,15.0,10272.45,Debit Card,Delivered,1842.11,3.6
ORD102583,2025-08-17,CUST1245,Customer_1427,Male,37,Ranchi,Jharkhand,East,Home & Kitchen,Cookware Set,1,4285.66,15.0,3642.81,UPI,Delivered,398.54,3.1
ORD102584,2025-08-24,CUST1742,Customer_1190,Male,18,Gurugram,Haryana,North,Fashion,Shoes,2,6301.55,15.0,10712.64,Credit Card,Delivered,2325.27,5.0
ORD102585,2025-05-29,CUST1030,Customer_1462,Female,21,Hyderabad,Telangana,South,Electronics,Tablet,1,16918.44,5.0,16072.52,Cash on Delivery,Delivered,3037.9,3.4
ORD102586,2025-04-16,CUST1671,Customer_1357,Female,32,Jaipur,Rajasthan,North,Home & Kitchen,Air Fryer,4,4290.73,10.0,15446.63,UPI,Shipped,1698.75,3.1
ORD102587,2025-10-14,CUST1792,Customer_1003,Female,46,Panaji,Goa,West,Fashion,T-Shirt,1,1537.22,10.0,1383.5,Credit Card,Cancelled,105.4,4.5
ORD102588,2025-01-14,CUST1230,Customer_1091,Female,28,Bengaluru,Karnataka,South,Home & Kitchen,Bedsheet,1,1045.57,10.0,941.01,UPI,Delivered,75.14,3.6
ORD102589,2025-08-15,CUST1081,Customer_1779,Male,29,Kochi,Kerala,South,Beauty,Moisturizer,1,340.37,5.0,323.35,Cash on Delivery,Delivered,41.93,3.7
ORD102590,2025-08-06,CUST1794,Customer_1236,Male,38,Panaji,Goa,West,Electronics,Headphones,2,1714.59,15.0,2914.8,UPI,Returned,423.16,3.3
ORD102591,2025-03-22,CUST1520,Customer_1249,Male,18,Mumbai,Maharashtra,West,Electronics,Tablet,3,14328.49,15.0,36537.65,UPI,Delivered,7003.5,3.8
ORD102592,2025-11-20,CUST1292,Customer_1117,Female,18,Bhubaneswar,Odisha,East,Home & Kitchen,Mixer Grinder,1,3257.13,10.0,2931.42,Net Banking,Returned,580.28,4.2
ORD102593,2025-01-25,CUST1601,Customer_1643,Male,18,Jaipur,Rajasthan,North,Home & Kitchen,Bedsheet,2,789.62,20.0,1263.39,Credit Card,Delivered,130.68,3.8
ORD102594,2025-09-16,CUST1443,Customer_1329,Male,36,Ahmedabad,Gujarat,West,Fashion,Backpack,2,2322.2,10.0,4179.96,Credit Card,Delivered,303.73,3.8
ORD102595,2025-02-16,CUST1368,Customer_1343,Male,22,Kolkata,West Bengal,East,Beauty,Face Wash,1,264.37,0.0,264.37,UPI,Cancelled,46.99,3.1
ORD102596,2025-10-24,CUST1279,Customer_1189,Male,36,Chennai,Tamil Nadu,South,Beauty,Face Wash,2,298.93,20.0,478.29,Debit Card,Delivered,89.47,4.9
ORD102597,2025-06-30,CUST1352,Customer_1225,Male,29,Gurugram,Haryana,North,Home & Kitchen,Mixer Grinder,1,4598.86,25.0,3449.14,Credit Card,Delivered,607.43,4.2
ORD102598,2025-07-02,CUST1417,Customer_1083,Male,22,Chennai,Tamil Nadu,South,Home & Kitchen,Air Fryer,2,6547.24,15.0,11130.31,UPI,Shipped,1583.53,4.0
ORD102599,2025-01-12,CUST1337,Customer_1607,Female,33,Bhubaneswar,Odisha,East,Electronics,Laptop,1,45816.67,15.0,38944.17,Net Banking,Delivered,7462.56,4.1
ORD102600,2025-07-15,CUST1379,Customer_1502,Female,40,Kochi,Kerala,South,Electronics,Laptop,1,45686.06,10.0,41117.45,Net Banking,Delivered,8242.98,4.3
ORD102601,2025-01-12,CUST1495,Customer_1784,Male,38,Lucknow,Uttar Pradesh,North,Electronics,Smartphone,2,40927.33,10.0,73669.19,UPI,Delivered,7816.04,4.3
ORD102602,2025-04-01,CUST1238,Customer_1462,Female,23,New Delhi,Delhi,North,Electronics,Laptop,5,43838.32,5.0,208232.02,Debit Card,Shipped,27889.86,3.7
ORD102603,2025-04-10,CUST1105,Customer_1252,Female,42,Mumbai,Maharashtra,West,Sports,Cricket Bat,4,2413.75,10.0,8689.5,UPI,Delivered,1830.29,5.0
ORD102604,2025-11-17,CUST1757,Customer_1356,Male,37,Ranchi,Jharkhand,East,Home & Kitchen,Mixer Grinder,1,7930.26,20.0,6344.21,UPI,Shipped,598.75,4.2
ORD102605,2025-10-06,CUST1172,Customer_1038,Female,38,Bengaluru,Karnataka,South,Fashion,T-Shirt,5,1171.21,10.0,5270.45,Credit Card,Delivered,518.94,3.9
ORD102606,2025-10-23,CUST1600,Customer_1378,Female,26,Ludhiana,Punjab,North,Beauty,Makeup Kit,2,2508.84,5.0,4766.8,Debit Card,Delivered,738.86,3.4
ORD102607,2025-07-25,CUST1331,Customer_1580,Male,39,Ranchi,Jharkhand,East,Beauty,Shampoo,1,554.97,5.0,527.22,Credit Card,Cancelled,46.13,4.2
ORD102608,2025-05-08,CUST1486,Customer_1076,Male,31,Ludhiana,Punjab,North,Fashion,T-Shirt,4,728.85,15.0,2478.09,Debit Card,Delivered,352.91,4.1
ORD102609,2025-02-04,CUST1253,Customer_1772,Male,18,Chennai,Tamil Nadu,South,Sports,Running Shoes,1,7096.42,20.0,5677.14,Cash on Delivery,Returned,872.27,4.2
ORD102610,2025-12-25,CUST1659,Customer_1360,Female,44,Patna,Bihar,East,Electronics,Headphones,1,7903.94,10.0,7113.55,UPI,Delivered,1146.11,3.2
ORD102611,2025-08-15,CUST1767,Customer_1794,Female,33,Chennai,Tamil Nadu,South,Electronics,Tablet,1,26544.36,5.0,25217.14,Net Banking,Delivered,2848.21,3.2
ORD102612,2025-07-04,CUST1674,Customer_1561,Female,34,Gurugram,Haryana,North,Electronics,Headphones,3,1842.12,0.0,5526.36,UPI,Delivered,341.78,3.9
ORD102613,2025-05-03,CUST1434,Customer_1188,Female,25,Kolkata,West Bengal,East,Fashion,Jeans,4,2377.94,15.0,8085.0,Credit Card,Cancelled,881.03,3.2
ORD102614,2025-09-26,CUST1659,Customer_1285,Male,20,Ranchi,Jharkhand,East,Home & Kitchen,Air Fryer,2,12397.46,10.0,22315.43,Cash on Delivery,Returned,1863.0,3.8
ORD102615,2025-10-23,CUST1226,Customer_1701,Female,23,Gurugram,Haryana,North,Sports,Football,1,2721.44,0.0,2721.44,Credit Card,Delivered,390.57,4.7
ORD102616,2025-04-02,CUST1520,Customer_1252,Male,29,Jaipur,Rajasthan,North,Electronics,Tablet,4,22118.47,15.0,75202.8,UPI,Returned,6843.99,4.9
ORD102617,2025-12-17,CUST1656,Customer_1564,Female,26,Lucknow,Uttar Pradesh,North,Electronics,Smartphone,4,11186.94,5.0,42510.37,UPI,Delivered,7753.66,3.2
ORD102618,2025-07-07,CUST1539,Customer_1752,Male,25,Ahmedabad,Gujarat,West,Beauty,Moisturizer,1,797.04,15.0,677.48,Credit Card,Delivered,58.88,3.7
ORD102619,2025-06-01,CUST1105,Customer_1367,Female,39,Ahmedabad,Gujarat,West,Fashion,Jeans,5,2621.63,15.0,11141.93,Credit Card,Delivered,2175.09,4.4
ORD102620,2025-11-22,CUST1096,Customer_1197,Male,33,Bengaluru,Karnataka,South,Beauty,Shampoo,1,583.69,15.0,496.14,Net Banking,Delivered,74.24,3.8
ORD102621,2025-05-24,CUST1196,Customer_1290,Male,29,Chennai,Tamil Nadu,South,Electronics,Headphones,1,6997.72,10.0,6297.95,Credit Card,Delivered,1367.33,3.5
ORD102622,2025-11-29,CUST1491,Customer_1085,Male,32,Kochi,Kerala,South,Electronics,Smartphone,1,34809.19,20.0,27847.35,UPI,Delivered,5991.96,4.5
ORD102623,2025-02-14,CUST1623,Customer_1290,Female,27,Kolkata,West Bengal,East,Home & Kitchen,Air Fryer,3,11130.37,10.0,30052.0,Net Banking,Delivered,6500.76,3.8
ORD102624,2025-09-30,CUST1464,Customer_1796,Female,36,Panaji,Goa,West,Electronics,Laptop,1,38134.51,20.0,30507.61,Cash on Delivery,Shipped,4822.72,4.0
ORD102625,2025-08-23,CUST1417,Customer_1251,Male,32,Ludhiana,Punjab,North,Sports,Cricket Bat,1,7621.81,15.0,6478.54,Net Banking,Shipped,761.79,4.8
ORD102626,2025-01-13,CUST1698,Customer_1482,Male,18,Patna,Bihar,East,Home & Kitchen,Dining Set,2,15708.82,10.0,28275.88,UPI,Shipped,2045.68,4.4
ORD102627,2025-05-04,CUST1501,Customer_1668,Female,30,Patna,Bihar,East,Electronics,Headphones,1,5539.17,10.0,4985.25,UPI,Delivered,418.46,3.1
ORD102628,2025-07-18,CUST1753,Customer_1417,Male,36,Bhubaneswar,Odisha,East,Home & Kitchen,Dining Set,2,5890.62,5.0,11192.18,UPI,Delivered,2332.51,4.8
ORD102629,2025-01-27,CUST1025,Customer_1062,Male,34,Lucknow,Uttar Pradesh,North,Electronics,Smartphone,1,13012.76,15.0,11060.85,UPI,Delivered,1459.79,4.5
ORD102630,2025-05-19,CUST1511,Customer_1248,Female,34,Bhubaneswar,Odisha,East,Fashion,Jacket,1,4177.71,15.0,3551.05,UPI,Cancelled,372.54,5.0
ORD102631,2025-10-03,CUST1352,Customer_1182,Male,31,Gurugram,Haryana,North,Electronics,Laptop,1,39634.91,5.0,37653.16,Credit Card,Delivered,2847.55,3.0
ORD102632,2025-05-08,CUST1143,Customer_1404,Male,36,Patna,Bihar,East,Electronics,Smartwatch,1,11120.3,5.0,10564.28,Net Banking,Delivered,1353.34,4.4
ORD102633,2025-02-23,CUST1423,Customer_1698,Female,21,Ranchi,Jharkhand,East,Sports,Cricket Bat,1,4038.51,20.0,3230.81,Credit Card,Delivered,260.65,3.7
ORD102634,2025-04-13,CUST1723,Customer_1012,Male,18,Panaji,Goa,West,Fashion,Jacket,1,2256.57,10.0,2030.91,UPI,Delivered,361.24,4.4
ORD102635,2025-10-30,CUST1299,Customer_1426,Female,28,Ahmedabad,Gujarat,West,Beauty,Shampoo,1,311.09,20.0,248.87,Credit Card,Delivered,37.6,3.9
ORD102636,2025-05-01,CUST1086,Customer_1099,Female,34,Patna,Bihar,East,Fashion,T-Shirt,1,604.54,25.0,453.4,Debit Card,Shipped,28.22,4.0
ORD102637,2025-01-28,CUST1380,Customer_1799,Female,27,Ahmedabad,Gujarat,West,Home & Kitchen,Mixer Grinder,1,7222.52,20.0,5778.02,UPI,Delivered,750.1,4.3
ORD102638,2025-05-30,CUST1424,Customer_1702,Female,34,Ahmedabad,Gujarat,West,Fashion,Jeans,1,1437.32,10.0,1293.59,Debit Card,Delivered,210.33,4.4
ORD102639,2025-08-18,CUST1756,Customer_1530,Male,32,Bhubaneswar,Odisha,East,Home & Kitchen,Air Fryer,1,5219.08,5.0,4958.13,UPI,Delivered,374.7,5.0
ORD102640,2025-03-31,CUST1496,Customer_1661,Male,33,Panaji,Goa,West,Beauty,Shampoo,2,498.25,10.0,896.85,Cash on Delivery,Delivered,64.52,4.8
ORD102641,2025-06-25,CUST1354,Customer_1470,Male,42,Ludhiana,Punjab,North,Home & Kitchen,Bedsheet,1,1187.53,15.0,1009.4,UPI,Delivered,205.18,4.5
ORD102642,2025-10-26,CUST1151,Customer_1406,Male,27,Bengaluru,Karnataka,South,Fashion,Shoes,5,2985.65,10.0,13435.43,UPI,Delivered,2207.78,4.1
ORD102643,2025-11-08,CUST1128,Customer_1634,Male,44,Ludhiana,Punjab,North,Sports,Yoga Mat,4,1552.5,10.0,5589.0,UPI,Returned,714.75,3.7
ORD102644,2025-10-14,CUST1760,Customer_1767,Male,22,Patna,Bihar,East,Fashion,Jacket,3,3411.02,10.0,9209.75,Credit Card,Shipped,812.96,4.2
ORD102645,2025-02-28,CUST1606,Customer_1005,Male,41,Ahmedabad,Gujarat,West,Electronics,Tablet,2,23558.64,10.0,42405.55,Net Banking,Delivered,7610.34,4.9
ORD102646,2025-07-02,CUST1373,Customer_1726,Male,18,Kolkata,West Bengal,East,Fashion,Shoes,2,3788.57,15.0,6440.57,Credit Card,Delivered,414.4,4.3
ORD102647,2025-05-31,CUST1413,Customer_1541,Male,28,Lucknow,Uttar Pradesh,North,Sports,Yoga Mat,2,2363.59,5.0,4490.82,Credit Card,Delivered,604.16,5.0
ORD102648,2025-11-28,CUST1310,Customer_1701,Female,21,Gurugram,Haryana,North,Sports,Running Shoes,1,5107.69,10.0,4596.92,Cash on Delivery,Delivered,973.98,4.4
ORD102649,2025-05-20,CUST1371,Customer_1737,Female,35,Ranchi,Jharkhand,East,Fashion,Backpack,2,2721.03,20.0,4353.65,Debit Card,Delivered,445.13,3.1
ORD102650,2025-03-11,CUST1454,Customer_1267,Male,34,Gurugram,Haryana,North,Sports,Yoga Mat,1,956.01,10.0,860.41,Cash on Delivery,Delivered,99.46,3.5
ORD102651,2025-02-17,CUST1069,Customer_1262,Male,28,Kolkata,West Bengal,East,Beauty,Shampoo,3,915.49,0.0,2746.47,Credit Card,Delivered,437.85,3.5
ORD102652,2025-09-03,CUST1724,Customer_1363,Female,27,Bhubaneswar,Odisha,East,Sports,Cricket Bat,1,6783.62,0.0,6783.62,Credit Card,Shipped,414.85,4.5
ORD102653,2025-11-30,CUST1133,Customer_1054,Male,20,New Delhi,Delhi,North,Electronics,Smartwatch,2,6783.92,0.0,13567.84,Debit Card,Delivered,1184.24,5.0
ORD102654,2025-01-09,CUST1180,Customer_1698,Male,33,Patna,Bihar,East,Home & Kitchen,Air Fryer,4,12311.5,5.0,46783.7,Debit Card,Delivered,2852.69,3.2
ORD102655,2025-07-03,CUST1251,Customer_1291,Male,18,Ranchi,Jharkhand,East,Electronics,Smartwatch,2,11294.92,5.0,21460.35,UPI,Delivered,3811.85,3.8
ORD102656,2025-08-13,CUST1787,Customer_1232,Female,46,Gurugram,Haryana,North,Fashion,T-Shirt,2,961.34,15.0,1634.28,UPI,Delivered,135.06,2.9
ORD102657,2025-10-27,CUST1584,Customer_1196,Female,42,Jaipur,Rajasthan,North,Electronics,Laptop,1,41526.91,5.0,39450.56,Credit Card,Delivered,5556.88,3.5
ORD102658,2025-01-23,CUST1214,Customer_1129,Female,39,Ranchi,Jharkhand,East,Sports,Running Shoes,3,5960.48,5.0,16987.37,Credit Card,Delivered,2585.4,3.8
ORD102659,2025-01-12,CUST1055,Customer_1230,Female,35,Ahmedabad,Gujarat,West,Beauty,Perfume,1,1117.81,15.0,950.14,UPI,Shipped,123.89,3.3
ORD102660,2025-12-18,CUST1154,Customer_1338,Male,27,Hyderabad,Telangana,South,Home & Kitchen,Mixer Grinder,3,4159.43,10.0,11230.46,Credit Card,Delivered,930.48,3.4
ORD102661,2025-11-18,CUST1181,Customer_1349,Female,35,Panaji,Goa,West,Electronics,Tablet,1,19032.16,25.0,14274.12,UPI,Delivered,992.89,3.7
ORD102662,2025-05-09,CUST1364,Customer_1067,Male,39,Kolkata,West Bengal,East,Home & Kitchen,Air Fryer,1,10741.76,5.0,10204.67,UPI,Shipped,737.2,3.2
ORD102663,2025-07-09,CUST1487,Customer_1563,Female,38,Bhubaneswar,Odisha,East,Home & Kitchen,Mixer Grinder,1,8619.31,0.0,8619.31,Debit Card,Delivered,955.63,3.7
ORD102664,2025-08-02,CUST1488,Customer_1062,Female,23,New Delhi,Delhi,North,Electronics,Smartwatch,2,5368.48,15.0,9126.42,Credit Card,Delivered,839.22,4.1
ORD102665,2025-03-24,CUST1394,Customer_1015,Male,34,Ludhiana,Punjab,North,Home & Kitchen,Air Fryer,1,4201.88,20.0,3361.5,UPI,Delivered,724.23,3.1
ORD102666,2025-09-16,CUST1549,Customer_1286,Male,23,Bengaluru,Karnataka,South,Fashion,Backpack,1,1260.0,5.0,1197.0,UPI,Delivered,104.27,4.0
ORD102667,2025-02-03,CUST1358,Customer_1778,Male,18,Jaipur,Rajasthan,North,Fashion,Jacket,5,4920.44,20.0,19681.76,Credit Card,Delivered,1918.31,2.9
ORD102668,2025-10-11,CUST1345,Customer_1727,Female,23,Ranchi,Jharkhand,East,Fashion,Jeans,1,1699.36,0.0,1699.36,Credit Card,Cancelled,312.68,3.9
ORD102669,2025-12-29,CUST1038,Customer_1731,Male,30,Patna,Bihar,East,Sports,Running Shoes,3,8483.04,0.0,25449.12,Debit Card,Shipped,2475.35,3.2
ORD102670,2025-10-29,CUST1118,Customer_1737,Female,25,Lucknow,Uttar Pradesh,North,Beauty,Perfume,1,3150.01,0.0,3150.01,UPI,Delivered,394.43,4.4
ORD102671,2025-03-07,CUST1662,Customer_1679,Male,18,Jaipur,Rajasthan,North,Electronics,Tablet,1,41825.44,20.0,33460.35,Cash on Delivery,Delivered,5976.86,3.6
ORD102672,2025-04-26,CUST1409,Customer_1441,Male,21,Chennai,Tamil Nadu,South,Electronics,Tablet,1,48827.35,10.0,43944.61,UPI,Delivered,8075.22,3.3
ORD102673,2025-06-06,CUST1513,Customer_1212,Male,24,Mumbai,Maharashtra,West,Fashion,Jeans,4,2795.81,20.0,8946.59,Cash on Delivery,Returned,866.5,3.8
ORD102674,2025-05-29,CUST1288,Customer_1012,Female,28,Ahmedabad,Gujarat,West,Home & Kitchen,Mixer Grinder,1,3456.84,0.0,3456.84,Cash on Delivery,Delivered,524.06,3.6
ORD102675,2025-11-30,CUST1418,Customer_1301,Male,19,Kochi,Kerala,South,Electronics,Laptop,3,47993.3,15.0,122382.92,Debit Card,Cancelled,12609.33,3.9
ORD102676,2025-01-09,CUST1514,Customer_1293,Female,18,Lucknow,Uttar Pradesh,North,Beauty,Shampoo,1,919.85,10.0,827.87,UPI,Delivered,165.77,4.5
ORD102677,2025-04-07,CUST1249,Customer_1503,Female,39,Panaji,Goa,West,Sports,Football,1,2675.98,20.0,2140.78,UPI,Delivered,145.18,4.2
ORD102678,2025-12-03,CUST1201,Customer_1378,Male,30,Ranchi,Jharkhand,East,Sports,Yoga Mat,2,1990.69,15.0,3384.17,Credit Card,Delivered,207.73,3.9
ORD102679,2025-05-08,CUST1106,Customer_1416,Female,43,Mumbai,Maharashtra,West,Beauty,Perfume,1,1834.46,5.0,1742.74,Credit Card,Delivered,377.72,4.2
ORD102680,2025-05-12,CUST1416,Customer_1071,Female,33,Hyderabad,Telangana,South,Electronics,Smartphone,4,17546.29,0.0,70185.16,Debit Card,Delivered,5398.43,4.2
ORD102681,2025-04-10,CUST1149,Customer_1385,Male,33,Jaipur,Rajasthan,North,Home & Kitchen,Dining Set,1,8413.09,0.0,8413.09,Cash on Delivery,Delivered,1486.87,4.2
ORD102682,2025-05-19,CUST1792,Customer_1024,Male,39,Ahmedabad,Gujarat,West,Electronics,Smartwatch,5,2896.1,20.0,11584.4,Credit Card,Delivered,1883.88,4.2
ORD102683,2025-02-18,CUST1610,Customer_1293,Male,27,Bhubaneswar,Odisha,East,Sports,Yoga Mat,2,2318.62,0.0,4637.24,UPI,Delivered,715.44,4.3
ORD102684,2025-12-09,CUST1004,Customer_1469,Male,39,Jaipur,Rajasthan,North,Beauty,Makeup Kit,1,3513.73,25.0,2635.3,Credit Card,Delivered,349.98,3.4
ORD102685,2025-06-05,CUST1117,Customer_1450,Female,19,Lucknow,Uttar Pradesh,North,Fashion,T-Shirt,4,842.31,0.0,3369.24,Credit Card,Delivered,686.87,4.6
ORD102686,2025-12-13,CUST1779,Customer_1115,Male,30,Gurugram,Haryana,North,Fashion,Jacket,2,3826.73,5.0,7270.79,Debit Card,Cancelled,1165.45,4.6
ORD102687,2025-02-26,CUST1457,Customer_1311,Female,39,Patna,Bihar,East,Home & Kitchen,Cookware Set,4,7777.02,5.0,29552.68,UPI,Delivered,4277.69,3.7
ORD102688,2025-03-28,CUST1464,Customer_1498,Female,49,Jaipur,Rajasthan,North,Sports,Dumbbells,1,3329.65,10.0,2996.68,Cash on Delivery,Shipped,314.14,4.2
ORD102689,2025-07-04,CUST1423,Customer_1728,Female,42,Panaji,Goa,West,Home & Kitchen,Air Fryer,1,10996.6,15.0,9347.11,Debit Card,Delivered,595.08,3.6
ORD102690,2025-09-05,CUST1309,Customer_1373,Male,33,Patna,Bihar,East,Beauty,Perfume,1,3813.72,10.0,3432.35,Debit Card,Delivered,626.13,3.9
ORD102691,2025-08-04,CUST1401,Customer_1290,Female,31,Panaji,Goa,West,Sports,Running Shoes,1,3301.93,5.0,3136.83,Debit Card,Delivered,572.58,3.6
ORD102692,2025-10-09,CUST1697,Customer_1666,Male,18,Jaipur,Rajasthan,North,Electronics,Smartwatch,1,12272.9,10.0,11045.61,Net Banking,Delivered,1698.68,
ORD102693,2025-03-05,CUST1096,Customer_1666,Female,40,Hyderabad,Telangana,South,Sports,Running Shoes,1,8684.97,20.0,6947.98,Debit Card,Delivered,679.48,4.6
ORD102694,2025-12-16,CUST1640,Customer_1190,Female,28,Jaipur,Rajasthan,North,Home & Kitchen,Air Fryer,3,5818.18,20.0,13963.63,Net Banking,Delivered,1709.23,2.9
ORD102695,2025-04-01,CUST1741,Customer_1539,Female,33,Bhubaneswar,Odisha,East,Fashion,Jeans,3,2536.15,5.0,7228.03,UPI,Delivered,973.68,3.9
ORD102696,2025-05-20,CUST1690,Customer_1504,Female,37,Ahmedabad,Gujarat,West,Fashion,Jacket,2,5674.05,10.0,10213.29,UPI,Delivered,2001.29,4.1
ORD102697,2025-03-20,CUST1791,Customer_1127,Male,21,Kochi,Kerala,South,Fashion,T-Shirt,3,1740.42,5.0,4960.2,Credit Card,Delivered,386.49,3.1
ORD102698,2025-10-07,CUST1085,Customer_1359,Female,19,Lucknow,Uttar Pradesh,North,Electronics,Smartphone,1,44817.73,10.0,40335.96,Credit Card,Delivered,7504.99,3.1
ORD102699,2025-10-11,CUST1113,Customer_1373,Female,35,Mumbai,Maharashtra,West,Sports,Yoga Mat,2,1828.28,0.0,3656.56,Net Banking,Delivered,608.37,3.2
ORD102700,2025-12-24,CUST1296,Customer_1234,Female,34,Jaipur,Rajasthan,North,Sports,Football,1,1684.17,0.0,1684.17,Net Banking,Delivered,299.84,3.9
ORD102701,2025-10-17,CUST1433,Customer_1741,Female,26,New Delhi,Delhi,North,Electronics,Smartphone,1,24631.54,15.0,20936.81,Net Banking,Delivered,3405.84,4.8
ORD102702,2025-11-14,CUST1410,Customer_1142,Female,32,Ranchi,Jharkhand,East,Electronics,Laptop,1,78383.35,20.0,62706.68,UPI,Returned,11320.48,4.5
ORD102703,2025-02-06,CUST1547,Customer_1646,Female,48,Bhubaneswar,Odisha,East,Electronics,Laptop,3,50542.57,5.0,144046.32,Cash on Delivery,Cancelled,31603.68,3.9
ORD102704,2025-03-29,CUST1334,Customer_1664,Male,18,New Delhi,Delhi,North,Fashion,Shoes,3,1724.56,15.0,4397.63,Cash on Delivery,Delivered,682.07,4.3
ORD102705,2025-07-08,CUST1247,Customer_1769,Female,29,Panaji,Goa,West,Electronics,Smartphone,1,12271.94,0.0,12271.94,Debit Card,Delivered,2106.16,3.9
ORD102706,2025-09-23,CUST1140,Customer_1628,Male,32,Lucknow,Uttar Pradesh,North,Electronics,Headphones,1,4792.49,15.0,4073.62,UPI,Delivered,252.39,3.9
ORD102707,2025-04-14,CUST1624,Customer_1132,Male,18,Bengaluru,Karnataka,South,Beauty,Moisturizer,3,918.38,10.0,2479.63,Credit Card,Returned,161.9,4.7
ORD102708,2025-02-05,CUST1383,Customer_1174,Male,31,Ahmedabad,Gujarat,West,Sports,Dumbbells,1,4587.9,5.0,4358.5,Credit Card,Delivered,824.13,5.0
ORD102709,2025-12-09,CUST1665,Customer_1044,Male,18,Ludhiana,Punjab,North,Electronics,Headphones,1,4864.3,10.0,4377.87,UPI,Delivered,583.51,4.6
ORD102710,2025-12-20,CUST1072,Customer_1352,Female,18,Kolkata,West Bengal,East,Electronics,Smartwatch,1,9169.44,0.0,9169.44,Cash on Delivery,Delivered,1642.29,4.7
ORD102711,2025-09-12,CUST1677,Customer_1200,Female,35,Ahmedabad,Gujarat,West,Beauty,Moisturizer,2,849.84,20.0,1359.74,UPI,Delivered,151.95,3.9
ORD102712,2025-09-17,CUST1369,Customer_1210,Male,23,Kolkata,West Bengal,East,Beauty,Shampoo,1,393.45,15.0,334.43,Debit Card,Delivered,29.41,4.2
ORD102713,2025-09-24,CUST1043,Customer_1653,Male,29,Hyderabad,Telangana,South,Beauty,Shampoo,1,877.64,15.0,745.99,Net Banking,Delivered,87.25,3.4
ORD102714,2025-01-22,CUST1606,Customer_1357,Male,18,Panaji,Goa,West,Electronics,Smartwatch,1,4834.68,15.0,4109.48,Credit Card,Delivered,337.49,3.7
ORD102715,2025-06-07,CUST1013,Customer_1186,Male,48,Mumbai,Maharashtra,West,Fashion,Backpack,2,1057.78,25.0,1586.67,UPI,Shipped,298.11,4.5
ORD102716,2025-09-27,CUST1292,Customer_1264,Male,24,Gurugram,Haryana,North,Electronics,Headphones,1,3296.42,10.0,2966.78,UPI,Delivered,570.3,4.1
ORD102717,2025-12-17,CUST1451,Customer_1269,Male,34,Gurugram,Haryana,North,Electronics,Laptop,1,88975.24,5.0,84526.48,Debit Card,Delivered,8843.53,2.5
ORD102718,2025-12-09,CUST1331,Customer_1440,Female,34,Bhubaneswar,Odisha,East,Beauty,Makeup Kit,1,896.14,10.0,806.53,Net Banking,Returned,115.7,5.0
ORD102719,2025-07-22,CUST1346,Customer_1015,Female,32,Kochi,Kerala,South,Home & Kitchen,Dining Set,1,7824.9,20.0,6259.92,Credit Card,Returned,1153.48,4.1
ORD102720,2025-09-24,CUST1730,Customer_1338,Male,42,Gurugram,Haryana,North,Home & Kitchen,Dining Set,1,15611.6,10.0,14050.44,Credit Card,Delivered,1434.83,4.3
ORD102721,2025-10-07,CUST1760,Customer_1556,Male,31,Kochi,Kerala,South,Electronics,Smartphone,3,57517.78,5.0,163925.67,Credit Card,Shipped,18629.97,4.0
ORD102722,2025-06-24,CUST1648,Customer_1619,Male,24,Ranchi,Jharkhand,East,Sports,Football,1,875.34,10.0,787.81,Cash on Delivery,Delivered,157.25,3.2
ORD102723,2025-11-01,CUST1253,Customer_1502,Male,18,Ahmedabad,Gujarat,West,Beauty,Makeup Kit,1,2164.22,20.0,1731.38,Credit Card,Delivered,344.59,3.8
ORD102724,2025-04-23,CUST1105,Customer_1371,Female,33,Ludhiana,Punjab,North,Fashion,Shoes,1,2725.61,15.0,2316.77,UPI,Delivered,432.93,3.5
ORD102725,2025-10-21,CUST1144,Customer_1209,Male,25,Patna,Bihar,East,Fashion,T-Shirt,4,1523.61,15.0,5180.27,Debit Card,Returned,888.62,4.7
ORD102726,2025-07-31,CUST1251,Customer_1739,Male,50,Bhubaneswar,Odisha,East,Electronics,Smartphone,1,14990.22,5.0,14240.71,Credit Card,Cancelled,2477.65,3.7
ORD102727,2025-10-29,CUST1136,Customer_1333,Male,32,Hyderabad,Telangana,South,Sports,Cricket Bat,1,4008.26,10.0,3607.43,UPI,Delivered,621.25,4.2
ORD102728,2025-06-13,CUST1104,Customer_1130,Female,18,Ranchi,Jharkhand,East,Beauty,Perfume,1,2415.04,5.0,2294.29,Credit Card,Delivered,441.78,3.3
ORD102729,2025-09-11,CUST1145,Customer_1317,Female,28,Patna,Bihar,East,Home & Kitchen,Mixer Grinder,2,3441.39,10.0,6194.5,Credit Card,Delivered,909.76,2.5
ORD102730,2025-07-29,CUST1704,Customer_1300,Female,31,New Delhi,Delhi,North,Fashion,Jeans,1,2121.09,5.0,2015.04,Credit Card,Shipped,406.44,4.1
ORD102731,2025-11-09,CUST1791,Customer_1288,Other,20,Chennai,Tamil Nadu,South,Sports,Football,2,2699.58,10.0,4859.24,Credit Card,Shipped,853.46,3.3
ORD102732,2025-11-05,CUST1033,Customer_1501,Male,38,New Delhi,Delhi,North,Electronics,Smartphone,1,11022.37,5.0,10471.25,Credit Card,Delivered,1671.47,4.0
ORD102733,2025-04-15,CUST1719,Customer_1552,Female,23,New Delhi,Delhi,North,Electronics,Smartphone,1,59823.33,10.0,53841.0,UPI,Returned,3276.57,5.0
ORD102734,2025-03-17,CUST1794,Customer_1593,Female,37,Jaipur,Rajasthan,North,Home & Kitchen,Dining Set,2,4155.7,10.0,7480.26,UPI,Delivered,710.95,4.6
ORD102735,2025-12-11,CUST1058,Customer_1072,Male,25,Ranchi,Jharkhand,East,Electronics,Smartwatch,1,7875.62,10.0,7088.06,UPI,Delivered,1373.25,4.6
ORD102736,2025-04-10,CUST1255,Customer_1179,Male,30,Jaipur,Rajasthan,North,Electronics,Smartphone,2,22705.12,20.0,36328.19,Cash on Delivery,Delivered,7145.57,4.6
ORD102737,2025-10-24,CUST1253,Customer_1371,Male,29,Mumbai,Maharashtra,West,Home & Kitchen,Air Fryer,1,9750.71,15.0,8288.1,UPI,Shipped,630.41,3.3
ORD102738,2025-01-11,CUST1706,Customer_1736,Male,25,Panaji,Goa,West,Home & Kitchen,Cookware Set,1,2253.43,10.0,2028.09,UPI,Returned,253.52,4.5
ORD102739,2025-08-04,CUST1289,Customer_1462,Female,25,Gurugram,Haryana,North,Beauty,Shampoo,4,882.94,20.0,2825.41,Debit Card,Delivered,287.55,4.2
ORD102740,2025-05-16,CUST1285,Customer_1013,Male,39,Bengaluru,Karnataka,South,Beauty,Moisturizer,5,1571.53,10.0,7071.89,Cash on Delivery,Delivered,680.78,4.2
ORD102741,2025-07-24,CUST1760,Customer_1771,Female,46,Jaipur,Rajasthan,North,Fashion,Backpack,1,943.29,0.0,943.29,UPI,Delivered,121.23,3.2
ORD102742,2025-01-03,CUST1237,Customer_1181,Male,48,Bengaluru,Karnataka,South,Home & Kitchen,Mixer Grinder,1,8765.22,20.0,7012.18,Cash on Delivery,Delivered,1232.31,4.6
ORD102743,2025-07-18,CUST1429,Customer_1752,Male,32,Bengaluru,Karnataka,South,Electronics,Smartphone,1,18021.88,10.0,16219.69,UPI,Delivered,3366.86,4.5
ORD102744,2025-05-12,CUST1497,Customer_1799,Male,29,Ahmedabad,Gujarat,West,Electronics,Smartphone,2,57823.9,20.0,92518.24,Net Banking,Delivered,19818.93,3.4
ORD102745,2025-01-15,CUST1640,Customer_1167,Male,43,Ranchi,Jharkhand,East,Sports,Dumbbells,2,2143.32,5.0,4072.31,UPI,Cancelled,730.76,3.9
ORD102746,2025-07-27,CUST1549,Customer_1388,Male,31,Bhubaneswar,Odisha,East,Home & Kitchen,Air Fryer,1,11518.7,5.0,10942.76,Net Banking,Delivered,756.97,5.0
ORD102747,2025-09-03,CUST1031,Customer_1695,Male,33,Bhubaneswar,Odisha,East,Sports,Yoga Mat,1,764.08,10.0,687.67,Cash on Delivery,Delivered,99.63,3.8
ORD102748,2025-12-05,CUST1129,Customer_1483,Female,34,Hyderabad,Telangana,South,Fashion,Shoes,1,6452.57,10.0,5807.31,UPI,Delivered,986.14,5.0
ORD102749,2025-11-18,CUST1740,Customer_1200,Male,29,Panaji,Goa,West,Sports,Dumbbells,1,1293.28,5.0,1228.62,Debit Card,Delivered,231.11,3.3
ORD102750,2025-02-10,CUST1498,Customer_1472,Male,38,Hyderabad,Telangana,South,Fashion,Shoes,1,3570.05,15.0,3034.54,Net Banking,Delivered,413.08,3.1
ORD102751,2025-08-08,CUST1779,Customer_1757,Female,30,Bengaluru,Karnataka,South,Fashion,Jacket,3,3935.2,20.0,9444.48,Debit Card,Delivered,1210.82,3.6
ORD102752,2025-02-03,CUST1022,Customer_1653,Female,43,Panaji,Goa,West,Sports,Dumbbells,1,2561.09,20.0,2048.87,Net Banking,Delivered,285.94,4.6
ORD102753,2025-09-22,CUST1406,Customer_1686,Female,29,Ahmedabad,Gujarat,West,Beauty,Shampoo,1,740.85,20.0,592.68,UPI,Delivered,117.77,3.6
ORD102754,2025-05-08,CUST1670,Customer_1329,Male,44,Gurugram,Haryana,North,Fashion,Jacket,1,1681.6,10.0,1513.44,Debit Card,Shipped,130.4,3.1
ORD102755,2025-10-23,CUST1406,Customer_1715,Male,21,Panaji,Goa,West,Electronics,Smartwatch,3,7080.79,0.0,21242.37,Debit Card,Delivered,2274.62,4.5
ORD102756,2025-05-31,CUST1375,Customer_1315,Male,39,Hyderabad,Telangana,South,Electronics,Laptop,1,36139.86,10.0,32525.87,Credit Card,Returned,5515.46,3.6
ORD102757,2025-12-13,CUST1492,Customer_1789,Male,18,Chennai,Tamil Nadu,South,Beauty,Shampoo,1,256.01,15.0,217.61,UPI,Delivered,41.32,4.9
ORD102758,2025-10-08,CUST1608,Customer_1057,Male,31,New Delhi,Delhi,North,Fashion,Backpack,2,1679.89,5.0,3191.79,Debit Card,Delivered,474.92,4.9
ORD102759,2025-09-03,CUST1472,Customer_1591,Female,34,Ludhiana,Punjab,North,Fashion,Shoes,2,2911.74,20.0,4658.78,UPI,Delivered,744.63,3.7
ORD102760,2025-06-19,CUST1149,Customer_1374,Male,37,Mumbai,Maharashtra,West,Home & Kitchen,Air Fryer,1,5484.08,5.0,5209.88,Credit Card,Delivered,881.45,3.5
ORD102761,2025-06-04,CUST1782,Customer_1402,Male,32,Panaji,Goa,West,Home & Kitchen,Bedsheet,4,1775.19,5.0,6745.72,UPI,Delivered,829.8,3.4
ORD102762,2025-01-01,CUST1229,Customer_1725,Female,24,New Delhi,Delhi,North,Home & Kitchen,Air Fryer,1,5039.64,0.0,5039.64,Credit Card,Cancelled,412.42,4.5
ORD102763,2025-03-15,CUST1355,Customer_1262,Female,24,Gurugram,Haryana,North,Home & Kitchen,Dining Set,1,6227.47,15.0,5293.35,Cash on Delivery,Delivered,1083.76,5.0
ORD102764,2025-02-22,CUST1226,Customer_1714,Female,31,Jaipur,Rajasthan,North,Fashion,Jeans,1,2270.84,5.0,2157.3,Credit Card,Cancelled,306.65,4.6
ORD102765,2025-08-27,CUST1034,Customer_1324,Male,51,Panaji,Goa,West,Electronics,Laptop,3,65909.34,15.0,168068.82,Net Banking,Delivered,27533.83,3.7
ORD102766,2025-05-31,CUST1686,Customer_1470,Female,20,Gurugram,Haryana,North,Fashion,T-Shirt,1,485.82,10.0,437.24,UPI,Delivered,42.16,4.4
ORD102767,2025-11-06,CUST1309,Customer_1669,Male,18,Chennai,Tamil Nadu,South,Sports,Football,1,2089.76,15.0,1776.3,UPI,Delivered,211.91,4.9
ORD102768,2025-10-18,CUST1701,Customer_1504,Male,30,Mumbai,Maharashtra,West,Beauty,Shampoo,4,830.66,5.0,3156.51,UPI,Returned,474.47,4.7
ORD102769,2025-10-25,CUST1014,Customer_1116,Male,31,Ludhiana,Punjab,North,Sports,Cricket Bat,2,7412.2,10.0,13341.96,UPI,Delivered,1685.17,3.8
ORD102770,2025-06-27,CUST1462,Customer_1269,Male,25,Ahmedabad,Gujarat,West,Electronics,Laptop,1,50619.1,20.0,40495.28,Net Banking,Delivered,4419.95,3.7
ORD102771,2025-06-27,CUST1476,Customer_1465,Male,31,New Delhi,Delhi,North,Fashion,T-Shirt,3,884.5,15.0,2255.47,Credit Card,Shipped,330.03,3.6
ORD102772,2025-10-22,CUST1665,Customer_1475,Female,18,Chennai,Tamil Nadu,South,Fashion,Backpack,2,3187.64,10.0,5737.75,UPI,Delivered,550.56,3.8
ORD102773,2025-08-12,CUST1665,Customer_1289,Female,27,Bhubaneswar,Odisha,East,Electronics,Tablet,1,41398.52,20.0,33118.82,Net Banking,Delivered,5616.78,4.0
ORD102774,2025-06-27,CUST1490,Customer_1437,Female,21,Jaipur,Rajasthan,North,Fashion,Backpack,3,1374.09,10.0,3710.04,UPI,Delivered,264.19,4.7
ORD102775,2025-01-29,CUST1546,Customer_1010,Male,30,New Delhi,Delhi,North,Sports,Yoga Mat,1,1685.42,10.0,1516.88,Net Banking,Delivered,178.18,2.1
ORD102776,2025-07-27,CUST1314,Customer_1404,Female,38,Mumbai,Maharashtra,West,Fashion,Jeans,1,1178.03,10.0,1060.23,Net Banking,Delivered,194.53,3.8
ORD102777,2025-11-29,CUST1547,Customer_1401,Male,33,Panaji,Goa,West,Electronics,Smartphone,2,46253.76,0.0,92507.52,Net Banking,Delivered,16393.28,3.9
ORD102778,2025-05-04,CUST1271,Customer_1058,Male,28,Bengaluru,Karnataka,South,Fashion,T-Shirt,1,419.51,10.0,377.56,Net Banking,Delivered,26.46,4.0
ORD102779,2025-02-01,CUST1374,Customer_1024,Male,23,Ludhiana,Punjab,North,Electronics,Smartphone,1,14343.57,10.0,12909.21,Credit Card,Delivered,1424.56,5.0
ORD102780,2025-01-13,CUST1631,Customer_1212,Female,35,Mumbai,Maharashtra,West,Fashion,Backpack,4,2747.24,15.0,9340.62,UPI,Delivered,974.95,2.9
ORD102781,2025-06-17,CUST1558,Customer_1735,Female,22,Ahmedabad,Gujarat,West,Electronics,Tablet,2,28133.8,15.0,47827.46,Net Banking,Delivered,8583.55,3.7
ORD102782,2025-09-14,CUST1210,Customer_1758,Male,32,Lucknow,Uttar Pradesh,North,Home & Kitchen,Bedsheet,1,1938.85,20.0,1551.08,Credit Card,Delivered,233.61,4.5
ORD102783,2025-08-13,CUST1389,Customer_1185,Female,18,Mumbai,Maharashtra,West,Fashion,Jacket,2,3286.5,5.0,6244.35,UPI,Cancelled,988.21,4.5
ORD102784,2025-09-18,CUST1160,Customer_1309,Female,41,Mumbai,Maharashtra,West,Electronics,Smartphone,1,27167.66,10.0,24450.89,Credit Card,Delivered,4035.56,3.5
ORD102785,2025-10-14,CUST1738,Customer_1781,Male,30,Patna,Bihar,East,Home & Kitchen,Cookware Set,1,1861.11,0.0,1861.11,UPI,Delivered,244.56,3.8
ORD102786,2025-06-29,CUST1396,Customer_1001,Female,44,Gurugram,Haryana,North,Sports,Running Shoes,2,6576.08,0.0,13152.16,Credit Card,Returned,2177.4,3.5
ORD102787,2025-03-04,CUST1015,Customer_1798,Male,19,Lucknow,Uttar Pradesh,North,Electronics,Smartphone,3,44761.23,0.0,134283.69,UPI,Shipped,14736.03,4.8
ORD102788,2025-10-11,CUST1025,Customer_1449,Female,18,Lucknow,Uttar Pradesh,North,Home & Kitchen,Mixer Grinder,4,4775.23,10.0,17190.83,UPI,Cancelled,3286.22,4.8
ORD102789,2025-06-22,CUST1021,Customer_1109,Male,27,Kolkata,West Bengal,East,Sports,Cricket Bat,4,4196.74,5.0,15947.61,Credit Card,Shipped,1108.67,4.6
ORD102790,2025-08-24,CUST1500,Customer_1285,Male,31,Hyderabad,Telangana,South,Electronics,Headphones,1,2084.91,10.0,1876.42,UPI,Delivered,315.25,3.4
ORD102791,2025-09-30,CUST1024,Customer_1583,Male,28,Panaji,Goa,West,Sports,Yoga Mat,2,1228.94,0.0,2457.88,UPI,Delivered,264.47,4.0
ORD102792,2025-11-25,CUST1185,Customer_1767,Female,31,Gurugram,Haryana,North,Fashion,Shoes,5,1846.31,25.0,6923.66,Credit Card,Delivered,598.96,4.4
ORD102793,2025-04-22,CUST1681,Customer_1616,Male,37,Gurugram,Haryana,North,Electronics,Tablet,5,37801.77,15.0,160657.52,Debit Card,Delivered,14582.57,4.5
ORD102794,2025-06-01,CUST1461,Customer_1376,Female,31,Kolkata,West Bengal,East,Fashion,Jeans,4,2038.59,,7746.64,UPI,Delivered,538.51,3.5
ORD102795,2025-09-08,CUST1314,Customer_1225,Female,18,Gurugram,Haryana,North,Electronics,Laptop,1,35192.39,20.0,28153.91,UPI,Delivered,2840.99,4.1
ORD102796,2025-07-17,CUST1618,Customer_1756,Male,22,Jaipur,Rajasthan,North,Electronics,Smartwatch,1,8749.32,15.0,7436.92,UPI,Delivered,1349.52,4.6
ORD102797,2025-12-01,CUST1562,Customer_1693,Female,35,Bengaluru,Karnataka,South,Fashion,Shoes,2,4051.07,10.0,7291.93,UPI,Shipped,1051.84,4.0
ORD102798,2025-09-09,CUST1248,Customer_1154,Female,21,New Delhi,Delhi,North,Beauty,Makeup Kit,3,1179.58,15.0,3007.93,Cash on Delivery,Delivered,513.62,5.0
ORD102799,2025-05-20,CUST1580,Customer_1580,Female,37,Hyderabad,Telangana,South,Home & Kitchen,Cookware Set,1,3169.05,20.0,2535.24,UPI,Delivered,552.37,4.1
ORD102800,2025-01-24,CUST1300,Customer_1628,Female,27,Panaji,Goa,West,Beauty,Shampoo,1,922.92,10.0,830.63,UPI,Delivered,114.74,5.0
ORD102801,2025-06-10,CUST1105,Customer_1092,Female,35,Ranchi,Jharkhand,East,Electronics,Laptop,1,44074.35,25.0,33055.76,Net Banking,Returned,4437.46,3.5
ORD102802,2025-07-10,CUST1727,Customer_1221,Female,43,Ahmedabad,Gujarat,West,Electronics,Laptop,1,51738.95,15.0,43978.11,Debit Card,Delivered,8832.14,4.6
ORD102803,2025-06-13,CUST1628,Customer_1525,Male,31,Jaipur,Rajasthan,North,Electronics,Headphones,3,2332.32,10.0,6297.26,UPI,Delivered,909.59,4.2
ORD102804,2025-12-03,CUST1319,Customer_1760,Female,31,Kolkata,West Bengal,East,Electronics,Smartwatch,2,2924.13,10.0,5263.43,UPI,Delivered,900.45,5.0
ORD102805,2025-03-08,CUST1593,Customer_1077,Female,20,Mumbai,Maharashtra,West,Beauty,Moisturizer,5,1273.39,15.0,5411.91,Credit Card,Shipped,1052.79,5.0
ORD102806,2025-05-23,CUST1145,Customer_1774,Female,31,Patna,Bihar,East,Home & Kitchen,Bedsheet,1,1385.1,10.0,1246.59,UPI,Delivered,233.23,3.4
ORD102807,2025-05-05,CUST1291,Customer_1434,Male,43,Jaipur,Rajasthan,North,Electronics,Tablet,1,30948.46,15.0,26306.19,UPI,Delivered,2885.46,3.4
ORD102808,2025-09-13,CUST1680,Customer_1120,Female,21,Bengaluru,Karnataka,South,Fashion,Jeans,3,2156.62,20.0,5175.89,Credit Card,Delivered,958.95,4.6
ORD102809,2025-04-17,CUST1635,Customer_1585,Female,53,Mumbai,Maharashtra,West,Sports,Running Shoes,2,5293.47,5.0,10057.59,Credit Card,Delivered,1982.46,2.7
ORD102810,2025-07-26,CUST1494,Customer_1419,Male,21,Ludhiana,Punjab,North,Electronics,Laptop,1,38470.41,0.0,38470.41,Credit Card,Delivered,5042.19,4.1
ORD102811,2025-09-11,CUST1611,Customer_1446,Male,18,Lucknow,Uttar Pradesh,North,Fashion,Shoes,2,3210.86,10.0,5779.55,UPI,Delivered,867.25,3.9
ORD102812,2025-04-09,CUST1235,Customer_1702,Male,27,Patna,Bihar,East,Electronics,Laptop,2,81769.01,15.0,139007.32,Cash on Delivery,Delivered,20406.38,3.2
ORD102813,2025-09-17,CUST1503,Customer_1592,Female,34,Kolkata,West Bengal,East,Fashion,Shoes,2,5769.76,0.0,11539.52,Net Banking,Delivered,832.47,4.3
ORD102814,2025-05-29,CUST1378,Customer_1087,Female,19,Kochi,Kerala,South,Sports,Football,5,2933.1,15.0,12465.67,Credit Card,Delivered,969.45,3.2
ORD102815,2025-07-15,CUST1632,Customer_1242,Male,28,Ahmedabad,Gujarat,West,Fashion,T-Shirt,3,1219.44,10.0,3292.49,UPI,Delivered,552.27,5.0
ORD102816,2025-09-20,CUST1709,Customer_1186,Female,39,Bengaluru,Karnataka,South,Home & Kitchen,Mixer Grinder,1,4148.29,5.0,3940.88,UPI,Delivered,753.78,
ORD102817,2025-02-26,CUST1189,Customer_1550,Female,20,Chennai,Tamil Nadu,South,Electronics,Headphones,1,6533.25,15.0,5553.26,UPI,Delivered,501.66,2.6
ORD102818,2025-04-20,CUST1613,Customer_1150,Male,32,Bengaluru,Karnataka,South,Home & Kitchen,Bedsheet,1,1188.42,10.0,1069.58,Cash on Delivery,Shipped,185.3,3.8
ORD102819,2025-07-21,CUST1436,Customer_1321,Male,18,Ranchi,Jharkhand,East,Electronics,Laptop,1,87436.22,20.0,69948.98,UPI,Delivered,5470.96,4.2
ORD102820,2025-10-27,CUST1158,Customer_1104,Male,31,Chennai,Tamil Nadu,South,Sports,Yoga Mat,1,1635.5,20.0,1308.4,Net Banking,Delivered,204.14,1.7
ORD102821,2025-05-19,CUST1776,Customer_1316,Male,24,Gurugram,Haryana,North,Fashion,Jeans,2,2804.54,25.0,4206.81,UPI,Delivered,596.73,4.4
ORD102822,2025-06-13,CUST1742,Customer_1718,Female,36,Gurugram,Haryana,North,Sports,Cricket Bat,4,7700.4,5.0,29261.52,UPI,Cancelled,5540.85,5.0
ORD102823,2025-04-07,CUST1098,Customer_1461,Female,50,Lucknow,Uttar Pradesh,North,Beauty,Moisturizer,1,1143.69,15.0,972.14,Credit Card,Delivered,188.81,3.8
ORD102824,2025-05-19,CUST1221,Customer_1069,Female,29,Mumbai,Maharashtra,West,Electronics,Laptop,4,75649.02,15.0,257206.67,UPI,Delivered,28107.5,3.4
ORD102825,2025-07-27,CUST1638,Customer_1635,Male,25,Panaji,Goa,West,Electronics,Smartwatch,1,9861.55,5.0,9368.47,Credit Card,Delivered,744.87,2.9
ORD102826,2025-02-24,CUST1047,Customer_1746,Female,29,Kochi,Kerala,South,Electronics,Tablet,2,38418.99,20.0,61470.38,Credit Card,Cancelled,10241.9,5.0
ORD102827,2025-03-19,CUST1638,Customer_1189,Female,46,Jaipur,Rajasthan,North,Sports,Yoga Mat,2,919.21,20.0,1470.74,Credit Card,Delivered,312.16,3.8
ORD102828,2025-01-11,CUST1741,Customer_1638,Male,26,Bengaluru,Karnataka,South,Home & Kitchen,Air Fryer,1,12193.45,5.0,11583.78,Debit Card,Delivered,1074.56,4.1
ORD102829,2025-12-17,CUST1101,Customer_1593,Male,23,Patna,Bihar,East,Electronics,Headphones,2,3709.91,0.0,7419.82,Debit Card,Cancelled,1442.02,5.0
ORD102830,2025-07-25,CUST1605,Customer_1730,Female,32,Patna,Bihar,East,Beauty,Shampoo,2,1132.72,10.0,2038.9,UPI,Delivered,362.62,4.3
ORD102831,2025-04-23,CUST1731,Customer_1537,Female,38,Kolkata,West Bengal,East,Sports,Running Shoes,2,7394.52,0.0,14789.04,UPI,Returned,2263.4,3.9
ORD102832,2025-04-13,CUST1630,Customer_1755,Female,30,Mumbai,Maharashtra,West,Beauty,Face Wash,1,278.79,15.0,236.97,Credit Card,Delivered,36.72,3.6
ORD102833,2025-09-03,CUST1272,Customer_1400,Male,24,Bengaluru,Karnataka,South,Electronics,Smartwatch,2,8897.14,15.0,15125.14,Cash on Delivery,Delivered,2403.82,4.5
ORD102834,2025-09-05,CUST1288,Customer_1254,Female,18,Patna,Bihar,East,Home & Kitchen,Mixer Grinder,1,7164.97,0.0,7164.97,UPI,Delivered,895.21,4.7
ORD102835,2025-02-01,CUST1681,Customer_1288,Male,22,Panaji,Goa,West,Fashion,Backpack,1,1157.31,15.0,983.71,Cash on Delivery,Delivered,105.01,3.4
ORD102836,2025-09-22,CUST1325,Customer_1555,Female,26,Chennai,Tamil Nadu,South,Home & Kitchen,Air Fryer,1,12052.69,5.0,11450.06,Net Banking,Returned,1279.23,4.2
ORD102837,2025-11-29,CUST1153,Customer_1553,Male,43,Chennai,Tamil Nadu,South,Fashion,Jacket,2,5320.87,20.0,8513.39,Cash on Delivery,Delivered,1169.25,2.5
ORD102838,2025-02-07,CUST1262,Customer_1446,Male,31,Patna,Bihar,East,Sports,Football,3,2228.27,10.0,6016.33,UPI,Cancelled,983.92,3.6
ORD102839,2025-06-24,CUST1765,Customer_1250,Female,38,Jaipur,Rajasthan,North,Electronics,Laptop,1,62546.41,5.0,59419.09,UPI,Delivered,9001.13,5.0
ORD102840,2025-10-12,CUST1073,Customer_1079,Female,34,Chennai,Tamil Nadu,South,Fashion,Shoes,1,2626.53,15.0,2232.55,Debit Card,Delivered,352.17,3.1
ORD102841,2025-06-06,CUST1530,Customer_1220,Female,30,Hyderabad,Telangana,South,Beauty,Makeup Kit,1,2267.75,15.0,1927.59,UPI,Delivered,267.4,4.5
ORD102842,2025-02-11,CUST1316,Customer_1638,Male,26,New Delhi,Delhi,North,Home & Kitchen,Air Fryer,1,14461.69,15.0,12292.44,Credit Card,Delivered,1642.39,3.9
ORD102843,2025-05-10,CUST1285,Customer_1317,Male,34,Ranchi,Jharkhand,East,Electronics,Tablet,1,40073.43,5.0,38069.76,Cash on Delivery,Delivered,7892.71,4.1
ORD102844,2025-02-23,CUST1620,Customer_1472,Other,53,Kochi,Kerala,South,Electronics,Headphones,1,1584.04,20.0,1267.23,UPI,Delivered,80.2,3.7
ORD102845,2025-03-22,CUST1642,Customer_1603,Male,21,New Delhi,Delhi,North,Fashion,Backpack,2,3408.56,20.0,5453.7,Debit Card,Delivered,1081.57,4.4
ORD102846,2025-10-15,CUST1069,Customer_1281,Female,20,Lucknow,Uttar Pradesh,North,Beauty,Moisturizer,2,355.6,20.0,568.96,Debit Card,Returned,67.08,3.5
ORD102847,2025-05-29,CUST1007,Customer_1393,Female,46,Mumbai,Maharashtra,West,Beauty,Perfume,1,3030.58,15.0,2575.99,Cash on Delivery,Delivered,366.31,3.9
ORD102848,2025-04-23,CUST1160,Customer_1739,Female,35,Jaipur,Rajasthan,North,Beauty,Shampoo,4,1194.85,0.0,4779.4,Credit Card,Delivered,1038.58,3.8
ORD102849,2025-08-16,CUST1569,Customer_1244,Male,18,Patna,Bihar,East,Beauty,Moisturizer,1,815.32,25.0,611.49,Cash on Delivery,Shipped,69.58,3.3
ORD102850,2025-06-15,CUST1247,Customer_1174,Male,30,Mumbai,Maharashtra,West,Beauty,Shampoo,1,612.78,15.0,520.86,Net Banking,Delivered,64.74,4.1
ORD102851,2025-08-09,CUST1520,Customer_1725,Female,27,Jaipur,Rajasthan,North,Sports,Running Shoes,3,4498.88,5.0,12821.81,Cash on Delivery,Delivered,2775.97,4.0
ORD102852,2025-02-05,CUST1763,Customer_1612,Female,30,New Delhi,Delhi,North,Beauty,Face Wash,2,533.11,5.0,1012.91,UPI,Delivered,150.35,4.3
ORD102853,2025-11-30,CUST1062,Customer_1163,Male,25,Gurugram,Haryana,North,Electronics,Smartphone,2,42218.65,15.0,71771.71,Net Banking,Delivered,8395.55,3.7
ORD102854,2025-05-31,CUST1374,Customer_1770,Male,26,Ludhiana,Punjab,North,Fashion,Jeans,2,928.28,10.0,1670.9,Debit Card,Cancelled,177.47,4.3
ORD102855,2025-04-16,CUST1076,Customer_1516,Male,42,Bhubaneswar,Odisha,East,Electronics,Smartwatch,1,10717.75,20.0,8574.2,Credit Card,Delivered,1751.91,4.0
ORD102856,2025-12-23,CUST1256,Customer_1608,Male,20,Hyderabad,Telangana,South,Electronics,Headphones,2,1606.5,20.0,2570.4,UPI,Shipped,213.62,4.7
ORD102857,2025-10-17,CUST1753,Customer_1332,Male,18,Kolkata,West Bengal,East,Home & Kitchen,Bedsheet,3,937.41,10.0,2531.01,Debit Card,Returned,322.39,3.1
ORD102858,2025-10-28,CUST1688,Customer_1364,Female,40,Kolkata,West Bengal,East,Beauty,Shampoo,2,1150.43,5.0,2185.82,UPI,Delivered,290.24,3.8
ORD102859,2025-03-24,CUST1063,Customer_1132,Female,42,New Delhi,Delhi,North,Beauty,Shampoo,1,1059.81,15.0,900.84,UPI,Delivered,166.74,5.0
ORD102860,2025-02-26,CUST1142,Customer_1719,Male,24,Lucknow,Uttar Pradesh,North,Home & Kitchen,Dining Set,3,17100.0,20.0,41040.0,Debit Card,Returned,7835.72,4.4
ORD102861,2025-03-07,CUST1297,Customer_1792,Male,28,Lucknow,Uttar Pradesh,North,Home & Kitchen,Cookware Set,5,6647.02,20.0,26588.08,Credit Card,Delivered,3667.35,3.7
ORD102862,2025-04-14,CUST1262,Customer_1765,Male,27,Ludhiana,Punjab,North,Home & Kitchen,Air Fryer,1,13342.35,0.0,13342.35,Debit Card,Delivered,1053.76,4.6
ORD102863,2025-11-25,CUST1114,Customer_1243,Female,27,Jaipur,Rajasthan,North,Fashion,Backpack,1,3050.83,10.0,2745.75,UPI,Delivered,529.34,2.7
ORD102864,2025-04-06,CUST1357,Customer_1370,Female,36,Panaji,Goa,West,Electronics,Tablet,4,43617.79,15.0,148300.49,UPI,Delivered,16362.21,3.5
ORD102865,2025-10-26,CUST1277,Customer_1322,Female,31,New Delhi,Delhi,North,Home & Kitchen,Cookware Set,2,6831.79,20.0,10930.86,Cash on Delivery,Shipped,1062.99,4.8
ORD102866,2025-04-05,CUST1697,Customer_1457,Male,36,Patna,Bihar,East,Home & Kitchen,Cookware Set,1,7084.72,15.0,6022.01,UPI,Cancelled,641.59,4.6
ORD102867,2025-05-16,CUST1064,Customer_1201,Male,39,Mumbai,Maharashtra,West,Fashion,Jeans,3,2858.33,5.0,8146.24,Debit Card,Delivered,1137.07,4.4
ORD102868,2025-08-14,CUST1517,Customer_1174,Male,37,Jaipur,Rajasthan,North,Home & Kitchen,Cookware Set,1,6351.77,5.0,6034.18,Cash on Delivery,Shipped,1022.79,3.9
ORD102869,2025-10-04,CUST1379,Customer_1264,Male,37,Ludhiana,Punjab,North,Electronics,Smartphone,1,56551.22,5.0,53723.66,Credit Card,Delivered,7352.25,5.0
ORD102870,2025-04-06,CUST1721,Customer_1569,Male,32,Panaji,Goa,West,Fashion,T-Shirt,5,978.67,10.0,4404.01,Cash on Delivery,Returned,873.92,4.2
ORD102871,2025-04-30,CUST1614,Customer_1495,Male,32,New Delhi,Delhi,North,Electronics,Headphones,1,4519.74,15.0,3841.78,UPI,Delivered,530.16,4.6
ORD102872,2025-12-11,CUST1650,Customer_1467,Male,18,Gurugram,Haryana,North,Sports,Dumbbells,1,2797.67,10.0,2517.9,UPI,Delivered,383.96,3.9
ORD102873,2025-05-27,CUST1047,Customer_1223,Male,33,Patna,Bihar,East,Fashion,T-Shirt,1,472.62,5.0,448.99,UPI,Delivered,37.54,4.2
ORD102874,2025-03-25,CUST1041,Customer_1200,Female,20,Bhubaneswar,Odisha,East,Beauty,Makeup Kit,1,3244.6,10.0,2920.14,UPI,Delivered,540.41,3.7
ORD102875,2025-03-17,CUST1617,Customer_1353,Male,29,Lucknow,Uttar Pradesh,North,Electronics,Smartwatch,1,9496.54,20.0,7597.23,UPI,Delivered,1630.17,4.2
ORD102876,2025-04-21,CUST1089,Customer_1002,Male,29,Lucknow,Uttar Pradesh,North,Fashion,T-Shirt,4,1513.8,0.0,6055.2,Credit Card,Delivered,1210.73,3.9
ORD102877,2025-03-21,CUST1552,Customer_1279,Female,27,Gurugram,Haryana,North,Fashion,Jeans,2,1841.64,5.0,3499.12,Credit Card,Shipped,214.25,3.6
ORD102878,2025-03-23,CUST1233,Customer_1704,Female,18,Mumbai,Maharashtra,West,Sports,Cricket Bat,1,5513.44,20.0,4410.75,UPI,Delivered,801.55,3.9
ORD102879,2025-10-06,CUST1660,Customer_1292,Male,27,New Delhi,Delhi,North,Sports,Running Shoes,2,3424.52,15.0,5821.68,Debit Card,Delivered,819.84,2.5
ORD102880,2025-05-04,CUST1740,Customer_1272,Male,27,Kochi,Kerala,South,Home & Kitchen,Air Fryer,3,4186.79,5.0,11932.35,UPI,Delivered,1189.17,3.1
ORD102881,2025-01-06,CUST1355,Customer_1633,Female,51,Jaipur,Rajasthan,North,Fashion,Jeans,1,1840.79,5.0,1748.75,Net Banking,Delivered,235.36,3.4
ORD102882,2025-04-29,CUST1691,Customer_1478,Other,36,Lucknow,Uttar Pradesh,North,Fashion,Jacket,3,5348.14,10.0,14439.98,Net Banking,Delivered,1670.92,2.1
ORD102883,2025-07-16,CUST1111,Customer_1800,Female,18,Ranchi,Jharkhand,East,Home & Kitchen,Bedsheet,1,1259.22,20.0,1007.38,UPI,Delivered,137.82,4.0
ORD102884,2025-09-11,CUST1767,Customer_1800,Male,44,Bhubaneswar,Odisha,East,Sports,Yoga Mat,2,1416.48,20.0,2266.37,Credit Card,Shipped,236.99,3.3
ORD102885,2025-11-25,CUST1604,Customer_1330,Male,41,Patna,Bihar,East,Home & Kitchen,Air Fryer,4,7075.38,10.0,25471.37,UPI,Delivered,5598.91,3.5
ORD102886,2025-12-27,CUST1595,Customer_1585,Male,34,Kochi,Kerala,South,Electronics,Smartphone,1,53915.58,10.0,48524.02,Net Banking,Delivered,5344.43,3.4
ORD102887,2025-10-05,CUST1346,Customer_1579,Female,45,Bengaluru,Karnataka,South,Home & Kitchen,Mixer Grinder,1,4987.62,20.0,3990.1,Credit Card,Delivered,859.91,4.3
ORD102888,2025-02-23,CUST1133,Customer_1191,Male,49,Kochi,Kerala,South,Beauty,Makeup Kit,3,1398.39,15.0,3565.89,Cash on Delivery,Delivered,278.98,4.1
ORD102889,2025-10-18,CUST1749,Customer_1437,Male,43,Kolkata,West Bengal,East,Fashion,Jeans,1,1442.77,0.0,1442.77,UPI,Delivered,239.48,5.0
ORD102890,2025-08-15,CUST1341,Customer_1272,Female,30,Hyderabad,Telangana,South,Sports,Football,1,830.69,,664.55,Debit Card,Delivered,135.34,4.9
ORD102891,2025-12-12,CUST1082,Customer_1789,Male,37,Gurugram,Haryana,North,Fashion,Backpack,1,875.07,5.0,831.32,Cash on Delivery,Delivered,96.64,5.0
ORD102892,2025-08-05,CUST1752,Customer_1301,Male,31,Patna,Bihar,East,Electronics,Laptop,4,88912.89,20.0,284521.25,Cash on Delivery,Delivered,56752.03,4.3
ORD102893,2025-12-24,CUST1186,Customer_1725,Male,31,Panaji,Goa,West,Beauty,Moisturizer,2,311.84,0.0,623.68,Cash on Delivery,Delivered,114.94,3.6
ORD102894,2025-07-02,CUST1597,Customer_1577,Male,18,New Delhi,Delhi,North,Home & Kitchen,Cookware Set,1,2529.14,5.0,2402.68,UPI,Delivered,401.86,4.3
ORD102895,2025-06-15,CUST1260,Customer_1685,Male,28,Ranchi,Jharkhand,East,Fashion,Jeans,1,2805.32,10.0,2524.79,UPI,Shipped,469.6,2.8
ORD102896,2025-05-18,CUST1381,Customer_1066,Male,34,,Rajasthan,North,Electronics,Smartwatch,1,5024.97,5.0,4773.72,UPI,Delivered,920.01,5.0
ORD102897,2025-06-01,CUST1654,Customer_1274,Male,18,Ludhiana,Punjab,North,Home & Kitchen,Dining Set,2,13352.84,5.0,25370.4,UPI,Delivered,1781.59,2.7
ORD102898,2025-11-16,CUST1064,Customer_1271,Female,30,Ahmedabad,Gujarat,West,Electronics,Smartwatch,3,3135.23,10.0,8465.12,Debit Card,Delivered,913.84,3.5
ORD102899,2025-08-15,CUST1764,Customer_1151,Female,18,Jaipur,Rajasthan,North,Fashion,T-Shirt,1,1413.94,15.0,1201.85,Debit Card,Delivered,146.81,3.7
ORD102900,2025-04-06,CUST1683,Customer_1067,Female,22,Patna,Bihar,East,Fashion,Backpack,1,2070.7,10.0,1863.63,Debit Card,Delivered,328.21,4.3
ORD102901,2025-10-07,CUST1348,Customer_1592,Male,32,Jaipur,Rajasthan,North,Fashion,Shoes,1,6150.12,10.0,5535.11,Debit Card,Delivered,862.87,3.8
ORD102902,2025-10-02,CUST1019,Customer_1433,Female,30,Ranchi,Jharkhand,East,Home & Kitchen,Dining Set,1,9910.67,0.0,9910.67,UPI,Delivered,677.8,4.2
ORD102903,2025-09-25,CUST1215,Customer_1718,Female,32,Ahmedabad,Gujarat,West,Electronics,Headphones,1,7977.63,5.0,7578.75,Debit Card,Returned,1330.02,3.9
ORD102904,2025-08-02,CUST1211,Customer_1541,Female,34,Bengaluru,Karnataka,South,Sports,Cricket Bat,4,1545.54,5.0,5873.05,Credit Card,Cancelled,807.39,4.8
ORD102905,2025-04-02,CUST1186,Customer_1553,Male,18,Chennai,Tamil Nadu,South,Sports,Yoga Mat,2,1867.06,15.0,3174.0,Cash on Delivery,Delivered,279.45,3.5
ORD102906,2025-09-03,CUST1046,Customer_1075,Female,48,Gurugram,Haryana,North,Electronics,Laptop,1,59077.83,5.0,56123.94,UPI,Delivered,5664.68,3.9
ORD102907,2025-03-24,CUST1266,Customer_1417,Female,18,Lucknow,Uttar Pradesh,North,Sports,Yoga Mat,2,1330.07,10.0,2394.13,UPI,Delivered,232.79,4.3
ORD102908,2025-04-19,CUST1204,Customer_1556,Female,32,Gurugram,Haryana,North,Fashion,Shoes,2,4232.81,0.0,8465.62,Credit Card,Shipped,710.23,5.0
ORD102909,2025-04-08,CUST1793,Customer_1422,Male,33,New Delhi,Delhi,North,Home & Kitchen,Mixer Grinder,2,4247.58,10.0,7645.64,UPI,Cancelled,1223.06,2.9
ORD102910,2025-02-20,CUST1007,Customer_1549,Male,27,Bhubaneswar,Odisha,East,Sports,Cricket Bat,1,1785.35,20.0,1428.28,Credit Card,Delivered,226.45,4.5
ORD102911,2025-08-24,CUST1033,Customer_1567,Male,32,Bhubaneswar,Odisha,East,Sports,Football,1,2741.55,20.0,2193.24,UPI,Cancelled,284.03,4.8
ORD102912,2025-01-05,CUST1062,Customer_1538,Female,39,Chennai,Tamil Nadu,South,Home & Kitchen,Mixer Grinder,1,3717.43,15.0,3159.82,Debit Card,Shipped,386.25,3.3
ORD102913,2025-09-30,CUST1693,Customer_1250,Male,26,Panaji,Goa,West,Electronics,Smartwatch,1,9262.18,0.0,9262.18,Net Banking,Delivered,1564.34,4.6
ORD102914,2025-08-05,CUST1488,Customer_1793,Female,29,Mumbai,Maharashtra,West,Sports,Football,1,1918.59,5.0,1822.66,Debit Card,Delivered,368.07,3.3
ORD102915,2025-02-14,CUST1359,Customer_1137,Male,49,Mumbai,Maharashtra,West,Electronics,Headphones,1,1094.17,15.0,930.04,Debit Card,Delivered,149.73,2.7
ORD102916,2025-04-26,CUST1095,Customer_1725,Female,30,Ahmedabad,Gujarat,West,Home & Kitchen,Air Fryer,4,14772.05,15.0,50224.97,UPI,Delivered,10606.01,4.6
ORD102917,2025-07-15,CUST1109,Customer_1372,Male,29,New Delhi,Delhi,North,Home & Kitchen,Air Fryer,1,14676.26,20.0,11741.01,Credit Card,Delivered,1860.83,4.7
ORD102918,2025-01-30,CUST1633,Customer_1190,Male,23,Kolkata,West Bengal,East,Fashion,Jacket,4,4178.83,0.0,16715.32,Debit Card,Cancelled,2586.08,3.4
ORD102919,2025-05-10,CUST1212,Customer_1486,Male,31,Hyderabad,Telangana,South,Sports,Football,3,828.01,5.0,2359.83,Credit Card,Delivered,284.99,4.6
ORD102920,2025-03-25,CUST1321,Customer_1714,Male,33,Jaipur,Rajasthan,North,Home & Kitchen,Air Fryer,3,7394.92,10.0,19966.28,Credit Card,Delivered,3565.55,4.0
ORD102921,2025-07-20,CUST1107,Customer_1505,Female,24,Hyderabad,Telangana,South,Fashion,Shoes,2,4964.09,0.0,9928.18,UPI,Shipped,837.58,4.7
ORD102922,2025-03-20,CUST1741,Customer_1486,Female,18,Bhubaneswar,Odisha,East,Fashion,T-Shirt,1,606.02,0.0,606.02,Debit Card,Delivered,59.8,4.0
ORD102923,2025-11-10,CUST1729,Customer_1257,Female,27,Patna,Bihar,East,Fashion,T-Shirt,1,1365.14,15.0,1160.37,Cash on Delivery,Delivered,209.35,4.0
ORD102924,2025-06-13,CUST1710,Customer_1328,Female,38,Ludhiana,Punjab,North,Fashion,Shoes,1,2790.02,15.0,2371.52,Debit Card,Delivered,494.48,4.4
ORD102925,2025-11-03,CUST1273,Customer_1759,Male,39,Ahmedabad,Gujarat,West,Beauty,Perfume,1,1414.29,15.0,1202.15,UPI,Delivered,117.97,3.8
ORD102926,2025-01-23,CUST1365,Customer_1470,Female,50,Chennai,Tamil Nadu,South,Electronics,Headphones,3,3137.85,10.0,8472.19,Debit Card,Delivered,1373.25,3.6
ORD102927,2025-04-12,CUST1197,Customer_1391,Male,49,Patna,Bihar,East,Sports,Football,1,2772.72,5.0,2634.08,Credit Card,Cancelled,354.46,3.6
ORD102928,2025-01-01,CUST1048,Customer_1417,Male,46,Ludhiana,Punjab,North,Sports,Cricket Bat,1,7897.19,15.0,6712.61,Net Banking,Cancelled,872.3,4.3
ORD102929,2025-01-18,CUST1763,Customer_1441,Male,35,Chennai,Tamil Nadu,South,Fashion,Shoes,1,6742.03,20.0,5393.62,Cash on Delivery,Delivered,888.89,4.1
ORD102930,2025-03-12,CUST1219,Customer_1517,Female,20,Jaipur,Rajasthan,North,Electronics,Smartphone,2,32410.27,20.0,51856.43,Cash on Delivery,Delivered,5792.94,3.2
ORD102931,2025-05-28,CUST1663,Customer_1579,Female,25,,Jharkhand,East,Fashion,T-Shirt,2,939.23,5.0,1784.54,Debit Card,Delivered,362.81,4.4
ORD102932,2025-07-09,CUST1751,Customer_1043,Other,30,Hyderabad,Telangana,South,Home & Kitchen,Mixer Grinder,2,4672.59,5.0,8877.92,Cash on Delivery,Delivered,830.24,
ORD102933,2025-04-16,CUST1763,Customer_1633,Female,23,Kochi,Kerala,South,Sports,Cricket Bat,1,3408.41,20.0,2726.73,Debit Card,Cancelled,383.9,3.6
ORD102934,2025-01-11,CUST1342,Customer_1168,Male,38,Kolkata,West Bengal,East,Electronics,Smartphone,2,32477.05,5.0,61706.39,Debit Card,Delivered,4714.66,3.5
ORD102935,2025-08-03,CUST1102,Customer_1655,Male,18,Gurugram,Haryana,North,Electronics,Smartwatch,2,7154.35,0.0,14308.7,Net Banking,Delivered,2222.57,5.0
ORD102936,2025-08-28,CUST1272,Customer_1143,Male,25,New Delhi,Delhi,North,Home & Kitchen,Air Fryer,2,9953.35,15.0,16920.69,Credit Card,Delivered,3170.1,4.4
ORD102937,2025-10-25,CUST1237,Customer_1533,Female,18,Mumbai,Maharashtra,West,Sports,Running Shoes,1,4677.42,15.0,3975.81,Credit Card,Delivered,873.41,3.0
ORD102938,2025-10-02,CUST1293,Customer_1235,Male,18,Kochi,Kerala,South,Electronics,Tablet,1,32444.56,15.0,27577.88,UPI,Delivered,3769.63,3.7
ORD102939,2025-11-30,CUST1218,Customer_1482,Female,32,Kolkata,West Bengal,East,Electronics,Headphones,1,1888.41,5.0,1793.99,UPI,Delivered,139.57,4.2
ORD102940,2025-03-29,CUST1400,Customer_1309,Female,35,New Delhi,Delhi,North,Electronics,Tablet,5,38904.93,10.0,175072.18,Credit Card,Delivered,24940.85,4.2
ORD102941,2025-04-29,CUST1387,Customer_1590,Male,33,Patna,Bihar,East,Electronics,Headphones,2,1883.58,5.0,3578.8,UPI,Delivered,378.73,4.4
ORD102942,2025-10-23,CUST1386,Customer_1412,Female,18,Ahmedabad,Gujarat,West,Beauty,Moisturizer,3,1289.27,20.0,3094.25,UPI,Returned,465.27,5.0
ORD102943,2025-02-09,CUST1733,Customer_1103,Male,26,Mumbai,Maharashtra,West,Electronics,Tablet,2,49865.48,0.0,99730.96,Cash on Delivery,Cancelled,18405.44,3.3
ORD102944,2025-08-15,CUST1082,Customer_1164,Female,31,Gurugram,Haryana,North,Beauty,Makeup Kit,1,2053.64,20.0,1642.91,Cash on Delivery,Delivered,297.98,4.0
ORD102945,2025-09-14,CUST1643,Customer_1564,Female,25,Chennai,Tamil Nadu,South,Beauty,Shampoo,1,390.98,5.0,371.43,UPI,Delivered,37.21,3.8
ORD102946,2025-06-22,CUST1412,Customer_1488,Female,31,Gurugram,Haryana,North,Home & Kitchen,Cookware Set,5,3163.22,15.0,13443.68,Credit Card,Delivered,2599.71,5.0
ORD102947,2025-11-25,CUST1762,Customer_1698,Male,30,Bengaluru,Karnataka,South,Fashion,T-Shirt,1,959.15,10.0,863.24,UPI,Cancelled,165.41,3.0
ORD102948,2025-05-23,CUST1580,Customer_1054,Male,23,Bengaluru,Karnataka,South,Home & Kitchen,Air Fryer,2,13115.04,15.0,22295.57,Debit Card,Delivered,2641.39,4.9
ORD102949,2025-11-30,CUST1182,Customer_1432,Male,32,Bengaluru,Karnataka,South,Beauty,Shampoo,4,562.4,10.0,2024.64,Credit Card,Delivered,384.92,3.4
ORD102950,2025-10-24,CUST1617,Customer_1775,Female,31,Kochi,Kerala,South,Fashion,Shoes,1,5582.59,10.0,5024.33,Cash on Delivery,Shipped,1041.56,3.2
ORD102951,2025-03-01,CUST1717,Customer_1750,Male,27,Lucknow,Uttar Pradesh,North,Fashion,Backpack,4,1960.28,5.0,7449.06,Credit Card,Delivered,1014.8,4.1
ORD102952,2025-02-20,CUST1419,Customer_1702,Male,24,Hyderabad,Telangana,South,Beauty,Perfume,1,4078.14,10.0,3670.33,UPI,Delivered,482.71,3.7
ORD102953,2025-06-30,CUST1313,Customer_1265,Male,40,Ranchi,Jharkhand,East,Electronics,Headphones,1,2954.79,5.0,2807.05,Cash on Delivery,Delivered,613.94,2.7
ORD102954,2025-02-23,CUST1253,Customer_1708,Female,36,Gurugram,Haryana,North,Electronics,Smartphone,1,18718.34,5.0,17782.42,Cash on Delivery,Delivered,3056.37,3.9
ORD102955,2025-10-12,CUST1016,Customer_1395,Male,34,Kolkata,West Bengal,East,Electronics,Laptop,1,67998.76,10.0,61198.88,Net Banking,Delivered,5394.89,3.9
ORD102956,2025-04-13,CUST1548,Customer_1006,Male,39,Ahmedabad,Gujarat,West,Sports,Running Shoes,4,4615.84,5.0,17540.19,UPI,Delivered,2970.28,4.0
ORD102957,2025-04-30,CUST1178,Customer_1129,Female,50,Hyderabad,Telangana,South,Electronics,Headphones,4,7088.03,25.0,21264.09,UPI,Delivered,2894.3,4.2
ORD102958,2025-11-06,CUST1530,Customer_1713,Other,30,Kolkata,West Bengal,East,Beauty,Moisturizer,1,1779.84,25.0,1334.88,Credit Card,Delivered,142.59,3.3
ORD102959,2025-07-23,CUST1142,Customer_1376,Male,47,Patna,Bihar,East,Sports,Dumbbells,2,4813.38,5.0,9145.42,Credit Card,Delivered,1220.24,3.2
ORD102960,2025-05-12,CUST1248,Customer_1667,Male,38,Bengaluru,Karnataka,South,Home & Kitchen,Mixer Grinder,1,3601.87,15.0,3061.59,Cash on Delivery,Delivered,307.27,4.3
ORD102961,2025-01-05,CUST1326,Customer_1698,Female,35,Ludhiana,Punjab,North,Home & Kitchen,Dining Set,1,8554.9,15.0,7271.66,UPI,Delivered,713.66,3.6
ORD102962,2025-08-24,CUST1443,Customer_1038,Male,46,Lucknow,Uttar Pradesh,North,Home & Kitchen,Air Fryer,3,4619.67,5.0,13166.06,UPI,Delivered,2819.74,4.5
ORD102963,2025-07-05,CUST1461,Customer_1695,Female,18,Chennai,Tamil Nadu,South,Home & Kitchen,Bedsheet,2,2824.11,0.0,5648.22,UPI,Delivered,763.67,4.3
ORD102964,2025-05-31,CUST1612,Customer_1515,Female,18,Gurugram,Haryana,North,Beauty,Face Wash,1,809.84,25.0,607.38,Cash on Delivery,Delivered,89.79,2.2
ORD102965,2025-08-20,CUST1723,Customer_1368,Female,33,Gurugram,Haryana,North,Fashion,Shoes,1,6942.2,5.0,6595.09,UPI,Delivered,403.07,4.1
ORD102966,2025-10-11,CUST1582,Customer_1042,Female,34,Panaji,Goa,West,Electronics,Tablet,2,29571.72,25.0,44357.58,Credit Card,Returned,4183.84,2.2
ORD102967,2025-04-08,CUST1217,Customer_1586,Female,39,Hyderabad,Telangana,South,Fashion,Shoes,4,4337.79,10.0,15616.04,Net Banking,Delivered,969.52,3.9
ORD102968,2025-12-08,CUST1005,Customer_1226,Male,44,Patna,Bihar,East,Home & Kitchen,Mixer Grinder,5,2543.34,10.0,11445.03,Net Banking,Delivered,1169.62,3.3
ORD102969,2025-12-11,CUST1085,Customer_1641,Other,31,Ludhiana,Punjab,North,Home & Kitchen,Air Fryer,4,13156.84,0.0,52627.36,Net Banking,Delivered,11527.85,3.8
ORD102970,2025-06-24,CUST1209,Customer_1049,Male,22,Gurugram,Haryana,North,Sports,Football,2,1395.26,25.0,2092.89,UPI,Delivered,458.76,3.0
ORD102971,2025-09-28,CUST1329,Customer_1210,Male,33,Patna,Bihar,East,Fashion,Shoes,1,3384.22,5.0,3215.01,Debit Card,Delivered,508.42,4.1
ORD102972,2025-01-13,CUST1234,Customer_1439,Female,45,Kochi,Kerala,South,Electronics,Headphones,1,3916.02,15.0,3328.62,UPI,Shipped,691.05,2.5
ORD102973,2025-05-31,CUST1774,Customer_1555,Male,23,Gurugram,Haryana,North,Fashion,Jacket,2,3751.94,15.0,6378.3,Net Banking,Delivered,723.38,3.6
ORD102974,2025-04-20,CUST1466,Customer_1040,Female,18,Kochi,Kerala,South,Beauty,Moisturizer,1,1573.89,10.0,1416.5,UPI,Shipped,185.58,4.0
ORD102975,2025-02-21,CUST1741,Customer_1580,Female,36,Bhubaneswar,Odisha,East,Electronics,Laptop,2,74304.42,0.0,148608.84,Credit Card,Delivered,9576.71,5.0
ORD102976,2025-01-21,CUST1387,Customer_1533,Female,38,Patna,Bihar,East,Electronics,Headphones,2,3907.52,10.0,7033.54,Debit Card,Delivered,498.93,3.9
ORD102977,2025-04-06,CUST1624,Customer_1376,Male,42,Bhubaneswar,Odisha,East,Sports,Cricket Bat,1,1702.08,15.0,1446.77,Cash on Delivery,Delivered,153.77,5.0
ORD102978,2025-04-02,CUST1222,Customer_1190,Male,36,Patna,Bihar,East,Electronics,Laptop,1,46619.39,0.0,46619.39,Net Banking,Delivered,4853.1,5.0
ORD102979,2025-09-06,CUST1181,Customer_1475,Female,31,Hyderabad,Telangana,South,Home & Kitchen,Bedsheet,1,1816.61,0.0,1816.61,Debit Card,Delivered,241.78,2.8
ORD102980,2025-03-15,CUST1245,Customer_1544,Male,34,Kochi,Kerala,South,Electronics,Smartwatch,3,7193.07,10.0,19421.29,UPI,Cancelled,3164.19,3.9
ORD102981,2025-03-28,CUST1593,Customer_1250,Male,32,Jaipur,Rajasthan,North,Electronics,Smartphone,5,26706.38,20.0,106825.52,UPI,Delivered,9079.73,5.0
ORD102982,2025-02-18,CUST1364,Customer_1390,Male,37,Gurugram,Haryana,North,Electronics,Tablet,3,31184.71,15.0,79521.01,Credit Card,Delivered,12367.58,3.2
ORD102983,2025-08-02,CUST1322,Customer_1581,Female,31,Kolkata,West Bengal,East,Sports,Yoga Mat,1,1804.09,5.0,1713.89,Debit Card,Delivered,300.21,3.1
ORD102984,2025-05-02,CUST1556,Customer_1075,Female,19,Jaipur,Rajasthan,North,Electronics,Laptop,1,72999.44,15.0,62049.52,Debit Card,Delivered,12093.76,3.7
ORD102985,2025-03-17,CUST1772,Customer_1760,Female,33,Mumbai,Maharashtra,West,Home & Kitchen,Cookware Set,1,4227.53,15.0,3593.4,Debit Card,Returned,562.19,4.1
ORD102986,2025-05-09,CUST1680,Customer_1418,Male,48,Kolkata,West Bengal,East,Beauty,Perfume,4,1031.21,15.0,3506.11,Cash on Delivery,Shipped,757.84,3.7
ORD102987,2025-10-25,CUST1474,Customer_1160,Male,41,Lucknow,Uttar Pradesh,North,Sports,Cricket Bat,3,7796.95,15.0,19882.22,Credit Card,Delivered,1232.24,4.5
ORD102988,2025-08-11,CUST1386,Customer_1285,Female,23,Kolkata,West Bengal,East,Sports,Dumbbells,1,3544.57,10.0,3190.11,Debit Card,Delivered,246.25,3.6
ORD102989,2025-02-18,CUST1598,Customer_1485,Female,31,Ahmedabad,Gujarat,West,Sports,Yoga Mat,1,2499.78,10.0,2249.8,UPI,Delivered,462.52,1.0
ORD102990,2025-11-17,CUST1316,Customer_1136,Male,36,Ranchi,Jharkhand,East,Beauty,Shampoo,2,353.3,10.0,635.94,UPI,Returned,119.96,4.9
ORD102991,2025-11-27,CUST1251,Customer_1360,Female,22,Ahmedabad,Gujarat,West,Home & Kitchen,Cookware Set,3,6480.64,20.0,15553.54,UPI,Shipped,2877.74,3.5
ORD102992,2025-03-28,CUST1193,Customer_1685,Male,18,Mumbai,Maharashtra,West,Fashion,Jacket,2,1991.49,25.0,2987.24,UPI,Delivered,319.9,3.4
ORD102993,2025-08-20,CUST1750,Customer_1018,Male,27,New Delhi,Delhi,North,Fashion,Jacket,2,3808.99,15.0,6475.28,Net Banking,Delivered,1253.45,3.9
ORD102994,2025-05-05,CUST1061,Customer_1380,Male,24,Patna,Bihar,East,Sports,Football,1,2276.81,15.0,1935.29,Debit Card,Delivered,222.04,2.7
ORD102995,2025-04-09,CUST1344,Customer_1243,Male,43,Hyderabad,Telangana,South,Beauty,Face Wash,1,685.64,5.0,651.36,Debit Card,Returned,61.25,3.3
ORD102996,2025-01-21,CUST1298,Customer_1118,Female,31,Chennai,Tamil Nadu,South,Fashion,Shoes,4,4184.09,0.0,16736.36,UPI,Delivered,2604.1,4.2
ORD102997,2025-01-15,CUST1383,Customer_1465,Male,33,Patna,Bihar,East,Electronics,Headphones,3,5783.03,5.0,16481.64,Credit Card,Delivered,2876.35,2.9
ORD102998,2025-09-30,CUST1338,Customer_1211,Male,24,Hyderabad,Telangana,South,Sports,Running Shoes,1,4842.2,20.0,3873.76,Cash on Delivery,Returned,293.63,4.5
ORD102999,2025-05-23,CUST1532,Customer_1570,Male,31,Patna,Bihar,East,Electronics,Tablet,2,44331.75,25.0,66497.62,UPI,Delivered,10583.36,4.0
ORD103000,2025-09-15,CUST1546,Customer_1253,Male,32,Patna,Bihar,East,Sports,Yoga Mat,2,691.43,5.0,1313.72,UPI,Delivered,257.54,3.6
ORD103001,2025-08-08,CUST1552,Customer_1289,Male,36,Jaipur,Rajasthan,North,Sports,Yoga Mat,1,1193.06,15.0,1014.1,Credit Card,Delivered,87.17,3.9
ORD103002,2025-05-24,CUST1027,Customer_1673,Female,23,Kochi,Kerala,South,Fashion,Backpack,4,1358.55,15.0,4619.07,Debit Card,Delivered,664.32,3.2
ORD103003,2025-10-24,CUST1044,Customer_1597,Male,19,Kolkata,West Bengal,East,Electronics,Smartphone,1,53347.61,10.0,48012.85,Debit Card,Delivered,8246.39,4.4
ORD103004,2025-11-09,CUST1072,Customer_1246,Female,28,Panaji,Goa,West,Electronics,Smartwatch,3,8362.91,15.0,21325.42,Debit Card,Delivered,4012.1,4.5
ORD103005,2025-02-12,CUST1004,Customer_1261,Male,22,Ranchi,Jharkhand,East,Electronics,Headphones,2,6592.07,10.0,11865.73,Net Banking,Shipped,1277.78,3.4
ORD103006,2025-06-08,CUST1230,Customer_1235,Male,32,Bhubaneswar,Odisha,East,Electronics,Laptop,3,54195.33,10.0,146327.39,UPI,Delivered,23840.55,4.7
ORD103007,2025-03-04,CUST1510,Customer_1153,Male,50,Ludhiana,Punjab,North,Sports,Dumbbells,3,2174.31,15.0,5544.49,UPI,Delivered,1145.32,3.8
ORD103008,2025-02-09,CUST1616,Customer_1219,Female,19,New Delhi,Delhi,North,Home & Kitchen,Air Fryer,1,5378.27,15.0,4571.53,UPI,Delivered,941.33,4.7
ORD103009,2025-08-13,CUST1334,Customer_1048,Female,22,Lucknow,Uttar Pradesh,North,Sports,Football,2,1709.06,5.0,3247.21,Debit Card,Delivered,209.67,3.6
ORD103010,2025-12-07,CUST1073,Customer_1721,Male,34,Lucknow,Uttar Pradesh,North,Electronics,Tablet,1,49505.14,10.0,44554.63,Credit Card,Delivered,8274.17,4.2
ORD103011,2025-05-15,CUST1766,Customer_1305,Female,40,Mumbai,Maharashtra,West,Fashion,T-Shirt,3,964.03,15.0,2458.28,Credit Card,Shipped,330.3,4.1
ORD103012,2025-08-27,CUST1457,Customer_1477,Male,22,Bhubaneswar,Odisha,East,Beauty,Moisturizer,1,1778.86,25.0,1334.14,Net Banking,Delivered,255.46,4.4
ORD103013,2025-12-19,CUST1263,Customer_1060,Male,35,Kolkata,West Bengal,East,Electronics,Smartwatch,1,10935.89,5.0,10389.1,Debit Card,Delivered,1735.57,3.3
ORD103014,2025-02-15,CUST1514,Customer_1176,Male,18,Lucknow,Uttar Pradesh,North,Sports,Dumbbells,3,1337.34,10.0,3610.82,Net Banking,Delivered,453.07,3.7
ORD103015,2025-09-06,CUST1192,Customer_1585,Female,29,Kochi,Kerala,South,Beauty,Face Wash,3,315.15,5.0,898.18,Cash on Delivery,Delivered,94.47,3.9
ORD103016,2025-04-30,CUST1060,Customer_1147,Male,45,Patna,Bihar,East,Electronics,Tablet,1,15374.56,10.0,13837.1,UPI,Delivered,1809.04,4.4
ORD103017,2025-06-13,CUST1623,Customer_1719,Female,35,Chennai,Tamil Nadu,South,Electronics,Tablet,2,12911.68,10.0,23241.02,UPI,Delivered,1416.5,4.5
ORD103018,2025-11-15,CUST1394,Customer_1645,Male,26,Kochi,Kerala,South,Electronics,Laptop,3,76678.86,0.0,230036.58,UPI,Returned,16271.41,2.9
ORD103019,2025-08-30,CUST1486,Customer_1031,Male,37,Kolkata,West Bengal,East,Fashion,T-Shirt,1,1489.83,5.0,1415.34,Net Banking,Cancelled,220.42,4.7
ORD103020,2025-04-06,CUST1045,Customer_1291,Male,27,Ahmedabad,Gujarat,West,Home & Kitchen,Cookware Set,4,4975.78,0.0,19903.12,Cash on Delivery,Delivered,2404.89,3.6
ORD103021,2025-07-31,CUST1599,Customer_1307,Female,23,Ludhiana,Punjab,North,Home & Kitchen,Cookware Set,1,2556.76,20.0,2045.41,Debit Card,Delivered,233.74,5.0
ORD103022,2025-12-24,CUST1319,Customer_1704,Male,28,Chennai,Tamil Nadu,South,Electronics,Headphones,2,6389.22,20.0,10222.75,Cash on Delivery,Delivered,1021.79,4.4
ORD103023,2025-09-02,CUST1419,Customer_1391,Male,21,Hyderabad,Telangana,South,Electronics,Tablet,1,22441.25,25.0,16830.94,Debit Card,Delivered,2474.51,4.8
ORD103024,2025-11-24,CUST1259,Customer_1067,Male,34,Ludhiana,Punjab,North,Fashion,Shoes,3,6871.15,15.0,17521.43,UPI,Delivered,1267.37,3.5
ORD103025,2025-05-09,CUST1291,Customer_1036,Female,31,Ahmedabad,Gujarat,West,Electronics,Smartphone,1,21406.67,20.0,17125.34,Cash on Delivery,Shipped,2050.36,5.0
ORD103026,2025-06-28,CUST1338,Customer_1476,Male,35,Gurugram,Haryana,North,Beauty,Shampoo,3,1198.82,20.0,2877.17,Net Banking,Delivered,529.95,5.0
ORD103027,2025-09-27,CUST1141,Customer_1655,Male,41,Patna,Bihar,East,Electronics,Smartwatch,4,10726.72,10.0,38616.19,UPI,Delivered,7135.47,3.5
ORD103028,2025-11-13,CUST1020,Customer_1542,Male,30,Bengaluru,Karnataka,South,Sports,Running Shoes,2,3645.86,10.0,6562.55,UPI,Delivered,546.39,2.8
ORD103029,2025-07-27,CUST1762,Customer_1425,Male,29,Lucknow,Uttar Pradesh,North,Fashion,Backpack,3,2277.79,0.0,6833.37,UPI,Delivered,1286.71,3.7
ORD103030,2025-12-03,CUST1624,Customer_1542,Male,31,Ludhiana,Punjab,North,Home & Kitchen,Dining Set,1,15188.13,15.0,12909.91,UPI,Cancelled,948.83,2.7
ORD103031,2025-05-13,CUST1287,Customer_1668,Female,45,Chennai,Tamil Nadu,South,Electronics,Tablet,1,40460.03,10.0,36414.03,UPI,Delivered,2627.99,4.9
ORD103032,2025-06-20,CUST1664,Customer_1688,Male,18,Chennai,Tamil Nadu,South,Home & Kitchen,Air Fryer,4,4089.88,5.0,15541.54,UPI,Delivered,2756.06,4.1
ORD103033,2025-10-10,CUST1254,Customer_1504,Female,35,Patna,Bihar,East,Electronics,Laptop,3,36456.31,5.0,103900.48,UPI,Delivered,19607.34,4.2
ORD103034,2025-10-12,CUST1197,Customer_1737,Female,37,Ludhiana,Punjab,North,Fashion,Jeans,2,1290.37,10.0,2322.67,Debit Card,Returned,281.46,4.5
ORD103035,2025-06-02,CUST1305,Customer_1505,Male,37,Kochi,Kerala,South,Fashion,Backpack,2,2520.31,10.0,4536.56,Net Banking,Delivered,421.07,5.0
ORD103036,2025-01-07,CUST1696,Customer_1035,Female,39,Kolkata,West Bengal,East,Home & Kitchen,Dining Set,3,14553.62,10.0,39294.77,UPI,Cancelled,6118.57,3.5
ORD103037,2025-08-11,CUST1154,Customer_1045,Male,20,Panaji,Goa,West,Electronics,Smartphone,3,23097.43,20.0,55433.83,Debit Card,Delivered,9153.76,2.8
ORD103038,2025-04-07,CUST1378,Customer_1647,Male,40,Gurugram,Haryana,North,Sports,Cricket Bat,3,6434.68,10.0,17373.64,UPI,Returned,2719.44,4.9
ORD103039,2025-08-18,CUST1087,Customer_1523,Male,27,Hyderabad,Telangana,South,Home & Kitchen,Air Fryer,1,13164.02,10.0,11847.62,Credit Card,Delivered,1299.6,4.1
ORD103040,2025-12-28,CUST1412,Customer_1035,Female,27,Ahmedabad,Gujarat,West,Electronics,Laptop,2,37820.1,0.0,75640.2,Debit Card,Returned,11352.3,4.2
ORD103041,2025-04-26,CUST1297,Customer_1700,Female,23,Ahmedabad,Gujarat,West,Electronics,Smartwatch,3,10791.06,5.0,30754.52,Cash on Delivery,Delivered,2416.52,3.7
ORD103042,2025-04-25,CUST1772,Customer_1002,Male,26,Gurugram,Haryana,North,Electronics,Headphones,5,5404.5,10.0,24320.25,UPI,Delivered,3458.35,3.2
ORD103043,2025-01-09,CUST1413,Customer_1471,Female,26,Kolkata,West Bengal,East,Fashion,Backpack,2,1388.8,0.0,2777.6,Net Banking,Delivered,260.71,4.0
ORD103044,2025-02-09,CUST1287,Customer_1259,Male,50,Jaipur,Rajasthan,North,Fashion,Jeans,1,2586.96,0.0,2586.96,Credit Card,Shipped,308.24,2.7
ORD103045,2025-01-13,CUST1749,Customer_1158,Male,43,Mumbai,Maharashtra,West,Sports,Dumbbells,2,4098.48,15.0,6967.42,Cash on Delivery,Delivered,1365.41,3.7
ORD103046,2025-07-29,CUST1313,Customer_1279,Male,34,Jaipur,Rajasthan,North,Home & Kitchen,Bedsheet,1,920.03,0.0,920.03,Debit Card,Delivered,202.21,5.0
ORD103047,2025-07-05,CUST1547,Customer_1211,Male,39,Bhubaneswar,Odisha,East,Electronics,Laptop,5,45897.06,15.0,195062.5,UPI,Delivered,32765.48,5.0
ORD103048,2025-12-31,CUST1434,Customer_1611,Other,25,Ranchi,Jharkhand,East,Home & Kitchen,Dining Set,1,17987.54,10.0,16188.79,UPI,Delivered,1872.34,4.0
ORD103049,2025-08-19,CUST1797,Customer_1695,Female,22,Kolkata,West Bengal,East,Sports,Yoga Mat,4,2070.49,0.0,8281.96,Debit Card,Delivered,529.67,5.0
ORD103050,2025-02-18,CUST1301,Customer_1204,Female,18,Kochi,Kerala,South,Home & Kitchen,Air Fryer,1,4232.34,15.0,3597.49,Debit Card,Returned,355.78,4.8
ORD103051,2025-01-08,CUST1110,Customer_1544,Female,40,Kolkata,West Bengal,East,Sports,Yoga Mat,2,904.99,0.0,1809.98,UPI,Returned,357.62,3.2
ORD103052,2025-03-19,CUST1524,Customer_1795,Female,29,Panaji,Goa,West,Sports,Yoga Mat,2,557.29,20.0,891.66,Debit Card,Delivered,176.32,4.9
ORD103053,2025-05-20,CUST1167,Customer_1143,Male,48,Ludhiana,Punjab,North,Beauty,Perfume,2,2167.39,15.0,3684.56,Credit Card,Delivered,803.82,4.4
ORD103054,2025-03-08,CUST1734,Customer_1774,Male,30,Lucknow,Uttar Pradesh,North,Home & Kitchen,Air Fryer,2,9761.72,5.0,18547.27,Debit Card,Delivered,1960.35,3.8
ORD103055,2025-03-27,CUST1009,Customer_1136,Male,25,Mumbai,Maharashtra,West,Fashion,Jeans,3,2318.99,10.0,6261.27,Net Banking,Delivered,699.99,4.4
ORD103056,2025-12-26,CUST1246,Customer_1250,Female,20,Panaji,Goa,West,Electronics,Laptop,2,83791.96,10.0,150825.53,Debit Card,Delivered,22908.9,4.2
ORD103057,2025-05-10,CUST1036,Customer_1617,Female,21,Hyderabad,Telangana,South,Beauty,Face Wash,1,875.01,10.0,787.51,Net Banking,Delivered,65.64,4.3
ORD103058,2025-01-01,CUST1358,Customer_1118,Female,38,Bengaluru,Karnataka,South,Sports,Dumbbells,1,2982.06,15.0,2534.75,Net Banking,Delivered,516.5,4.0
ORD103059,2025-05-30,CUST1365,Customer_1669,Female,33,Patna,Bihar,East,Electronics,Smartwatch,2,10319.45,0.0,20638.9,UPI,Delivered,1530.91,5.0
ORD103060,2025-07-17,CUST1137,Customer_1691,Male,23,Jaipur,Rajasthan,North,Home & Kitchen,Dining Set,5,15265.99,20.0,61063.96,UPI,Delivered,9221.77,3.0
ORD103061,2025-12-25,CUST1361,Customer_1331,Female,31,New Delhi,Delhi,North,Home & Kitchen,Mixer Grinder,1,8558.4,0.0,8558.4,Credit Card,Delivered,1874.06,4.9
ORD103062,2025-11-16,CUST1690,Customer_1732,Male,18,Chennai,Tamil Nadu,South,Fashion,Jacket,1,2403.21,15.0,2042.73,Debit Card,Delivered,390.56,4.0
ORD103063,2025-08-24,CUST1563,Customer_1013,Female,39,Gurugram,Haryana,North,Fashion,Backpack,5,1245.49,10.0,5604.7,UPI,Delivered,1047.45,3.9
ORD103064,2025-04-28,CUST1792,Customer_1653,Male,28,Panaji,Goa,West,Sports,Yoga Mat,1,1531.62,10.0,1378.46,Debit Card,Delivered,272.86,4.4
ORD103065,2025-10-22,CUST1698,Customer_1506,Female,20,Jaipur,Rajasthan,North,Home & Kitchen,Air Fryer,2,8051.2,10.0,14492.16,UPI,Returned,2471.51,4.5
ORD103066,2025-03-10,CUST1721,Customer_1564,Female,30,Ranchi,Jharkhand,East,Electronics,Laptop,1,59381.14,5.0,56412.08,UPI,Cancelled,7881.84,3.6
ORD103067,2025-01-21,CUST1305,Customer_1353,Female,35,Mumbai,Maharashtra,West,Electronics,Smartwatch,1,6002.56,15.0,5102.18,UPI,Shipped,741.7,4.2
ORD103068,2025-06-07,CUST1725,Customer_1385,Female,45,Panaji,Goa,West,Fashion,Backpack,1,2758.13,20.0,2206.5,Credit Card,Cancelled,281.7,3.3
ORD103069,2025-09-09,CUST1165,Customer_1613,Female,27,Ranchi,Jharkhand,East,Home & Kitchen,Bedsheet,2,1753.48,25.0,2630.22,UPI,Delivered,542.74,5.0
ORD103070,2025-12-21,CUST1502,Customer_1225,Female,18,Mumbai,Maharashtra,West,Fashion,Backpack,1,3292.9,0.0,3292.9,UPI,Delivered,523.82,3.8
ORD103071,2025-04-02,CUST1077,Customer_1750,Female,29,Mumbai,Maharashtra,West,Home & Kitchen,Mixer Grinder,1,6503.53,5.0,6178.35,UPI,Delivered,1304.19,3.7
ORD103072,2025-06-29,CUST1085,Customer_1468,Male,18,Lucknow,Uttar Pradesh,North,Beauty,Moisturizer,1,447.29,10.0,402.56,Credit Card,Shipped,86.43,3.4
ORD103073,2025-07-03,CUST1467,Customer_1283,Other,22,Patna,Bihar,East,Sports,Football,1,712.5,5.0,676.88,UPI,Delivered,84.48,3.4
ORD103074,2025-12-08,CUST1248,Customer_1132,Female,18,Hyderabad,Telangana,South,Fashion,Backpack,1,834.82,5.0,793.08,Debit Card,Cancelled,63.51,4.9
ORD103075,2025-08-24,CUST1397,Customer_1123,Male,27,Kochi,Kerala,South,Fashion,T-Shirt,5,1189.73,10.0,5353.78,UPI,Delivered,816.96,3.3
ORD103076,2025-06-13,CUST1148,Customer_1555,Female,47,Hyderabad,Telangana,South,Sports,Cricket Bat,1,7555.73,10.0,6800.16,Net Banking,Delivered,508.6,4.3
ORD103077,2025-02-21,CUST1245,Customer_1692,Female,25,Chennai,Tamil Nadu,South,Home & Kitchen,Dining Set,4,12795.76,15.0,43505.58,Net Banking,Delivered,3367.27,3.2
ORD103078,2025-12-26,CUST1580,Customer_1161,Male,32,Patna,Bihar,East,Sports,Yoga Mat,1,744.22,5.0,707.01,Cash on Delivery,Delivered,71.73,5.0
ORD103079,2025-05-12,CUST1598,Customer_1622,Male,42,Jaipur,Rajasthan,North,Sports,Running Shoes,2,6938.8,,10408.2,Cash on Delivery,Returned,2143.17,4.7
ORD103080,2025-07-24,CUST1412,Customer_1214,Male,34,Bengaluru,Karnataka,South,Beauty,Perfume,1,2034.08,20.0,1627.26,UPI,Delivered,297.89,2.9
ORD103081,2025-03-19,CUST1152,Customer_1056,Female,35,Gurugram,Haryana,North,Home & Kitchen,Mixer Grinder,1,7988.65,10.0,7189.78,Cash on Delivery,Returned,581.08,4.1
ORD103082,2025-03-03,CUST1003,Customer_1774,Male,46,Hyderabad,Telangana,South,Home & Kitchen,Cookware Set,2,5339.02,20.0,8542.43,UPI,Delivered,798.97,4.1
ORD103083,2025-10-14,CUST1180,Customer_1223,Female,27,Patna,Bihar,East,Electronics,Smartwatch,1,9737.72,15.0,8277.06,UPI,Cancelled,954.07,4.6
ORD103084,2025-02-17,CUST1800,Customer_1767,Male,27,Jaipur,Rajasthan,North,Sports,Cricket Bat,1,6444.03,5.0,6121.83,UPI,Delivered,900.35,3.3
ORD103085,2025-01-22,CUST1275,Customer_1113,Female,41,Hyderabad,Telangana,South,Fashion,T-Shirt,2,1100.66,0.0,2201.32,UPI,Delivered,421.23,2.5
ORD103086,2025-01-20,CUST1387,Customer_1618,Male,38,Mumbai,Maharashtra,West,Fashion,T-Shirt,2,687.74,10.0,1237.93,Credit Card,Delivered,175.74,3.2
ORD103087,2025-05-18,CUST1559,Customer_1408,Male,26,Lucknow,Uttar Pradesh,North,Sports,Dumbbells,1,1852.87,5.0,1760.23,UPI,Delivered,165.79,3.5
ORD103088,2025-11-21,CUST1466,Customer_1755,Male,42,Kolkata,West Bengal,East,Electronics,Headphones,2,5484.46,10.0,9872.03,UPI,Delivered,1978.55,4.0
ORD103089,2025-08-30,CUST1578,Customer_1394,Female,25,Mumbai,Maharashtra,West,Sports,Yoga Mat,1,1594.6,15.0,1355.41,Debit Card,Delivered,103.72,3.4
ORD103090,2025-02-25,CUST1750,Customer_1538,Male,25,Bengaluru,Karnataka,South,Electronics,Laptop,1,39688.79,10.0,35719.91,UPI,Delivered,5051.29,3.8
ORD103091,2025-12-15,CUST1411,Customer_1645,Male,18,Ranchi,Jharkhand,East,Electronics,Smartwatch,1,8329.79,10.0,7496.81,UPI,Delivered,853.02,3.3
ORD103092,2025-12-02,CUST1704,Customer_1789,Male,32,Ludhiana,Punjab,North,Electronics,Tablet,1,49608.61,10.0,44647.75,Credit Card,Delivered,9761.8,4.5
ORD103093,2025-03-28,CUST1225,Customer_1285,Female,37,Panaji,Goa,West,Beauty,Face Wash,3,683.38,0.0,2050.14,UPI,Shipped,334.75,4.9
ORD103094,2025-11-26,CUST1350,Customer_1405,Female,18,Kolkata,West Bengal,East,Electronics,Tablet,2,40860.98,10.0,73549.76,Debit Card,Cancelled,15503.09,3.8
ORD103095,2025-10-24,CUST1501,Customer_1619,Male,29,Ahmedabad,Gujarat,West,Home & Kitchen,Cookware Set,1,4890.98,10.0,4401.88,Credit Card,Returned,596.14,3.9
ORD103096,2025-08-22,CUST1184,Customer_1547,Male,30,Mumbai,Maharashtra,West,Home & Kitchen,Bedsheet,1,1454.42,5.0,1381.7,Debit Card,Delivered,294.65,5.0
ORD103097,2025-05-31,CUST1629,Customer_1703,Male,33,Ahmedabad,Gujarat,West,Home & Kitchen,Bedsheet,2,2501.32,10.0,4502.38,Debit Card,Delivered,569.45,3.4
ORD103098,2025-05-31,CUST1265,Customer_1203,Male,31,Kolkata,West Bengal,East,Fashion,Backpack,4,2849.61,10.0,10258.6,Credit Card,Delivered,1332.51,5.0
ORD103099,2025-04-07,CUST1431,Customer_1358,Female,22,Lucknow,Uttar Pradesh,North,Electronics,Smartwatch,1,11997.43,10.0,10797.69,UPI,Delivered,1312.26,3.3
ORD103100,2025-08-19,CUST1236,Customer_1663,Female,25,Hyderabad,Telangana,South,Home & Kitchen,Air Fryer,1,5674.71,0.0,5674.71,Credit Card,Returned,1095.26,3.7
ORD103101,2025-05-19,CUST1758,Customer_1379,Female,38,Lucknow,Uttar Pradesh,North,Electronics,Laptop,1,43487.3,15.0,36964.21,Cash on Delivery,Delivered,5609.83,3.9
ORD103102,2025-03-24,CUST1582,Customer_1228,Female,21,Ranchi,Jharkhand,East,Fashion,Jeans,2,1946.14,20.0,3113.82,UPI,Delivered,276.85,3.6
ORD103103,2025-07-11,CUST1639,Customer_1522,Male,18,Ludhiana,Punjab,North,Home & Kitchen,Mixer Grinder,1,5925.53,5.0,5629.25,Net Banking,Delivered,1139.21,4.9
ORD103104,2025-11-24,CUST1380,Customer_1346,Male,40,Gurugram,Haryana,North,Electronics,Smartphone,1,13137.32,15.0,11166.72,Debit Card,Delivered,2227.77,2.7
ORD103105,2025-02-04,CUST1222,Customer_1622,Female,21,Chennai,Tamil Nadu,South,Sports,Running Shoes,2,7509.82,20.0,12015.71,Cash on Delivery,Returned,1566.67,4.3
ORD103106,2025-03-08,CUST1289,Customer_1616,Male,36,Bengaluru,Karnataka,South,Beauty,Perfume,2,2307.74,5.0,4384.71,Debit Card,Delivered,935.73,3.5
ORD103107,2025-01-14,CUST1590,Customer_1271,Male,37,Lucknow,Uttar Pradesh,North,Fashion,Jeans,1,1594.7,10.0,1435.23,Debit Card,Delivered,128.22,4.3
ORD103108,2025-04-22,CUST1030,Customer_1785,Male,35,Ranchi,Jharkhand,East,Electronics,Smartwatch,3,4833.02,0.0,14499.06,UPI,Delivered,1873.9,4.4
ORD103109,2025-06-03,CUST1170,Customer_1679,Female,18,Chennai,Tamil Nadu,South,Home & Kitchen,Air Fryer,2,8948.99,10.0,16108.18,UPI,Delivered,1946.82,3.6
ORD103110,2025-02-18,CUST1567,Customer_1067,Female,35,Hyderabad,Telangana,South,Electronics,Smartphone,4,30378.81,10.0,109363.72,Credit Card,Returned,19156.21,3.8
ORD103111,2025-07-18,CUST1531,Customer_1410,Male,26,Patna,Bihar,East,Beauty,Perfume,1,1022.06,10.0,919.85,Credit Card,Delivered,62.97,3.9
ORD103112,2025-07-13,CUST1690,Customer_1800,Male,32,Bhubaneswar,Odisha,East,Beauty,Shampoo,1,412.75,20.0,330.2,Net Banking,Delivered,51.88,4.9
ORD103113,2025-03-09,CUST1225,Customer_1649,Female,29,Jaipur,Rajasthan,North,Electronics,Headphones,1,5611.22,25.0,4208.41,UPI,Delivered,916.68,4.3
ORD103114,2025-03-15,CUST1074,Customer_1625,Male,33,Mumbai,Maharashtra,West,Home & Kitchen,Dining Set,4,17859.41,20.0,57150.11,Debit Card,Delivered,6526.48,2.8
ORD103115,2025-07-20,CUST1418,Customer_1442,Male,32,Kochi,Kerala,South,Electronics,Laptop,2,86344.16,0.0,172688.32,Net Banking,Delivered,17737.16,5.0
ORD103116,2025-08-11,CUST1400,Customer_1462,Female,22,Kochi,Kerala,South,Electronics,Smartwatch,1,7243.06,10.0,6518.75,Cash on Delivery,Delivered,1367.91,3.8
ORD103117,2025-10-06,CUST1545,Customer_1413,Female,30,Jaipur,Rajasthan,North,Electronics,Smartwatch,1,1837.59,10.0,1653.83,Net Banking,Delivered,320.18,4.6
ORD103118,2025-04-03,CUST1035,Customer_1604,Male,28,Panaji,Goa,West,Sports,Football,1,1598.25,15.0,1358.51,Debit Card,Returned,176.41,3.8
ORD103119,2025-09-02,CUST1491,Customer_1524,Female,30,Panaji,Goa,West,Fashion,Jeans,1,2254.32,10.0,2028.89,UPI,Delivered,257.85,5.0
ORD103120,2025-02-12,CUST1194,Customer_1641,Female,42,Kolkata,West Bengal,East,Fashion,T-Shirt,1,1552.62,20.0,1242.1,Net Banking,Delivered,210.98,3.6
ORD103121,2025-09-13,CUST1521,Customer_1119,Male,18,Patna,Bihar,East,Fashion,Jacket,2,4703.69,10.0,8466.64,Net Banking,Shipped,1187.25,4.0
ORD103122,2025-09-05,CUST1121,Customer_1201,Male,21,Ranchi,Jharkhand,East,Home & Kitchen,Dining Set,3,6181.04,20.0,14834.5,Credit Card,Delivered,2240.74,3.8
ORD103123,2025-09-27,CUST1133,Customer_1062,Male,35,Jaipur,Rajasthan,North,Beauty,Face Wash,1,545.88,5.0,518.59,UPI,Delivered,83.19,3.7
ORD103124,2025-06-10,CUST1030,Customer_1457,Female,36,Kochi,Kerala,South,Electronics,Laptop,5,50338.38,10.0,226522.71,Credit Card,Delivered,31866.87,4.9
ORD103125,2025-05-14,CUST1409,Customer_1451,Female,34,Mumbai,Maharashtra,West,Home & Kitchen,Dining Set,1,7881.7,5.0,7487.61,UPI,Cancelled,854.15,3.5
ORD103126,2025-08-13,CUST1741,Customer_1611,Male,55,Lucknow,Uttar Pradesh,North,Electronics,Laptop,3,75842.08,25.0,170644.68,Credit Card,Delivered,24081.13,2.3
ORD103127,2025-12-04,CUST1121,Customer_1469,Male,18,Kolkata,West Bengal,East,Electronics,Tablet,1,48915.79,25.0,36686.84,Cash on Delivery,Delivered,4147.16,3.5
ORD103128,2025-01-09,CUST1216,Customer_1773,Male,23,Kolkata,West Bengal,East,Electronics,Tablet,1,32967.36,5.0,31318.99,Credit Card,Delivered,5784.81,3.6
ORD103129,2025-03-06,CUST1774,Customer_1198,Female,51,Bengaluru,Karnataka,South,Home & Kitchen,Air Fryer,4,11205.59,10.0,40340.12,Debit Card,Delivered,4548.0,3.8
ORD103130,2025-05-02,CUST1461,Customer_1429,Female,31,Hyderabad,Telangana,South,Sports,Football,2,2075.6,5.0,3943.64,Credit Card,Shipped,342.07,3.8
ORD103131,2025-01-18,CUST1758,Customer_1350,Female,42,Lucknow,Uttar Pradesh,North,Electronics,Smartphone,2,69423.44,0.0,138846.88,UPI,Delivered,11223.74,2.1
ORD103132,2025-04-10,CUST1422,Customer_1135,Female,18,Jaipur,Rajasthan,North,Electronics,Smartphone,3,17045.72,20.0,40909.73,Debit Card,Delivered,6147.36,3.5
ORD103133,2025-06-13,CUST1007,Customer_1061,Female,50,Lucknow,Uttar Pradesh,North,Electronics,Tablet,2,48521.97,15.0,82487.35,Cash on Delivery,Delivered,8883.2,4.3
ORD103134,2025-01-06,CUST1536,Customer_1225,Male,54,Mumbai,Maharashtra,West,Fashion,Shoes,1,4300.51,0.0,4300.51,Credit Card,Cancelled,747.66,4.4
ORD103135,2025-10-31,CUST1150,Customer_1043,Male,32,Patna,Bihar,East,Beauty,Makeup Kit,4,1853.66,10.0,6673.18,Credit Card,Shipped,962.01,3.6
ORD103136,2025-04-29,CUST1639,Customer_1611,Male,18,Panaji,Goa,West,Fashion,Jeans,2,1175.44,5.0,2233.34,Debit Card,Delivered,179.18,4.9
ORD103137,2025-01-21,CUST1767,Customer_1165,Male,31,Lucknow,Uttar Pradesh,North,Fashion,Jacket,1,2985.7,10.0,2687.13,Credit Card,Delivered,166.81,4.5
ORD103138,2025-05-09,CUST1693,Customer_1028,Female,28,Kochi,Kerala,South,Electronics,Laptop,1,75173.2,10.0,67655.88,Cash on Delivery,Delivered,9047.13,4.8
ORD103139,2025-10-16,CUST1595,Customer_1102,Female,41,Gurugram,Haryana,North,Sports,Football,1,2018.54,15.0,1715.76,UPI,Delivered,165.1,4.2
ORD103140,2025-03-04,CUST1717,Customer_1341,Male,65,Panaji,Goa,West,Fashion,T-Shirt,1,973.52,10.0,876.17,Credit Card,Delivered,60.03,3.1
ORD103141,2025-06-30,CUST1300,Customer_1528,Male,24,,Delhi,North,Beauty,Makeup Kit,1,1845.99,0.0,1845.99,UPI,Returned,379.11,4.4
ORD103142,2025-01-21,CUST1147,Customer_1368,Female,32,Bengaluru,Karnataka,South,Beauty,Face Wash,2,799.09,10.0,1438.36,Debit Card,Cancelled,306.21,3.8
ORD103143,2025-04-08,CUST1271,Customer_1407,Female,21,Patna,Bihar,East,Electronics,Headphones,1,3717.5,20.0,2974.0,Credit Card,Delivered,252.51,3.5
ORD103144,2025-06-25,CUST1107,Customer_1086,Female,41,Gurugram,Haryana,North,Fashion,Backpack,1,1880.27,5.0,1786.26,UPI,Delivered,277.96,5.0
ORD103145,2025-04-13,CUST1098,Customer_1145,Male,18,Chennai,Tamil Nadu,South,Electronics,Headphones,3,2966.72,5.0,8455.15,UPI,Delivered,1032.74,5.0
ORD103146,2025-11-21,CUST1433,Customer_1762,Other,19,Hyderabad,Telangana,South,Sports,Running Shoes,4,1515.19,10.0,5454.68,UPI,Delivered,1088.55,3.9
ORD103147,2025-07-27,CUST1671,Customer_1451,Female,38,Bhubaneswar,Odisha,East,Beauty,Shampoo,2,1109.4,0.0,2218.8,Credit Card,Delivered,412.39,3.5
ORD103148,2025-08-17,CUST1227,Customer_1327,Female,24,Ahmedabad,Gujarat,West,Electronics,Smartphone,1,46420.0,20.0,37136.0,UPI,Delivered,3017.56,4.2
ORD103149,2025-02-09,CUST1749,Customer_1007,Male,26,Ahmedabad,Gujarat,West,Electronics,Tablet,2,15003.56,20.0,24005.7,UPI,Delivered,3985.36,2.9
ORD103150,2025-01-03,CUST1220,Customer_1005,Male,35,Ranchi,Jharkhand,East,Electronics,Smartphone,4,68265.48,20.0,218449.54,UPI,Cancelled,30643.74,4.7
ORD103151,2025-09-15,CUST1041,Customer_1727,Female,21,Chennai,Tamil Nadu,South,Fashion,Jacket,1,2869.88,15.0,2439.4,UPI,Delivered,461.08,4.0
ORD103152,2025-05-09,CUST1491,Customer_1144,Female,20,Lucknow,Uttar Pradesh,North,Home & Kitchen,Air Fryer,1,6501.9,20.0,5201.52,UPI,Delivered,461.44,4.2
ORD103153,2025-07-05,CUST1680,Customer_1489,Male,38,Bengaluru,Karnataka,South,Electronics,Smartwatch,1,2836.6,5.0,2694.77,Credit Card,Delivered,261.92,3.4
ORD103154,2025-10-14,CUST1637,Customer_1449,Female,30,Mumbai,Maharashtra,West,Home & Kitchen,Bedsheet,1,2437.23,10.0,2193.51,Credit Card,Delivered,394.6,3.7
ORD103155,2025-04-13,CUST1688,Customer_1748,Female,28,Bengaluru,Karnataka,South,Beauty,Makeup Kit,5,2456.5,15.0,10440.12,UPI,Delivered,1206.4,5.0
ORD103156,2025-12-13,CUST1260,Customer_1200,Male,34,Mumbai,Maharashtra,West,Fashion,Backpack,3,2557.45,5.0,7288.73,UPI,Delivered,585.47,3.7
ORD103157,2025-12-04,CUST1090,Customer_1783,Male,36,Kochi,Kerala,South,Electronics,Smartphone,2,60656.59,10.0,109181.86,Net Banking,Delivered,11737.51,2.6
ORD103158,2025-01-15,CUST1424,Customer_1796,Female,28,Jaipur,Rajasthan,North,Sports,Yoga Mat,3,2223.71,15.0,5670.46,UPI,Returned,607.15,2.7
ORD103159,2025-03-14,CUST1472,Customer_1648,Male,20,Jaipur,Rajasthan,North,Fashion,Backpack,1,3365.44,20.0,2692.35,Cash on Delivery,Cancelled,233.13,4.2
ORD103160,2025-06-20,CUST1004,Customer_1336,Female,41,Ludhiana,Punjab,North,Electronics,Tablet,1,44141.13,5.0,41934.07,Debit Card,Delivered,8996.75,3.4
ORD103161,2025-11-19,CUST1760,Customer_1024,Female,28,Panaji,Goa,West,Electronics,Headphones,1,4764.21,10.0,4287.79,Credit Card,Delivered,780.77,3.1
ORD103162,2025-11-13,CUST1464,Customer_1328,Female,24,Patna,Bihar,East,Home & Kitchen,Dining Set,3,6119.29,15.0,15604.19,Credit Card,Delivered,3090.2,4.9
ORD103163,2025-12-11,CUST1146,Customer_1532,Female,25,Ludhiana,Punjab,North,Sports,Cricket Bat,5,7326.3,5.0,34799.92,Cash on Delivery,Shipped,6375.24,3.8
ORD103164,2025-06-19,CUST1569,Customer_1566,Male,34,Lucknow,Uttar Pradesh,North,Electronics,Smartphone,2,39871.77,0.0,79743.54,Credit Card,Delivered,9267.25,3.0
ORD103165,2025-03-31,CUST1440,Customer_1529,Male,37,Kochi,Kerala,South,Electronics,Laptop,2,59552.4,10.0,107194.32,Credit Card,Delivered,17036.97,3.6
ORD103166,2025-04-11,CUST1714,Customer_1424,Male,22,Kolkata,West Bengal,East,Fashion,Jeans,2,1012.37,5.0,1923.5,Debit Card,Delivered,400.17,5.0
ORD103167,2025-07-29,CUST1194,Customer_1538,Female,34,Ludhiana,Punjab,North,Beauty,Face Wash,3,466.18,20.0,1118.83,UPI,Delivered,167.92,4.5
ORD103168,2025-10-22,CUST1192,Customer_1616,Female,31,Jaipur,Rajasthan,North,Electronics,Smartphone,2,52434.78,20.0,83895.65,UPI,Delivered,16708.81,3.7
ORD103169,2025-08-15,CUST1403,Customer_1396,Female,35,Panaji,Goa,West,Sports,Yoga Mat,1,1356.83,25.0,1017.62,Debit Card,Delivered,134.85,3.9
ORD103170,2025-10-10,CUST1214,Customer_1156,Male,29,Ludhiana,Punjab,North,Electronics,Tablet,1,45558.48,5.0,43280.56,Credit Card,Delivered,4590.83,5.0
ORD103171,2025-12-11,CUST1071,Customer_1264,Female,27,Bengaluru,Karnataka,South,Beauty,Perfume,1,1773.95,25.0,1330.46,UPI,Delivered,170.97,4.0
ORD103172,2025-07-04,CUST1203,Customer_1032,Female,37,Mumbai,Maharashtra,West,Fashion,Jeans,2,2746.53,15.0,4669.1,UPI,Delivered,920.98,4.9
ORD103173,2025-11-19,CUST1641,Customer_1191,Female,43,Gurugram,Haryana,North,Electronics,Headphones,2,7575.58,20.0,12120.93,Credit Card,Delivered,1194.26,4.5
ORD103174,2025-10-29,CUST1726,Customer_1340,Male,32,Mumbai,Maharashtra,West,Home & Kitchen,Mixer Grinder,3,7033.88,5.0,20046.56,UPI,Shipped,1311.4,
ORD103175,2025-06-25,CUST1125,Customer_1780,Male,27,Kolkata,West Bengal,East,Home & Kitchen,Mixer Grinder,2,8550.55,25.0,12825.82,Credit Card,Cancelled,1638.34,3.9
ORD103176,2025-04-21,CUST1323,Customer_1524,Male,33,Chennai,Tamil Nadu,South,Electronics,Tablet,3,16140.64,20.0,38737.54,UPI,Delivered,5534.83,4.6
ORD103177,2025-10-14,CUST1770,Customer_1201,Female,24,Jaipur,Rajasthan,North,Home & Kitchen,Cookware Set,1,4492.4,10.0,4043.16,UPI,Delivered,441.93,3.5
ORD103178,2025-08-23,CUST1095,Customer_1459,Male,30,Lucknow,Uttar Pradesh,North,Sports,Yoga Mat,1,790.89,10.0,711.8,Cash on Delivery,Returned,78.64,5.0
ORD103179,2025-04-15,CUST1069,Customer_1109,Male,20,Panaji,Goa,West,Electronics,Tablet,2,44264.34,15.0,75249.38,Credit Card,Delivered,10401.69,4.6
ORD103180,2025-04-25,CUST1498,Customer_1337,Male,33,Panaji,Goa,West,Fashion,Jacket,1,4625.77,15.0,3931.9,Debit Card,Delivered,620.5,4.5
ORD103181,2025-05-25,CUST1187,Customer_1120,Male,27,Kolkata,West Bengal,East,Fashion,Jeans,1,2123.75,10.0,1911.38,UPI,Delivered,396.01,3.5
ORD103182,2025-06-09,CUST1477,Customer_1178,Female,24,Kolkata,West Bengal,East,Sports,Running Shoes,2,8654.93,25.0,12982.4,Credit Card,Delivered,2539.01,5.0
ORD103183,2025-07-05,CUST1749,Customer_1091,Male,25,New Delhi,Delhi,North,Electronics,Tablet,2,27184.89,0.0,54369.78,Debit Card,Delivered,6480.94,3.6
ORD103184,2025-07-08,CUST1698,Customer_1694,Female,39,Gurugram,Haryana,North,Electronics,Tablet,1,28389.51,5.0,26970.03,UPI,Delivered,3484.59,3.7
ORD103185,2025-09-28,CUST1754,Customer_1398,Male,33,Chennai,Tamil Nadu,South,Electronics,Tablet,1,29178.78,25.0,21884.08,UPI,Shipped,4160.21,3.8
ORD103186,2025-12-02,CUST1630,Customer_1257,Male,33,Ahmedabad,Gujarat,West,Beauty,Moisturizer,1,483.85,10.0,435.47,Debit Card,Delivered,83.68,5.0
ORD103187,2025-07-19,CUST1075,Customer_1157,Female,31,Patna,Bihar,East,Sports,Yoga Mat,1,2185.51,20.0,1748.41,UPI,Shipped,214.61,4.9
ORD103188,2025-03-14,CUST1019,Customer_1165,Female,31,Kochi,Kerala,South,Fashion,Jacket,1,5479.42,10.0,4931.48,Debit Card,Delivered,511.49,4.0
ORD103189,2025-11-18,CUST1454,Customer_1189,Male,18,Patna,Bihar,East,Home & Kitchen,Air Fryer,2,12069.26,20.0,19310.82,UPI,Cancelled,1295.78,3.7
ORD103190,2025-08-12,CUST1128,Customer_1170,Female,38,Panaji,Goa,West,Electronics,Smartwatch,1,14086.92,15.0,11973.88,Cash on Delivery,Cancelled,1585.97,3.8
ORD103191,2025-08-14,CUST1445,Customer_1334,Female,39,Chennai,Tamil Nadu,South,Beauty,Face Wash,1,378.73,10.0,340.86,UPI,Delivered,55.42,3.1
ORD103192,2025-10-27,CUST1225,Customer_1074,Male,37,Kolkata,West Bengal,East,Electronics,Headphones,3,2757.92,20.0,6619.01,Credit Card,Delivered,405.71,3.6
ORD103193,2025-08-24,CUST1042,Customer_1149,Female,34,Lucknow,Uttar Pradesh,North,Sports,Running Shoes,5,5880.62,5.0,27932.94,Credit Card,Delivered,5125.15,3.0
ORD103194,2025-02-21,CUST1136,Customer_1404,Male,30,Kolkata,West Bengal,East,Fashion,T-Shirt,1,1456.42,0.0,1456.42,UPI,Delivered,214.79,4.9
ORD103195,2025-08-31,CUST1514,Customer_1655,Male,40,Kolkata,West Bengal,East,Home & Kitchen,Dining Set,1,8446.8,15.0,7179.78,Debit Card,Delivered,1129.49,4.5
ORD103196,2025-08-14,CUST1615,Customer_1337,Male,34,Mumbai,Maharashtra,West,Electronics,Smartphone,3,15063.23,10.0,40670.72,UPI,Delivered,8489.01,3.3
ORD103197,2025-07-16,CUST1604,Customer_1415,Female,27,Patna,Bihar,East,Home & Kitchen,Dining Set,1,14663.61,10.0,13197.25,Credit Card,Shipped,1869.97,3.8
ORD103198,2025-04-07,CUST1412,Customer_1530,Male,32,Mumbai,Maharashtra,West,Fashion,Shoes,1,5927.63,0.0,5927.63,UPI,Delivered,1256.21,3.5
ORD103199,2025-08-18,CUST1594,Customer_1157,Male,38,Kochi,Kerala,South,Sports,Cricket Bat,2,2051.93,10.0,3693.47,UPI,Delivered,265.93,3.4
ORD103200,2025-10-26,CUST1433,Customer_1112,Male,21,Patna,Bihar,East,Home & Kitchen,Cookware Set,4,6438.77,20.0,20604.06,Credit Card,Shipped,3889.15,3.8
ORD103201,2025-12-02,CUST1558,Customer_1612,Female,37,Bengaluru,Karnataka,South,Fashion,Shoes,1,1757.11,,1669.25,UPI,Delivered,192.18,2.9
ORD103202,2025-09-20,CUST1368,Customer_1378,Male,19,Kolkata,West Bengal,East,Fashion,Jacket,1,3012.21,15.0,2560.38,Net Banking,Delivered,411.21,3.4
ORD103203,2025-11-22,CUST1683,Customer_1622,Male,27,Bhubaneswar,Odisha,East,Home & Kitchen,Air Fryer,2,11696.02,10.0,21052.84,Cash on Delivery,Delivered,2251.65,4.4
ORD103204,2025-05-20,CUST1769,Customer_1582,Male,40,Bhubaneswar,Odisha,East,Electronics,Smartphone,1,13196.27,5.0,12536.46,UPI,Delivered,2497.12,2.9
ORD103205,2025-08-19,CUST1401,Customer_1727,Male,41,Lucknow,Uttar Pradesh,North,Beauty,Shampoo,2,1144.0,0.0,2288.0,UPI,Delivered,243.82,4.7
ORD103206,2025-08-11,CUST1617,Customer_1766,Female,26,Chennai,Tamil Nadu,South,Home & Kitchen,Cookware Set,3,3166.35,0.0,9499.05,Debit Card,Delivered,1858.7,3.5
ORD103207,2025-12-30,CUST1122,Customer_1364,Male,23,Kolkata,West Bengal,East,Home & Kitchen,Cookware Set,3,5363.53,5.0,15286.06,Credit Card,Delivered,1904.07,5.0
ORD103208,2025-08-24,CUST1464,Customer_1663,Female,26,Patna,Bihar,East,Electronics,Tablet,2,20660.61,15.0,35123.04,Net Banking,Delivered,3540.56,4.6
ORD103209,2025-11-01,CUST1773,Customer_1669,Female,24,Gurugram,Haryana,North,Electronics,Headphones,5,5442.07,5.0,25849.83,Debit Card,Delivered,1925.15,2.9
ORD103210,2025-04-20,CUST1475,Customer_1328,Female,18,Bhubaneswar,Odisha,East,Electronics,Smartphone,4,68675.12,25.0,206025.36,UPI,Delivered,44680.26,3.7
ORD103211,2025-06-29,CUST1300,Customer_1265,Female,39,Hyderabad,Telangana,South,Electronics,Laptop,1,46379.69,20.0,37103.75,Debit Card,Delivered,4753.4,3.9
ORD103212,2025-09-30,CUST1241,Customer_1005,Male,33,Bhubaneswar,Odisha,East,Beauty,Face Wash,3,646.68,5.0,1843.04,Cash on Delivery,Delivered,292.67,4.3
ORD103213,2025-09-24,CUST1360,Customer_1675,Female,40,Kolkata,West Bengal,East,Home & Kitchen,Mixer Grinder,2,7481.93,10.0,13467.47,UPI,Delivered,1928.66,5.0
ORD103214,2025-07-21,CUST1485,Customer_1130,Female,35,Kochi,Kerala,South,Electronics,Tablet,1,28942.59,5.0,27495.46,Credit Card,Delivered,2446.1,3.5
ORD103215,2025-09-08,CUST1241,Customer_1305,Female,30,Gurugram,Haryana,North,Home & Kitchen,Bedsheet,4,2956.07,20.0,9459.42,UPI,Delivered,1418.31,2.5
ORD103216,2025-06-04,CUST1245,Customer_1542,Female,33,Panaji,Goa,West,Home & Kitchen,Bedsheet,1,1414.01,10.0,1272.61,UPI,Delivered,216.04,3.3
ORD103217,2025-06-30,CUST1320,Customer_1292,Male,33,Kochi,Kerala,South,Fashion,T-Shirt,3,898.68,15.0,2291.63,UPI,Cancelled,408.87,3.7
ORD103218,2025-10-12,CUST1384,Customer_1760,Male,23,New Delhi,Delhi,North,Electronics,Smartwatch,1,2800.0,5.0,2660.0,UPI,Delivered,394.84,3.7
ORD103219,2025-02-03,CUST1634,Customer_1306,Male,23,Bhubaneswar,Odisha,East,Fashion,Jeans,1,2090.94,0.0,2090.94,Credit Card,Delivered,345.68,4.7
ORD103220,2025-10-01,CUST1561,Customer_1189,Female,29,Chennai,Tamil Nadu,South,Fashion,Backpack,1,1888.99,15.0,1605.64,UPI,Delivered,267.32,3.4
ORD103221,2025-10-28,CUST1331,Customer_1144,Female,24,Ranchi,Jharkhand,East,Home & Kitchen,Air Fryer,3,13279.74,20.0,31871.38,Credit Card,Delivered,4375.97,3.7
ORD103222,2025-01-25,CUST1204,Customer_1201,Male,18,Ludhiana,Punjab,North,Electronics,Smartwatch,2,13944.05,,26493.69,Debit Card,Delivered,3198.71,4.8
ORD103223,2025-02-16,CUST1060,Customer_1561,Female,43,Lucknow,Uttar Pradesh,North,Home & Kitchen,Dining Set,2,10630.16,10.0,19134.29,Credit Card,Returned,3664.37,2.9
ORD103224,2025-05-05,CUST1276,Customer_1492,Male,22,Panaji,Goa,West,Fashion,Shoes,3,2896.11,10.0,7819.5,Credit Card,Delivered,874.52,4.7
ORD103225,2025-11-13,CUST1672,Customer_1157,Female,36,Mumbai,Maharashtra,West,Sports,Yoga Mat,4,1888.87,5.0,7177.71,Cash on Delivery,Delivered,569.21,3.4
ORD103226,2025-02-20,CUST1363,Customer_1186,Female,42,Ranchi,Jharkhand,East,Beauty,Makeup Kit,2,3649.91,20.0,5839.86,Debit Card,Delivered,766.46,4.0
ORD103227,2025-04-19,CUST1655,Customer_1042,Female,18,Lucknow,Uttar Pradesh,North,Home & Kitchen,Dining Set,1,4748.85,10.0,4273.97,UPI,Delivered,482.45,3.7
ORD103228,2025-04-04,CUST1059,Customer_1178,Female,37,Jaipur,Rajasthan,North,Fashion,Backpack,3,3408.51,10.0,9202.98,UPI,Delivered,880.05,4.4
ORD103229,2025-09-25,CUST1405,Customer_1655,Male,41,Bhubaneswar,Odisha,East,Electronics,Headphones,1,949.94,0.0,949.94,UPI,Delivered,178.21,2.9
ORD103230,2025-08-28,CUST1630,Customer_1376,Female,34,Jaipur,Rajasthan,North,Home & Kitchen,Mixer Grinder,2,5870.11,15.0,9979.19,Net Banking,Delivered,1306.81,5.0
ORD103231,2025-01-01,CUST1009,Customer_1587,Female,37,Panaji,Goa,West,Sports,Yoga Mat,1,957.67,10.0,861.9,Credit Card,Delivered,52.74,4.6
ORD103232,2025-03-27,CUST1560,Customer_1718,Female,35,Chennai,Tamil Nadu,South,Fashion,Jeans,3,2958.74,15.0,7544.79,Debit Card,Delivered,1251.26,4.3
ORD103233,2025-11-17,CUST1477,Customer_1304,Female,20,Lucknow,Uttar Pradesh,North,Electronics,Smartwatch,1,3985.61,5.0,3786.33,Credit Card,Shipped,248.35,3.9
ORD103234,2025-08-04,CUST1478,Customer_1563,Female,19,Kochi,Kerala,South,Electronics,Smartwatch,1,14700.84,0.0,14700.84,UPI,Delivered,2070.43,4.9
ORD103235,2025-11-25,CUST1707,Customer_1394,Female,23,Gurugram,Haryana,North,Fashion,Jeans,2,1137.25,20.0,1819.6,Credit Card,Returned,199.11,3.8
ORD103236,2025-06-28,CUST1515,Customer_1615,Male,26,Hyderabad,Telangana,South,Sports,Yoga Mat,2,1417.36,10.0,2551.25,Debit Card,Delivered,302.48,3.8
ORD103237,2025-02-10,CUST1685,Customer_1750,Male,26,Bengaluru,Karnataka,South,Electronics,Headphones,1,882.91,15.0,750.47,Credit Card,Delivered,55.65,3.8
ORD103238,2025-02-05,CUST1243,Customer_1750,Female,18,Ranchi,Jharkhand,East,Electronics,Laptop,3,74029.51,5.0,210984.1,Debit Card,Delivered,25831.42,3.9
ORD103239,2025-11-25,CUST1635,Customer_1748,Male,30,Hyderabad,Telangana,South,Home & Kitchen,Cookware Set,3,2531.39,5.0,7214.46,Credit Card,Delivered,1186.83,4.3
ORD103240,2025-03-24,CUST1082,Customer_1633,Female,33,Ranchi,Jharkhand,East,Beauty,Makeup Kit,4,1429.2,15.0,4859.28,Cash on Delivery,Shipped,1026.58,3.9
ORD103241,2025-08-25,CUST1720,Customer_1172,Female,33,Bengaluru,Karnataka,South,Electronics,Laptop,1,36434.57,15.0,30969.38,Debit Card,Delivered,6328.53,2.4
ORD103242,2025-04-22,CUST1402,Customer_1707,Female,35,Ahmedabad,Gujarat,West,Electronics,Tablet,1,28025.1,0.0,28025.1,UPI,Delivered,3727.03,4.9
ORD103243,2025-06-29,CUST1567,Customer_1247,Male,37,Bengaluru,Karnataka,South,Fashion,T-Shirt,1,655.42,15.0,557.11,Credit Card,Delivered,121.69,4.8
ORD103244,2025-01-18,CUST1052,Customer_1445,Female,33,Chennai,Tamil Nadu,South,Electronics,Tablet,3,41787.45,15.0,106558.0,Cash on Delivery,Delivered,10028.11,3.0
ORD103245,2025-07-22,CUST1656,Customer_1519,Male,23,Bhubaneswar,Odisha,East,Fashion,T-Shirt,3,528.79,15.0,1348.41,UPI,Delivered,196.1,2.4
ORD103246,2025-07-05,CUST1115,Customer_1787,Male,32,Mumbai,Maharashtra,West,Home & Kitchen,Dining Set,2,10399.86,20.0,16639.78,UPI,Delivered,2217.81,4.5
ORD103247,2025-09-27,CUST1040,Customer_1647,Female,21,Ahmedabad,Gujarat,West,Home & Kitchen,Cookware Set,1,6574.78,20.0,5259.82,Cash on Delivery,Delivered,1039.77,4.5
ORD103248,2025-01-15,CUST1597,Customer_1092,Male,31,Chennai,Tamil Nadu,South,Fashion,T-Shirt,1,1088.47,20.0,870.78,Debit Card,Cancelled,139.28,3.2
ORD103249,2025-06-29,CUST1677,Customer_1212,Male,41,Lucknow,Uttar Pradesh,North,Electronics,Smartphone,1,31820.09,0.0,31820.09,Cash on Delivery,Delivered,6212.96,3.8
ORD103250,2025-01-03,CUST1585,Customer_1623,Female,30,Hyderabad,Telangana,South,Electronics,Tablet,1,19722.98,20.0,15778.38,UPI,Delivered,2096.52,5.0
ORD103251,2025-04-02,CUST1332,Customer_1637,Female,48,Lucknow,Uttar Pradesh,North,Fashion,T-Shirt,4,818.09,10.0,2945.12,UPI,Delivered,491.31,4.5
ORD103252,2025-10-17,CUST1125,Customer_1624,Male,18,Ranchi,Jharkhand,East,Electronics,Tablet,1,24901.52,10.0,22411.37,Credit Card,Delivered,3758.44,4.6
ORD103253,2025-06-04,CUST1710,Customer_1619,Male,28,Ahmedabad,Gujarat,West,Home & Kitchen,Mixer Grinder,1,6864.65,20.0,5491.72,UPI,Delivered,838.93,3.5
ORD103254,2025-07-30,CUST1583,Customer_1271,Male,18,Lucknow,Uttar Pradesh,North,Home & Kitchen,Air Fryer,1,10179.28,15.0,8652.39,Cash on Delivery,Delivered,1310.01,5.0
ORD103255,2025-10-07,CUST1581,Customer_1249,Male,37,Ludhiana,Punjab,North,Fashion,Jeans,3,2988.19,20.0,7171.66,Cash on Delivery,Returned,827.49,3.7
ORD103256,2025-05-31,CUST1333,Customer_1660,Female,18,Lucknow,Uttar Pradesh,North,Fashion,Jacket,3,2889.78,0.0,8669.34,UPI,Delivered,1904.55,4.4
ORD103257,2025-12-12,CUST1116,Customer_1713,Female,22,Mumbai,Maharashtra,West,Electronics,Smartwatch,3,14319.37,0.0,42958.11,UPI,Cancelled,5931.91,4.3
ORD103258,2025-03-15,CUST1096,Customer_1129,Female,26,Jaipur,Rajasthan,North,Home & Kitchen,Mixer Grinder,1,8440.91,25.0,6330.68,Debit Card,Delivered,1073.81,5.0
ORD103259,2025-02-01,CUST1770,Customer_1080,Male,24,Bengaluru,Karnataka,South,Electronics,Headphones,1,6627.26,5.0,6295.9,Credit Card,Delivered,797.38,3.5
ORD103260,2025-10-03,CUST1362,Customer_1726,Female,29,Panaji,Goa,West,Home & Kitchen,Dining Set,3,4262.66,15.0,10869.78,Debit Card,Delivered,895.47,3.8
ORD103261,2025-02-14,CUST1451,Customer_1236,Male,38,Gurugram,Haryana,North,Fashion,Shoes,3,4255.1,20.0,10212.24,UPI,Delivered,957.76,3.0
ORD103262,2025-07-24,CUST1063,Customer_1536,Male,30,Hyderabad,Telangana,South,Sports,Dumbbells,3,4536.02,20.0,10886.45,Debit Card,Delivered,1634.25,4.0
ORD103263,2025-04-23,CUST1620,Customer_1478,Male,22,Bengaluru,Karnataka,South,Home & Kitchen,Dining Set,1,5930.99,20.0,4744.79,Net Banking,Delivered,984.1,3.6
ORD103264,2025-12-14,CUST1021,Customer_1687,Female,36,Patna,Bihar,East,Fashion,Jeans,1,961.75,5.0,913.66,Net Banking,Delivered,161.37,3.7
ORD103265,2025-12-15,CUST1296,Customer_1180,Male,30,Bhubaneswar,Odisha,East,Fashion,Shoes,1,4716.04,5.0,4480.24,UPI,Delivered,829.07,3.7
ORD103266,2025-12-12,CUST1212,Customer_1625,Male,34,Patna,Bihar,East,Home & Kitchen,Mixer Grinder,1,8418.1,10.0,7576.29,UPI,Delivered,883.37,4.0
ORD103267,2025-01-08,CUST1544,Customer_1168,Female,26,Ludhiana,Punjab,North,Electronics,Smartphone,2,54210.13,10.0,97578.23,Credit Card,Delivered,19489.56,3.6
ORD103268,2025-08-26,CUST1292,Customer_1223,Male,39,Mumbai,Maharashtra,West,Sports,Football,4,1609.8,10.0,5795.28,UPI,Delivered,1072.36,5.0
ORD103269,2025-03-24,CUST1799,Customer_1691,Male,41,Bhubaneswar,Odisha,East,Electronics,Tablet,3,21973.57,15.0,56032.6,UPI,Shipped,8317.64,3.4
ORD103270,2025-07-14,CUST1026,Customer_1194,Male,18,Jaipur,Rajasthan,North,Sports,Football,1,1892.69,20.0,1514.15,UPI,Delivered,134.98,4.6
ORD103271,2025-06-01,CUST1738,Customer_1248,Female,49,Ahmedabad,Gujarat,West,Fashion,Shoes,1,5339.83,5.0,5072.84,UPI,Shipped,905.39,4.8
ORD103272,2025-05-24,CUST1683,Customer_1279,Female,45,Kolkata,West Bengal,East,Beauty,Moisturizer,2,1005.32,10.0,1809.58,Credit Card,Delivered,163.34,3.5
ORD103273,2025-08-07,CUST1669,Customer_1415,Female,45,Lucknow,Uttar Pradesh,North,Electronics,Tablet,3,16767.68,15.0,42757.58,UPI,Delivered,6544.34,4.2
ORD103274,2025-12-12,CUST1784,Customer_1729,Female,37,Ahmedabad,Gujarat,West,Fashion,Jacket,5,5545.22,25.0,20794.58,Credit Card,Delivered,3597.12,3.8
ORD103275,2025-06-05,CUST1459,Customer_1671,Male,60,Bengaluru,Karnataka,South,Fashion,Jacket,1,5649.47,10.0,5084.52,Net Banking,Delivered,928.32,3.7
ORD103276,2025-05-14,CUST1377,Customer_1153,Male,28,Mumbai,Maharashtra,West,Fashion,Jacket,1,5591.83,20.0,4473.46,Cash on Delivery,Delivered,592.89,4.7
ORD103277,2025-01-15,CUST1732,Customer_1785,Male,24,Ranchi,Jharkhand,East,Fashion,Shoes,2,5941.45,10.0,10694.61,UPI,Delivered,869.14,3.4
ORD103278,2025-03-25,CUST1498,Customer_1237,Female,37,Kolkata,West Bengal,East,Sports,Running Shoes,2,6201.58,10.0,11162.84,UPI,Shipped,850.06,4.6
ORD103279,2025-02-25,CUST1569,Customer_1386,Other,39,Ludhiana,Punjab,North,Beauty,Face Wash,2,810.1,0.0,1620.2,UPI,Delivered,129.07,4.8
ORD103280,2025-06-18,CUST1171,Customer_1618,Male,21,Lucknow,Uttar Pradesh,North,Beauty,Moisturizer,1,1350.94,5.0,1283.39,Cash on Delivery,Delivered,202.01,5.0
ORD103281,2025-12-23,CUST1362,Customer_1224,Male,34,Ludhiana,Punjab,North,Electronics,Smartphone,2,37337.07,20.0,59739.31,UPI,Delivered,3920.19,3.7
ORD103282,2025-12-07,CUST1665,Customer_1496,Female,37,Kochi,Kerala,South,Beauty,Face Wash,1,816.89,15.0,694.36,UPI,Shipped,109.5,5.0
ORD103283,2025-02-03,CUST1637,Customer_1078,Female,18,Jaipur,Rajasthan,North,Fashion,Jacket,3,4907.1,15.0,12513.11,Cash on Delivery,Delivered,2706.61,4.8
ORD103284,2025-03-31,CUST1798,Customer_1675,Female,22,Ranchi,Jharkhand,East,Home & Kitchen,Mixer Grinder,1,2936.26,0.0,2936.26,Credit Card,Delivered,245.99,3.5
ORD103285,2025-09-17,CUST1689,Customer_1577,Other,40,Bhubaneswar,Odisha,East,Fashion,Jeans,1,938.52,5.0,891.59,Credit Card,Delivered,120.18,3.9
ORD103286,2025-10-03,CUST1304,Customer_1787,Male,29,Ludhiana,Punjab,North,Fashion,T-Shirt,2,1181.12,10.0,2126.02,Cash on Delivery,Delivered,382.12,5.0
ORD103287,2025-07-03,CUST1558,Customer_1148,Female,28,Mumbai,Maharashtra,West,Fashion,Jeans,1,2127.74,5.0,2021.35,Credit Card,Shipped,236.49,3.5
ORD103288,2025-04-11,CUST1243,Customer_1090,Male,41,Chennai,Tamil Nadu,South,Fashion,Shoes,1,1670.07,0.0,1670.07,UPI,Delivered,181.96,3.1
ORD103289,2025-06-21,CUST1304,Customer_1498,Male,38,Bengaluru,Karnataka,South,Electronics,Smartwatch,1,10810.9,10.0,9729.81,Net Banking,Delivered,2060.98,4.4
ORD103290,2025-09-12,CUST1077,Customer_1460,Female,44,Ranchi,Jharkhand,East,Home & Kitchen,Bedsheet,4,1235.27,20.0,3952.86,Cash on Delivery,Delivered,844.93,2.9
ORD103291,2025-03-05,CUST1607,Customer_1163,Female,25,Hyderabad,Telangana,South,Electronics,Tablet,2,43192.52,15.0,73427.28,UPI,Delivered,12683.87,4.4
ORD103292,2025-09-22,CUST1765,Customer_1044,Male,28,Jaipur,Rajasthan,North,Beauty,Perfume,2,4266.28,10.0,7679.3,Debit Card,Delivered,473.51,4.2
ORD103293,2025-07-24,CUST1352,Customer_1195,Male,34,Ahmedabad,Gujarat,West,Electronics,Laptop,1,74920.49,0.0,74920.49,UPI,Delivered,12913.07,3.2
ORD103294,2025-10-13,CUST1078,Customer_1174,Male,36,Kolkata,West Bengal,East,Home & Kitchen,Bedsheet,1,2186.12,20.0,1748.9,UPI,Delivered,121.6,4.9
ORD103295,2025-01-14,CUST1286,Customer_1671,Female,34,Hyderabad,Telangana,South,Electronics,Smartphone,3,23688.66,0.0,71065.98,UPI,Delivered,11121.25,4.0
ORD103296,2025-02-18,CUST1320,Customer_1253,Other,34,Hyderabad,Telangana,South,Electronics,Smartwatch,1,10161.56,20.0,8129.25,Credit Card,Returned,652.44,4.4
ORD103297,2025-10-23,CUST1452,Customer_1171,Female,34,Ludhiana,Punjab,North,Fashion,T-Shirt,2,1044.73,5.0,1984.99,Debit Card,Delivered,209.62,4.5
ORD103298,2025-05-04,CUST1122,Customer_1425,Female,23,Ranchi,Jharkhand,East,Fashion,Jeans,1,1667.52,0.0,1667.52,UPI,Delivered,136.37,3.7
ORD103299,2025-05-05,CUST1471,Customer_1022,Male,39,Kolkata,West Bengal,East,Sports,Football,2,1272.64,5.0,2418.02,UPI,Cancelled,219.54,4.5
ORD103300,2025-05-29,CUST1437,Customer_1499,Female,23,Lucknow,Uttar Pradesh,North,Home & Kitchen,Air Fryer,1,11763.67,10.0,10587.3,UPI,Delivered,824.28,3.3
ORD103301,2025-12-31,CUST1760,Customer_1547,Female,30,Jaipur,Rajasthan,North,Beauty,Makeup Kit,3,2023.85,5.0,5767.97,Net Banking,Delivered,1031.99,2.9
ORD103302,2025-01-21,CUST1036,Customer_1198,Male,28,Jaipur,Rajasthan,North,Beauty,Makeup Kit,4,959.01,5.0,3644.24,Net Banking,Delivered,696.51,5.0
ORD103303,2025-08-11,CUST1368,Customer_1426,Male,25,Ahmedabad,Gujarat,West,Home & Kitchen,Mixer Grinder,4,5266.29,10.0,18958.64,Cash on Delivery,Delivered,3935.58,3.2
ORD103304,2025-09-28,CUST1653,Customer_1208,Male,25,Ranchi,Jharkhand,East,Home & Kitchen,Dining Set,5,6681.36,15.0,28395.78,Credit Card,Delivered,2328.79,5.0
ORD103305,2025-05-22,CUST1450,Customer_1189,Female,31,Ranchi,Jharkhand,East,Sports,Football,1,2657.79,15.0,2259.12,UPI,Cancelled,397.09,2.9
ORD103306,2025-10-08,CUST1166,Customer_1143,Male,29,Kochi,Kerala,South,Electronics,Smartwatch,1,14500.74,15.0,12325.63,UPI,Delivered,2551.8,4.4
ORD103307,2025-01-11,CUST1439,Customer_1010,Female,28,Kolkata,West Bengal,East,Electronics,Headphones,1,1773.75,10.0,1596.38,Credit Card,Cancelled,255.03,3.5
ORD103308,2025-07-10,CUST1290,Customer_1800,Male,39,Jaipur,Rajasthan,North,Electronics,Smartwatch,3,11195.34,5.0,31906.72,Credit Card,Delivered,3654.28,4.0
ORD103309,2025-09-06,CUST1672,Customer_1619,Female,34,Gurugram,Haryana,North,Home & Kitchen,Dining Set,1,4468.14,10.0,4021.33,Credit Card,Delivered,300.45,4.1
ORD103310,2025-06-26,CUST1040,Customer_1029,Male,55,Chennai,Tamil Nadu,South,Sports,Yoga Mat,2,2234.56,10.0,4022.21,Credit Card,Cancelled,744.16,3.7
ORD103311,2025-04-28,CUST1618,Customer_1015,Female,22,New Delhi,Delhi,North,Home & Kitchen,Cookware Set,1,5376.12,15.0,4569.7,UPI,Delivered,575.06,4.2
ORD103312,2025-12-27,CUST1126,Customer_1120,Female,27,Jaipur,Rajasthan,North,Sports,Football,1,726.93,10.0,654.24,Net Banking,Delivered,133.49,4.9
ORD103313,2025-05-20,CUST1293,Customer_1466,Female,32,Gurugram,Haryana,North,Home & Kitchen,Air Fryer,3,13375.71,10.0,36114.42,UPI,Returned,7604.83,3.2
ORD103314,2025-08-07,CUST1685,Customer_1605,Female,18,Gurugram,Haryana,North,Electronics,Smartphone,2,53819.9,0.0,107639.8,Debit Card,Cancelled,23384.23,4.3
ORD103315,2025-12-12,CUST1499,Customer_1649,Female,31,Ludhiana,Punjab,North,Home & Kitchen,Bedsheet,2,1146.68,20.0,1834.69,UPI,Delivered,393.17,3.8
ORD103316,2025-04-21,CUST1116,Customer_1307,Male,38,Ranchi,Jharkhand,East,Fashion,T-Shirt,1,446.12,20.0,356.9,UPI,Delivered,31.58,3.6
ORD103317,2025-09-16,CUST1713,Customer_1624,Female,20,Ahmedabad,Gujarat,West,Fashion,Jeans,3,2342.58,15.0,5973.58,Credit Card,Delivered,1124.07,3.1
ORD103318,2025-07-05,CUST1082,Customer_1019,Female,24,Kolkata,West Bengal,East,Fashion,Backpack,2,2417.19,10.0,4350.94,UPI,Delivered,425.9,5.0
ORD103319,2025-04-20,CUST1168,Customer_1728,Female,21,Kolkata,West Bengal,East,Home & Kitchen,Bedsheet,2,805.9,10.0,1450.62,Debit Card,Cancelled,296.75,3.7
ORD103320,2025-06-06,CUST1793,Customer_1028,Male,35,New Delhi,Delhi,North,Fashion,Jeans,2,2632.11,5.0,5001.01,UPI,Delivered,478.42,4.6
ORD103321,2025-07-06,CUST1779,Customer_1393,Male,37,Mumbai,Maharashtra,West,Electronics,Smartphone,1,27706.56,10.0,24935.9,Credit Card,Delivered,4622.12,4.6
ORD103322,2025-03-14,CUST1547,Customer_1143,Male,31,Hyderabad,Telangana,South,Home & Kitchen,Cookware Set,3,7274.02,20.0,17457.65,UPI,Cancelled,3789.85,3.1
ORD103323,2025-05-14,CUST1521,Customer_1527,Male,32,,Goa,West,Fashion,T-Shirt,3,716.62,15.0,1827.38,Net Banking,Delivered,144.18,3.8
ORD103324,2025-01-23,CUST1321,Customer_1045,Female,34,Kolkata,West Bengal,East,Fashion,Backpack,2,2469.53,15.0,4198.2,Cash on Delivery,Delivered,425.51,3.8
ORD103325,2025-06-18,CUST1232,Customer_1111,Male,40,Panaji,Goa,West,Electronics,Headphones,2,1993.33,10.0,3587.99,Debit Card,Shipped,383.99,3.6
ORD103326,2025-08-21,CUST1271,Customer_1132,Female,28,Patna,Bihar,East,Fashion,Backpack,2,1901.95,25.0,2852.93,Credit Card,Delivered,503.27,3.9
ORD103327,2025-07-08,CUST1385,Customer_1543,Male,18,Chennai,Tamil Nadu,South,Home & Kitchen,Air Fryer,1,7842.95,5.0,7450.8,UPI,Delivered,949.8,2.6
ORD103328,2025-10-08,CUST1689,Customer_1055,Male,25,Kochi,Kerala,South,Electronics,Laptop,1,54849.14,25.0,41136.85,UPI,Delivered,2774.72,5.0
ORD103329,2025-03-07,CUST1031,Customer_1750,Female,24,Ahmedabad,Gujarat,West,Electronics,Tablet,2,47716.09,20.0,76345.74,UPI,Delivered,16102.74,4.2
ORD103330,2025-04-15,CUST1220,Customer_1767,Male,34,Ludhiana,Punjab,North,Sports,Running Shoes,1,8987.03,5.0,8537.68,Debit Card,Cancelled,788.96,3.4
ORD103331,2025-08-23,CUST1602,Customer_1094,Male,22,Patna,Bihar,East,Electronics,Laptop,1,42876.84,15.0,36445.31,Debit Card,Delivered,3462.4,4.2
ORD103332,2025-01-17,CUST1122,Customer_1228,Male,36,Panaji,Goa,West,Electronics,Smartwatch,1,10198.51,15.0,8668.73,Credit Card,Shipped,524.99,3.5
ORD103333,2025-01-31,CUST1674,Customer_1790,Female,37,Ludhiana,Punjab,North,Home & Kitchen,Bedsheet,1,1652.64,10.0,1487.38,Credit Card,Delivered,163.26,3.7
ORD103334,2025-08-10,CUST1781,Customer_1588,Male,31,Jaipur,Rajasthan,North,Electronics,Tablet,4,14848.18,20.0,47514.18,UPI,Delivered,3062.07,4.8
ORD103335,2025-05-16,CUST1392,Customer_1743,Male,40,Mumbai,Maharashtra,West,Electronics,Headphones,1,6421.28,20.0,5137.02,UPI,Cancelled,712.86,3.7
ORD103336,2025-04-08,CUST1279,Customer_1698,Male,26,Gurugram,Haryana,North,Sports,Cricket Bat,1,7402.69,10.0,6662.42,Debit Card,Shipped,1181.52,4.2
ORD103337,2025-12-23,CUST1444,Customer_1133,Female,24,Gurugram,Haryana,North,Electronics,Tablet,4,38065.91,15.0,129424.09,Debit Card,Delivered,21246.26,4.6
ORD103338,2025-10-02,CUST1602,Customer_1286,Female,24,Kolkata,West Bengal,East,Sports,Yoga Mat,1,886.76,20.0,709.41,Credit Card,Delivered,49.63,3.3
ORD103339,2025-07-11,CUST1167,Customer_1099,Female,30,Patna,Bihar,East,Home & Kitchen,Dining Set,2,8537.5,10.0,15367.5,UPI,Returned,1636.47,4.2
ORD103340,2025-02-15,CUST1204,Customer_1193,Male,42,Chennai,Tamil Nadu,South,Beauty,Face Wash,1,701.28,20.0,561.02,UPI,Delivered,90.41,3.4
ORD103341,2025-06-15,CUST1569,Customer_1635,Female,18,Chennai,Tamil Nadu,South,Sports,Yoga Mat,2,516.46,0.0,1032.92,Credit Card,Delivered,224.47,3.8
ORD103342,2025-03-07,CUST1270,Customer_1389,Male,38,Chennai,Tamil Nadu,South,Sports,Cricket Bat,1,3329.05,0.0,3329.05,UPI,Delivered,226.05,3.6
ORD103343,2025-09-22,CUST1270,Customer_1515,Male,39,Patna,Bihar,East,Home & Kitchen,Bedsheet,4,1535.9,10.0,5529.24,UPI,Delivered,1041.19,3.6
ORD103344,2025-12-18,CUST1520,Customer_1666,Female,18,Bhubaneswar,Odisha,East,Fashion,Jeans,2,2239.91,5.0,4255.83,UPI,Delivered,809.72,4.6
ORD103345,2025-10-22,CUST1314,Customer_1569,Female,38,Bengaluru,Karnataka,South,Electronics,Headphones,1,6177.67,0.0,6177.67,Net Banking,Delivered,736.47,3.8
ORD103346,2025-02-06,CUST1605,Customer_1134,Female,37,Panaji,Goa,West,Electronics,Smartwatch,2,7837.89,10.0,14108.2,Debit Card,Delivered,2702.47,4.0
ORD103347,2025-01-18,CUST1263,Customer_1277,Male,30,Kochi,Kerala,South,Electronics,Tablet,5,23024.78,10.0,103611.51,UPI,Delivered,7499.26,4.3
ORD103348,2025-03-30,CUST1099,Customer_1037,Female,43,Kolkata,West Bengal,East,Fashion,Jeans,1,1173.41,10.0,1056.07,Debit Card,Delivered,67.83,4.0
ORD103349,2025-07-02,CUST1564,Customer_1511,Male,30,Ludhiana,Punjab,North,Electronics,Smartphone,1,47198.42,5.0,44838.5,Credit Card,Delivered,8453.37,4.1
ORD103350,2025-05-10,CUST1131,Customer_1518,Female,29,Bengaluru,Karnataka,South,Home & Kitchen,Dining Set,1,6053.63,15.0,5145.59,UPI,Shipped,519.05,4.9
ORD103351,2025-01-01,CUST1167,Customer_1549,Male,27,Bengaluru,Karnataka,South,Home & Kitchen,Dining Set,2,8775.82,5.0,16674.06,Debit Card,Delivered,2151.27,3.7
ORD103352,2025-10-14,CUST1308,Customer_1251,Male,27,Mumbai,Maharashtra,West,Fashion,Backpack,1,2521.75,10.0,2269.58,UPI,Delivered,425.71,3.2
ORD103353,2025-01-06,CUST1012,Customer_1250,Female,18,Panaji,Goa,West,Beauty,Perfume,3,3138.11,10.0,8472.9,Debit Card,Delivered,1502.58,4.5
ORD103354,2025-09-07,CUST1272,Customer_1286,Male,35,Jaipur,Rajasthan,North,Sports,Dumbbells,2,1115.23,5.0,2118.94,UPI,Delivered,420.24,4.0
ORD103355,2025-03-31,CUST1798,Customer_1273,Female,39,Hyderabad,Telangana,South,Sports,Dumbbells,1,4175.84,15.0,3549.46,Credit Card,Delivered,344.03,3.5
ORD103356,2025-06-06,CUST1763,Customer_1776,Male,21,Panaji,Goa,West,Beauty,Moisturizer,1,942.28,0.0,942.28,UPI,Returned,116.6,4.0
ORD103357,2025-04-14,CUST1331,Customer_1364,Female,19,Kochi,Kerala,South,Beauty,Moisturizer,1,1338.72,10.0,1204.85,Credit Card,Delivered,246.29,3.9
ORD103358,2025-05-18,CUST1506,Customer_1624,Female,37,Kolkata,West Bengal,East,Fashion,Jacket,1,4293.97,10.0,3864.57,Net Banking,Delivered,796.04,3.9
ORD103359,2025-02-13,CUST1037,Customer_1761,Male,33,New Delhi,Delhi,North,Electronics,Laptop,2,77169.41,20.0,123471.06,Net Banking,Delivered,12981.77,5.0
ORD103360,2025-10-03,CUST1633,Customer_1062,Male,34,Patna,Bihar,East,Fashion,Jeans,1,2876.16,15.0,2444.74,Debit Card,Returned,415.38,3.6
ORD103361,2025-06-11,CUST1776,Customer_1537,Female,34,New Delhi,Delhi,North,Electronics,Laptop,1,36896.82,20.0,29517.46,Cash on Delivery,Delivered,6268.44,3.8
ORD103362,2025-05-08,CUST1140,Customer_1248,Female,18,Ranchi,Jharkhand,East,Electronics,Laptop,2,65770.15,10.0,118386.27,Debit Card,Delivered,17556.14,5.0
ORD103363,2025-08-23,CUST1133,Customer_1446,Male,18,Ahmedabad,Gujarat,West,Beauty,Shampoo,1,266.09,10.0,239.48,Debit Card,Delivered,42.15,3.5
ORD103364,2025-09-08,CUST1635,Customer_1366,Male,28,Panaji,Goa,West,Electronics,Smartphone,2,25830.42,20.0,41328.67,Credit Card,Cancelled,6297.91,5.0
ORD103365,2025-10-02,CUST1037,Customer_1443,Male,25,Lucknow,Uttar Pradesh,North,Home & Kitchen,Cookware Set,1,2115.31,15.0,1798.01,Credit Card,Delivered,161.46,4.7
ORD103366,2025-10-17,CUST1367,Customer_1027,Female,19,Hyderabad,Telangana,South,Fashion,T-Shirt,3,1631.57,25.0,3671.03,Debit Card,Cancelled,272.43,3.4
ORD103367,2025-06-15,CUST1734,Customer_1795,Male,26,Ludhiana,Punjab,North,Electronics,Tablet,1,47713.75,20.0,38171.0,Net Banking,Delivered,8067.86,3.8
ORD103368,2025-11-06,CUST1520,Customer_1430,Male,40,Kochi,Kerala,South,Beauty,Makeup Kit,2,3513.75,10.0,6324.75,UPI,Delivered,798.22,4.2
ORD103369,2025-07-05,CUST1738,Customer_1413,Female,25,Kolkata,West Bengal,East,Home & Kitchen,Air Fryer,1,14794.35,20.0,11835.48,Cash on Delivery,Delivered,1481.13,5.0
ORD103370,2025-09-27,CUST1344,Customer_1271,Female,25,Jaipur,Rajasthan,North,Fashion,Jeans,2,1699.46,15.0,2889.08,UPI,Delivered,498.25,5.0
ORD103371,2025-01-04,CUST1542,Customer_1678,Female,26,Ranchi,Jharkhand,East,Sports,Running Shoes,2,7272.24,5.0,13817.26,UPI,Delivered,2386.2,5.0
ORD103372,2025-06-13,CUST1772,Customer_1277,Female,50,Jaipur,Rajasthan,North,Beauty,Face Wash,1,269.42,10.0,242.48,Debit Card,Delivered,38.2,4.2
ORD103373,2025-07-01,CUST1234,Customer_1133,Female,26,Jaipur,Rajasthan,North,Fashion,Jeans,2,1661.22,10.0,2990.2,Cash on Delivery,Delivered,570.48,2.8
ORD103374,2025-10-02,CUST1181,Customer_1434,Female,34,Panaji,Goa,West,Fashion,Backpack,2,3033.66,0.0,6067.32,Debit Card,Delivered,1103.64,2.6
ORD103375,2025-12-21,CUST1092,Customer_1594,Male,21,Jaipur,Rajasthan,North,Fashion,Backpack,1,2396.85,0.0,2396.85,UPI,Delivered,271.83,3.8
ORD103376,2025-12-07,CUST1510,Customer_1431,Female,20,Jaipur,Rajasthan,North,Electronics,Tablet,2,15078.54,15.0,25633.52,UPI,Delivered,3673.12,3.5
ORD103377,2025-06-24,CUST1433,Customer_1449,Female,31,Gurugram,Haryana,North,Sports,Dumbbells,1,2002.46,10.0,1802.21,Credit Card,Delivered,347.6,3.7
ORD103378,2025-09-17,CUST1481,Customer_1451,Male,30,Ludhiana,Punjab,North,Electronics,Laptop,1,54661.6,20.0,43729.28,Credit Card,Shipped,9488.1,4.2
ORD103379,2025-12-31,CUST1261,Customer_1767,Female,51,Bhubaneswar,Odisha,East,Fashion,T-Shirt,1,842.12,10.0,757.91,UPI,Delivered,46.9,5.0
ORD103380,2025-04-21,CUST1088,Customer_1636,Male,30,Jaipur,Rajasthan,North,Fashion,Jeans,1,1386.03,10.0,1247.43,Credit Card,Delivered,100.76,5.0
ORD103381,2025-04-17,CUST1206,Customer_1721,Female,28,Ahmedabad,Gujarat,West,Beauty,Makeup Kit,2,2084.64,15.0,3543.89,Net Banking,Delivered,301.12,5.0
ORD103382,2025-09-06,CUST1702,Customer_1401,Female,36,Panaji,Goa,West,Sports,Cricket Bat,1,2308.56,5.0,2193.13,UPI,Delivered,199.75,2.8
ORD103383,2025-03-30,CUST1020,Customer_1315,Male,34,Lucknow,Uttar Pradesh,North,Sports,Football,1,889.6,15.0,756.16,Credit Card,Cancelled,63.19,4.9
ORD103384,2025-04-21,CUST1001,Customer_1367,Female,21,Patna,Bihar,East,Electronics,Smartphone,3,27646.45,0.0,82939.35,UPI,Delivered,9721.61,3.2
ORD103385,2025-06-05,CUST1054,Customer_1476,Female,33,Gurugram,Haryana,North,Home & Kitchen,Mixer Grinder,2,4823.15,5.0,9163.98,Credit Card,Delivered,938.91,3.5
ORD103386,2025-02-26,CUST1707,Customer_1450,Female,30,Patna,Bihar,East,Electronics,Smartphone,1,43100.53,10.0,38790.48,Net Banking,Delivered,4494.86,3.7
ORD103387,2025-06-29,CUST1097,Customer_1369,Female,25,Mumbai,Maharashtra,West,Beauty,Moisturizer,1,1106.06,15.0,940.15,Cash on Delivery,Delivered,177.31,3.9
ORD103388,2025-04-02,CUST1069,Customer_1308,Female,28,Mumbai,Maharashtra,West,Beauty,Perfume,1,1095.57,10.0,986.01,UPI,Delivered,106.53,4.3
ORD103389,2025-09-25,CUST1453,Customer_1200,Male,35,Mumbai,Maharashtra,West,Sports,Football,1,1833.27,25.0,1374.95,Debit Card,Cancelled,244.68,3.2
ORD103390,2025-01-03,CUST1360,Customer_1383,Male,27,Chennai,Tamil Nadu,South,Electronics,Tablet,1,20237.92,25.0,15178.44,Credit Card,Delivered,1792.13,4.2
ORD103391,2025-02-16,CUST1016,Customer_1620,Other,30,Bhubaneswar,Odisha,East,Electronics,Smartphone,5,35946.81,20.0,143787.24,UPI,Delivered,22246.58,3.5
ORD103392,2025-10-02,CUST1224,Customer_1367,Female,18,Jaipur,Rajasthan,North,Fashion,Jacket,1,5487.73,10.0,4938.96,UPI,Delivered,929.21,3.7
ORD103393,2025-10-30,CUST1012,Customer_1668,Male,23,Gurugram,Haryana,North,Sports,Football,1,2451.66,10.0,2206.49,Debit Card,Delivered,468.03,4.6
ORD103394,2025-12-04,CUST1496,Customer_1586,Male,47,Mumbai,Maharashtra,West,Electronics,Laptop,1,78803.1,20.0,63042.48,UPI,Delivered,4507.68,3.9
ORD103395,2025-02-08,CUST1330,Customer_1323,Male,18,Jaipur,Rajasthan,North,Home & Kitchen,Air Fryer,1,6778.31,15.0,5761.56,UPI,Delivered,692.2,4.6
ORD103396,2025-05-22,CUST1005,Customer_1167,Male,27,Panaji,Goa,West,Beauty,Face Wash,1,732.71,10.0,659.44,UPI,Shipped,48.14,3.8
ORD103397,2025-11-05,CUST1016,Customer_1062,Female,26,Patna,Bihar,East,Electronics,Headphones,2,1334.98,10.0,2402.96,UPI,Returned,263.5,2.6
ORD103398,2025-05-24,CUST1742,Customer_1176,Female,43,Panaji,Goa,West,Electronics,Headphones,4,5757.11,10.0,20725.6,Cash on Delivery,Delivered,3219.27,3.3
ORD103399,2025-09-25,CUST1433,Customer_1336,Female,25,Jaipur,Rajasthan,North,Home & Kitchen,Mixer Grinder,1,7926.4,0.0,7926.4,Debit Card,Delivered,1634.78,3.5
ORD103400,2025-02-24,CUST1208,Customer_1132,Female,39,Kolkata,West Bengal,East,Home & Kitchen,Air Fryer,1,7134.79,10.0,6421.31,UPI,Cancelled,723.76,4.4
ORD103401,2025-10-11,CUST1799,Customer_1228,Male,44,Hyderabad,Telangana,South,Fashion,Jacket,2,4983.27,20.0,7973.23,UPI,Delivered,668.92,4.0
ORD103402,2025-09-26,CUST1572,Customer_1796,Male,18,Ahmedabad,Gujarat,West,Fashion,Jacket,1,4165.04,15.0,3540.28,UPI,Delivered,641.75,4.8
ORD103403,2025-07-01,CUST1617,Customer_1096,Male,37,Mumbai,Maharashtra,West,Sports,Running Shoes,3,2571.64,10.0,6943.43,Cash on Delivery,Delivered,801.52,4.6
ORD103404,2025-02-14,CUST1138,Customer_1698,Female,34,Mumbai,Maharashtra,West,Electronics,Headphones,2,3254.56,20.0,5207.3,Cash on Delivery,Delivered,334.76,4.3
ORD103405,2025-05-19,CUST1364,Customer_1236,Male,40,Bhubaneswar,Odisha,East,Home & Kitchen,Air Fryer,1,6611.48,0.0,6611.48,UPI,Returned,1049.6,3.7
ORD103406,2025-04-23,CUST1501,Customer_1344,Female,40,Kochi,Kerala,South,Electronics,Headphones,5,3231.5,10.0,14541.75,Net Banking,Delivered,2783.41,4.3
ORD103407,2025-11-18,CUST1724,Customer_1027,Male,34,Ludhiana,Punjab,North,Electronics,Tablet,1,18868.83,0.0,18868.83,Debit Card,Delivered,3774.98,3.7
ORD103408,2025-12-18,CUST1094,Customer_1214,Male,40,Kochi,Kerala,South,Fashion,Jeans,2,1102.3,15.0,1873.91,UPI,Delivered,142.56,3.6
ORD103409,2025-05-10,CUST1704,Customer_1709,Female,29,Gurugram,Haryana,North,Electronics,Smartwatch,1,10658.02,0.0,10658.02,UPI,Delivered,1862.72,4.6
ORD103410,2025-09-14,CUST1723,Customer_1515,Female,21,Hyderabad,Telangana,South,Fashion,Jeans,2,2113.23,5.0,4015.14,Cash on Delivery,Delivered,682.32,4.4
ORD103411,2025-06-26,CUST1067,Customer_1151,Female,24,Hyderabad,Telangana,South,Electronics,Laptop,1,75344.0,15.0,64042.4,Debit Card,Delivered,12260.04,4.5
ORD103412,2025-09-10,CUST1416,Customer_1507,Female,26,Panaji,Goa,West,Electronics,Smartwatch,1,4977.12,10.0,4479.41,Credit Card,Delivered,838.94,3.9
ORD103413,2025-04-18,CUST1752,Customer_1579,Male,18,Ahmedabad,Gujarat,West,Fashion,Jacket,4,2838.69,15.0,9651.55,Debit Card,Delivered,1105.21,3.8
ORD103414,2025-09-24,CUST1123,Customer_1535,Female,30,Kochi,Kerala,South,Fashion,Backpack,1,1850.67,15.0,1573.07,Net Banking,Cancelled,182.74,3.4
ORD103415,2025-08-15,CUST1368,Customer_1458,Male,28,Bhubaneswar,Odisha,East,Electronics,Smartwatch,3,5371.43,15.0,13697.15,UPI,Delivered,2074.33,4.7
ORD103416,2025-08-25,CUST1595,Customer_1687,Male,34,Panaji,Goa,West,Electronics,Laptop,1,62066.4,10.0,55859.76,UPI,Delivered,10287.19,4.4
ORD103417,2025-10-25,CUST1158,Customer_1094,Female,34,Hyderabad,Telangana,South,Fashion,Jacket,2,3438.42,0.0,6876.84,Debit Card,Delivered,544.8,5.0
ORD103418,2025-10-01,CUST1148,Customer_1519,Male,32,Chennai,Tamil Nadu,South,Electronics,Smartphone,2,56522.64,0.0,113045.28,Debit Card,Delivered,14568.85,3.6
ORD103419,2025-06-18,CUST1393,Customer_1032,Male,34,Kochi,Kerala,South,Electronics,Smartphone,3,56743.01,5.0,161717.58,Debit Card,Delivered,21527.29,2.7
ORD103420,2025-11-23,CUST1347,Customer_1442,Female,34,Jaipur,Rajasthan,North,Electronics,Smartwatch,1,4189.58,10.0,3770.62,Net Banking,Delivered,320.73,2.8
ORD103421,2025-05-05,CUST1491,Customer_1321,Male,43,Bengaluru,Karnataka,South,Sports,Cricket Bat,3,1741.25,20.0,4179.0,Debit Card,Returned,346.25,4.0
ORD103422,2025-06-04,CUST1624,Customer_1610,Other,30,Gurugram,Haryana,North,Fashion,T-Shirt,2,441.27,10.0,794.29,UPI,Delivered,138.91,4.8
ORD103423,2025-10-24,CUST1349,Customer_1491,Female,23,Lucknow,Uttar Pradesh,North,Sports,Football,2,2399.02,20.0,3838.43,UPI,Delivered,637.42,5.0
ORD103424,2025-11-23,CUST1105,Customer_1569,Male,44,Hyderabad,Telangana,South,Sports,Cricket Bat,1,7215.36,20.0,5772.29,Credit Card,Delivered,812.51,3.5
ORD103425,2025-11-06,CUST1637,Customer_1675,Male,20,Bengaluru,Karnataka,South,Electronics,Headphones,4,7687.02,5.0,29210.68,Credit Card,Delivered,2828.7,4.7
ORD103426,2025-11-18,CUST1302,Customer_1212,Male,29,New Delhi,Delhi,North,Home & Kitchen,Dining Set,3,5815.68,15.0,14829.98,UPI,Returned,2193.79,4.4
ORD103427,2025-12-17,CUST1774,Customer_1123,Female,26,Ludhiana,Punjab,North,Fashion,Jeans,2,2447.38,15.0,4160.55,Debit Card,Delivered,469.41,3.5
ORD103428,2025-06-26,CUST1286,Customer_1621,Female,33,Lucknow,Uttar Pradesh,North,Electronics,Smartwatch,2,10200.85,10.0,18361.53,UPI,Delivered,1959.48,3.8
ORD103429,2025-10-21,CUST1152,Customer_1095,Female,31,Kolkata,West Bengal,East,Home & Kitchen,Bedsheet,3,1059.93,5.0,3020.8,Debit Card,Delivered,597.51,4.5
ORD103430,2025-09-14,CUST1397,Customer_1789,Male,47,New Delhi,Delhi,North,Electronics,Smartphone,3,35076.23,20.0,84182.95,Cash on Delivery,Delivered,6451.92,4.4
ORD103431,2025-11-22,CUST1021,Customer_1606,Male,33,Kolkata,West Bengal,East,Sports,Running Shoes,2,6099.34,20.0,9758.94,UPI,Cancelled,914.1,3.8
ORD103432,2025-04-08,CUST1628,Customer_1123,Male,31,Bengaluru,Karnataka,South,Electronics,Smartwatch,2,12046.86,0.0,24093.72,UPI,Delivered,3673.51,4.2
ORD103433,2025-06-05,CUST1279,Customer_1135,Male,23,Jaipur,Rajasthan,North,Sports,Yoga Mat,3,1480.21,5.0,4218.6,UPI,Delivered,856.58,3.9
ORD103434,2025-07-14,CUST1670,Customer_1275,Male,38,Hyderabad,Telangana,South,Fashion,Jeans,1,2935.79,5.0,2789.0,Credit Card,Delivered,449.86,5.0
ORD103435,2025-10-05,CUST1343,Customer_1297,Male,42,Jaipur,Rajasthan,North,Electronics,Tablet,2,22148.7,25.0,33223.05,UPI,Delivered,2827.61,4.4
ORD103436,2025-05-10,CUST1363,Customer_1616,Female,46,Chennai,Tamil Nadu,South,Electronics,Laptop,2,44607.62,20.0,71372.19,UPI,Delivered,8022.86,4.6
ORD103437,2025-05-17,CUST1538,Customer_1262,Female,18,Bengaluru,Karnataka,South,Fashion,Jeans,1,2171.6,15.0,1845.86,UPI,Delivered,384.51,4.4
ORD103438,2025-06-23,CUST1344,Customer_1205,Male,28,Bhubaneswar,Odisha,East,Home & Kitchen,Mixer Grinder,1,7474.73,5.0,7100.99,Credit Card,Delivered,1154.83,4.1
ORD103439,2025-08-18,CUST1289,Customer_1632,Other,28,Ahmedabad,Gujarat,West,Electronics,Laptop,1,62273.17,10.0,56045.85,UPI,Cancelled,12293.9,4.5
ORD103440,2025-04-18,CUST1271,Customer_1626,Male,37,New Delhi,Delhi,North,Beauty,Shampoo,4,477.65,20.0,1528.48,Debit Card,Shipped,264.57,2.7
ORD103441,2025-08-25,CUST1113,Customer_1427,Female,18,Gurugram,Haryana,North,Fashion,Backpack,5,2187.59,15.0,9297.26,UPI,Delivered,1079.34,3.4
ORD103442,2025-02-22,CUST1156,Customer_1792,Female,36,Chennai,Tamil Nadu,South,Home & Kitchen,Bedsheet,4,1950.12,5.0,7410.46,Net Banking,Shipped,713.84,3.9
ORD103443,2025-07-05,CUST1588,Customer_1564,Male,46,Panaji,Goa,West,Home & Kitchen,Mixer Grinder,1,7375.32,5.0,7006.55,UPI,Delivered,548.37,4.5
ORD103444,2025-04-13,CUST1512,Customer_1635,Female,39,Bhubaneswar,Odisha,East,Fashion,T-Shirt,1,1308.49,15.0,1112.22,UPI,Delivered,77.89,4.8
ORD103445,2025-02-15,CUST1030,Customer_1197,Male,27,Kolkata,West Bengal,East,Electronics,Tablet,2,49785.08,20.0,79656.13,UPI,Delivered,13773.37,3.7
ORD103446,2025-09-28,CUST1311,Customer_1313,Male,35,Bhubaneswar,Odisha,East,Electronics,Smartphone,1,67438.34,0.0,67438.34,Debit Card,Delivered,9428.88,3.5
ORD103447,2025-08-22,CUST1351,Customer_1162,Male,21,Kolkata,West Bengal,East,Electronics,Smartwatch,2,11403.92,5.0,21667.45,Debit Card,Delivered,2510.61,4.7
ORD103448,2025-11-07,CUST1703,Customer_1390,Male,18,Ludhiana,Punjab,North,Fashion,T-Shirt,1,1626.23,15.0,1382.3,UPI,Shipped,106.69,4.3
ORD103449,2025-05-25,CUST1159,Customer_1272,Male,30,Lucknow,Uttar Pradesh,North,Fashion,Shoes,2,6983.84,10.0,12570.91,Net Banking,Shipped,956.01,3.6
ORD103450,2025-09-03,CUST1240,Customer_1481,Female,38,Chennai,Tamil Nadu,South,Home & Kitchen,Air Fryer,1,5515.5,10.0,4963.95,Credit Card,Cancelled,707.39,4.2
ORD103451,2025-03-05,CUST1721,Customer_1225,Male,27,Hyderabad,Telangana,South,Electronics,Laptop,1,50617.73,25.0,37963.3,Debit Card,Cancelled,6330.41,3.0
ORD103452,2025-04-19,CUST1609,Customer_1550,Female,18,Chennai,Tamil Nadu,South,Sports,Running Shoes,2,3637.99,10.0,6548.38,Cash on Delivery,Delivered,958.15,4.3
ORD103453,2025-11-11,CUST1223,Customer_1189,Male,28,Ahmedabad,Gujarat,West,Home & Kitchen,Air Fryer,1,14828.98,15.0,12604.63,UPI,Delivered,1728.36,2.2
ORD103454,2025-03-17,CUST1265,Customer_1315,Male,20,Mumbai,Maharashtra,West,Electronics,Headphones,1,4324.63,15.0,3675.94,UPI,Shipped,553.82,4.1
ORD103455,2025-07-10,CUST1223,Customer_1769,Female,39,Panaji,Goa,West,Home & Kitchen,Mixer Grinder,3,5063.29,15.0,12911.39,UPI,Shipped,2499.16,2.2
ORD103456,2025-08-13,CUST1387,Customer_1075,Male,35,Patna,Bihar,East,Sports,Running Shoes,3,5447.01,25.0,12255.77,UPI,Delivered,1988.81,4.1
ORD103457,2025-04-12,CUST1497,Customer_1410,Male,39,Panaji,Goa,West,Fashion,Jacket,3,4826.74,10.0,13032.2,Net Banking,Shipped,2094.51,3.1
ORD103458,2025-11-21,CUST1098,Customer_1443,Female,21,Ahmedabad,Gujarat,West,Electronics,Tablet,1,24866.58,0.0,24866.58,Cash on Delivery,Delivered,5454.99,4.2
ORD103459,2025-06-30,CUST1210,Customer_1342,Male,30,Kochi,Kerala,South,Fashion,Shoes,1,3663.96,15.0,3114.37,Debit Card,Delivered,494.85,4.3
ORD103460,2025-06-02,CUST1295,Customer_1039,Male,30,Kochi,Kerala,South,Sports,Yoga Mat,1,2499.34,20.0,1999.47,UPI,Delivered,418.48,4.0
ORD103461,2025-10-12,CUST1380,Customer_1791,Male,42,Ahmedabad,Gujarat,West,Sports,Dumbbells,1,4180.28,10.0,3762.25,Credit Card,Delivered,442.59,3.8
ORD103462,2025-08-17,CUST1471,Customer_1642,Female,48,New Delhi,Delhi,North,Fashion,Backpack,3,2982.03,10.0,8051.48,UPI,Delivered,938.03,
ORD103463,2025-03-28,CUST1519,Customer_1667,Male,38,Kochi,Kerala,South,Fashion,Jacket,1,3821.53,20.0,3057.22,Cash on Delivery,Delivered,465.02,4.9
ORD103464,2025-11-22,CUST1198,Customer_1209,Female,43,Kolkata,West Bengal,East,Beauty,Perfume,1,2094.96,15.0,1780.72,Cash on Delivery,Delivered,372.86,4.0
ORD103465,2025-10-27,CUST1542,Customer_1106,Male,24,Ranchi,Jharkhand,East,Fashion,T-Shirt,2,784.22,5.0,1490.02,Debit Card,Returned,300.51,4.4
ORD103466,2025-12-04,CUST1107,Customer_1521,Male,26,New Delhi,Delhi,North,Home & Kitchen,Bedsheet,1,833.63,20.0,666.9,Debit Card,Delivered,134.46,3.5
ORD103467,2025-09-18,CUST1562,Customer_1316,Female,39,Bengaluru,Karnataka,South,Sports,Football,4,842.18,25.0,2526.54,Credit Card,Delivered,504.23,4.6
ORD103468,2025-04-28,CUST1134,Customer_1018,Female,35,Lucknow,Uttar Pradesh,North,Home & Kitchen,Air Fryer,1,9999.31,20.0,7999.45,Credit Card,Delivered,523.88,3.9
ORD103469,2025-05-19,CUST1392,Customer_1384,Female,18,Chennai,Tamil Nadu,South,Sports,Cricket Bat,1,5681.72,10.0,5113.55,UPI,Delivered,806.48,3.7
ORD103470,2025-11-06,CUST1275,Customer_1514,Other,29,Chennai,Tamil Nadu,South,Electronics,Headphones,4,3336.68,5.0,12679.38,UPI,Delivered,1252.05,3.0
ORD103471,2025-05-14,CUST1452,Customer_1110,Male,31,Kochi,Kerala,South,Electronics,Smartwatch,2,6032.56,15.0,10255.35,UPI,Delivered,812.64,3.9
ORD103472,2025-06-04,CUST1482,Customer_1404,Male,33,Jaipur,Rajasthan,North,Electronics,Tablet,2,30563.51,15.0,51957.97,Debit Card,Delivered,11382.46,4.1
ORD103473,2025-08-11,CUST1108,Customer_1718,Female,40,New Delhi,Delhi,North,Electronics,Headphones,2,7550.3,15.0,12835.51,UPI,Returned,1883.05,4.4
ORD103474,2025-05-06,CUST1458,Customer_1567,Female,34,Bhubaneswar,Odisha,East,Sports,Running Shoes,1,4858.41,10.0,4372.57,Credit Card,Delivered,430.7,3.0
ORD103475,2025-12-03,CUST1009,Customer_1537,Female,18,Ahmedabad,Gujarat,West,Sports,Yoga Mat,1,1793.56,5.0,1703.88,UPI,Delivered,297.36,4.2
ORD103476,2025-10-14,CUST1274,Customer_1680,Female,27,Kochi,Kerala,South,Sports,Football,1,924.85,20.0,739.88,Credit Card,Delivered,63.44,3.6
ORD103477,2025-04-27,CUST1005,Customer_1733,Male,38,Bengaluru,Karnataka,South,Sports,Football,1,1091.13,0.0,1091.13,Debit Card,Delivered,150.01,4.5
ORD103478,2025-11-19,CUST1370,Customer_1156,Male,37,Ludhiana,Punjab,North,Home & Kitchen,Mixer Grinder,1,8990.55,20.0,7192.44,UPI,Delivered,1233.81,3.2
ORD103479,2025-04-17,CUST1155,Customer_1232,Female,24,Ranchi,Jharkhand,East,Sports,Football,2,1890.84,15.0,3214.43,Cash on Delivery,Shipped,584.85,3.2
ORD103480,2025-10-19,CUST1498,Customer_1616,Male,35,Kochi,Kerala,South,Electronics,Smartwatch,1,4124.46,0.0,4124.46,UPI,Delivered,739.36,4.3
ORD103481,2025-06-13,CUST1415,Customer_1714,Male,43,Bhubaneswar,Odisha,East,Beauty,Makeup Kit,1,2464.3,25.0,1848.23,UPI,Delivered,347.24,4.6
ORD103482,2025-09-04,CUST1501,Customer_1727,Female,56,Gurugram,Haryana,North,Sports,Dumbbells,2,3877.16,15.0,6591.17,Net Banking,Delivered,904.87,3.3
ORD103483,2025-09-22,CUST1064,Customer_1447,Male,50,New Delhi,Delhi,North,Beauty,Makeup Kit,1,1778.58,10.0,1600.72,Cash on Delivery,Delivered,206.16,3.8
ORD103484,2025-02-18,CUST1060,Customer_1258,Female,27,New Delhi,Delhi,North,Electronics,Tablet,1,14799.61,0.0,14799.61,UPI,Delivered,1495.95,2.9
ORD103485,2025-07-27,CUST1365,Customer_1241,Female,36,Mumbai,Maharashtra,West,Home & Kitchen,Cookware Set,1,5737.37,5.0,5450.5,Debit Card,Delivered,711.74,3.4
ORD103486,2025-01-05,CUST1794,Customer_1116,Female,37,Kochi,Kerala,South,Fashion,Backpack,2,2457.33,0.0,4914.66,Credit Card,Shipped,1004.96,5.0
ORD103487,2025-05-17,CUST1282,Customer_1743,Female,26,Lucknow,Uttar Pradesh,North,Fashion,Jeans,1,1030.62,15.0,876.03,Net Banking,Delivered,104.2,4.6
ORD103488,2025-07-10,CUST1145,Customer_1344,Male,22,Lucknow,Uttar Pradesh,North,Sports,Cricket Bat,1,5939.66,5.0,5642.68,UPI,Returned,596.7,3.3
ORD103489,2025-06-02,CUST1506,Customer_1080,Female,24,Kolkata,West Bengal,East,Fashion,Shoes,4,2261.8,0.0,9047.2,UPI,Shipped,1103.18,3.6
ORD103490,2025-02-25,CUST1030,Customer_1620,Male,39,New Delhi,Delhi,North,Beauty,Shampoo,4,656.45,15.0,2231.93,Credit Card,Delivered,437.53,3.5
ORD103491,2025-02-27,CUST1332,Customer_1151,Female,42,New Delhi,Delhi,North,Electronics,Tablet,1,25544.6,10.0,22990.14,Debit Card,Delivered,3522.79,3.3
ORD103492,2025-01-11,CUST1261,Customer_1071,Female,42,Mumbai,Maharashtra,West,Home & Kitchen,Air Fryer,3,12920.89,5.0,36824.54,Credit Card,Delivered,3389.77,4.0
ORD103493,2025-02-03,CUST1115,Customer_1430,Male,23,Ranchi,Jharkhand,East,Home & Kitchen,Bedsheet,1,1651.42,10.0,1486.28,UPI,Delivered,239.28,4.1
ORD103494,2025-03-24,CUST1267,Customer_1640,Male,25,Ludhiana,Punjab,North,Beauty,Moisturizer,2,363.52,0.0,727.04,Debit Card,Delivered,109.27,3.6
ORD103495,2025-06-21,CUST1526,Customer_1328,Female,28,Bengaluru,Karnataka,South,Fashion,T-Shirt,1,895.83,15.0,761.46,UPI,Delivered,111.0,4.7
ORD103496,2025-03-11,CUST1087,Customer_1075,Other,40,Kochi,Kerala,South,Beauty,Moisturizer,2,1178.24,5.0,2238.66,UPI,Shipped,358.59,4.8
ORD103497,2025-08-24,CUST1046,Customer_1392,Male,19,Lucknow,Uttar Pradesh,North,Fashion,Jacket,2,3400.11,20.0,5440.18,Net Banking,Delivered,353.14,4.7
ORD103498,2025-10-16,CUST1684,Customer_1309,Female,32,Jaipur,Rajasthan,North,Electronics,Smartphone,1,24344.26,20.0,19475.41,Cash on Delivery,Shipped,1675.75,2.9
ORD103499,2025-02-11,CUST1532,Customer_1604,Female,38,Patna,Bihar,East,Beauty,Shampoo,1,953.29,10.0,857.96,Net Banking,Returned,176.05,5.0
ORD103500,2025-11-19,CUST1736,Customer_1621,Female,18,Ahmedabad,Gujarat,West,Electronics,Smartwatch,3,5315.73,15.0,13555.11,Credit Card,Shipped,921.01,5.0
ORD103501,2025-11-25,CUST1794,Customer_1241,Male,38,Hyderabad,Telangana,South,Home & Kitchen,Cookware Set,1,3598.7,0.0,3598.7,UPI,Delivered,625.07,4.7
ORD103502,2025-10-28,CUST1080,Customer_1137,Female,29,Patna,Bihar,East,Electronics,Tablet,2,22628.37,10.0,40731.07,Credit Card,Delivered,5877.14,4.6
ORD103503,2025-02-26,CUST1203,Customer_1567,Female,35,Patna,Bihar,East,Sports,Dumbbells,3,2348.31,25.0,5283.7,Credit Card,Delivered,916.52,4.4
ORD103504,2025-08-29,CUST1390,Customer_1022,Male,31,Jaipur,Rajasthan,North,Electronics,Smartphone,3,27775.86,20.0,66662.06,UPI,Cancelled,6336.39,4.0
ORD103505,2025-08-18,CUST1330,Customer_1084,Male,29,Chennai,Tamil Nadu,South,Beauty,Face Wash,2,360.75,20.0,577.2,UPI,Delivered,55.75,3.7
ORD103506,2025-03-17,CUST1002,Customer_1383,Female,27,Bhubaneswar,Odisha,East,Fashion,T-Shirt,3,733.22,25.0,1649.74,Net Banking,Delivered,135.74,3.8
ORD103507,2025-07-02,CUST1516,Customer_1675,Male,27,Jaipur,Rajasthan,North,Electronics,Smartphone,1,54473.25,10.0,49025.93,Credit Card,Delivered,4598.27,4.0
ORD103508,2025-08-24,CUST1006,Customer_1601,Male,28,Ranchi,Jharkhand,East,Electronics,Smartwatch,1,11097.75,5.0,10542.86,Net Banking,Returned,785.85,5.0
ORD103509,2025-05-03,CUST1503,Customer_1799,Male,35,Ludhiana,Punjab,North,Home & Kitchen,Cookware Set,1,4355.5,5.0,4137.72,Debit Card,Delivered,254.06,5.0
ORD103510,2025-09-06,CUST1373,Customer_1515,Female,29,Mumbai,Maharashtra,West,Fashion,Shoes,1,1832.39,5.0,1740.77,Debit Card,Delivered,284.09,3.4
ORD103511,2025-04-09,CUST1460,Customer_1702,Male,32,Ludhiana,Punjab,North,Fashion,T-Shirt,1,577.19,5.0,548.33,UPI,Returned,57.18,4.5
ORD103512,2025-07-26,CUST1272,Customer_1727,Male,28,Bhubaneswar,Odisha,East,Home & Kitchen,Mixer Grinder,2,3558.05,10.0,6404.49,Debit Card,Delivered,1100.95,3.3
ORD103513,2025-07-03,CUST1515,Customer_1492,Male,21,Gurugram,Haryana,North,Home & Kitchen,Air Fryer,4,7931.93,0.0,31727.72,Cash on Delivery,Delivered,2323.62,3.7
ORD103514,2025-12-19,CUST1144,Customer_1745,Female,26,Jaipur,Rajasthan,North,Electronics,Tablet,2,48435.97,25.0,72653.96,Credit Card,Delivered,12072.54,3.6
ORD103515,2025-03-17,CUST1789,Customer_1528,Female,33,Lucknow,Uttar Pradesh,North,Fashion,Jeans,2,1304.89,20.0,2087.82,Net Banking,Delivered,229.45,3.9
ORD103516,2025-04-26,CUST1250,Customer_1429,Male,43,Kolkata,West Bengal,East,Home & Kitchen,Bedsheet,3,2426.57,25.0,5459.78,Cash on Delivery,Delivered,1144.99,4.3
ORD103517,2025-03-27,CUST1476,Customer_1453,Female,43,Ahmedabad,Gujarat,West,Fashion,Jeans,1,1017.27,15.0,864.68,UPI,Delivered,179.38,3.2
ORD103518,2025-02-21,CUST1594,Customer_1560,Male,18,Mumbai,Maharashtra,West,Beauty,Moisturizer,2,1154.93,15.0,1963.38,Credit Card,Delivered,250.26,5.0
ORD103519,2025-08-18,CUST1408,Customer_1349,Female,27,Kochi,Kerala,South,Fashion,Shoes,1,1954.27,25.0,1465.7,UPI,Delivered,187.65,4.5
ORD103520,2025-12-09,CUST1055,Customer_1312,Male,25,Lucknow,Uttar Pradesh,North,Electronics,Smartwatch,1,4392.93,10.0,3953.64,UPI,Delivered,856.09,3.9
ORD103521,2025-07-27,CUST1008,Customer_1654,Female,25,Panaji,Goa,West,Home & Kitchen,Bedsheet,5,2375.77,20.0,9503.08,Credit Card,Delivered,1294.46,3.9
ORD103522,2025-02-24,CUST1254,Customer_1727,Male,49,Ludhiana,Punjab,North,Electronics,Smartwatch,1,2161.28,10.0,1945.15,Credit Card,Delivered,224.03,3.1
ORD103523,2025-01-18,CUST1390,Customer_1242,Female,30,Ludhiana,Punjab,North,Electronics,Headphones,4,5156.65,10.0,18563.94,Debit Card,Delivered,4041.02,2.7
ORD103524,2025-02-10,CUST1040,Customer_1505,Female,21,Ranchi,Jharkhand,East,Electronics,Smartwatch,3,13257.2,0.0,39771.6,Debit Card,Delivered,7593.05,4.8
ORD103525,2025-06-04,CUST1609,Customer_1324,Female,18,Bengaluru,Karnataka,South,Fashion,Jeans,2,1025.39,20.0,1640.62,UPI,Delivered,344.54,3.0
ORD103526,2025-05-07,CUST1162,Customer_1316,Other,30,Gurugram,Haryana,North,Electronics,Laptop,3,76283.97,5.0,217409.31,UPI,Cancelled,35367.46,3.7
ORD103527,2025-10-28,CUST1077,Customer_1218,Female,20,Hyderabad,Telangana,South,Sports,Cricket Bat,3,5608.94,5.0,15985.48,Cash on Delivery,Delivered,1154.32,3.9
ORD103528,2025-10-01,CUST1257,Customer_1516,Other,41,Gurugram,Haryana,North,Beauty,Shampoo,2,362.24,10.0,652.03,UPI,Delivered,42.9,4.1
ORD103529,2025-08-19,CUST1703,Customer_1093,Female,32,Chennai,Tamil Nadu,South,Electronics,Headphones,4,7276.67,10.0,26196.01,Cash on Delivery,Delivered,4897.04,3.5
ORD103530,2025-12-08,CUST1508,Customer_1664,Male,24,Ranchi,Jharkhand,East,Fashion,Jeans,1,2575.52,0.0,2575.52,UPI,Shipped,239.29,3.9
ORD103531,2025-04-10,CUST1388,Customer_1659,Female,27,Chennai,Tamil Nadu,South,Fashion,Backpack,1,2786.24,10.0,2507.62,UPI,Delivered,455.28,3.6
ORD103532,2025-10-16,CUST1201,Customer_1519,Female,31,Bhubaneswar,Odisha,East,Fashion,Shoes,1,5283.53,15.0,4491.0,Debit Card,Delivered,565.58,4.0
ORD103533,2025-10-17,CUST1247,Customer_1412,Male,24,Ahmedabad,Gujarat,West,Beauty,Face Wash,1,421.95,10.0,379.75,Credit Card,Cancelled,62.44,2.3
ORD103534,2025-08-16,CUST1692,Customer_1371,Female,45,Hyderabad,Telangana,South,Fashion,Backpack,1,1281.72,0.0,1281.72,UPI,Delivered,164.34,4.1
ORD103535,2025-03-31,CUST1014,Customer_1019,Other,23,Panaji,Goa,West,Beauty,Perfume,1,1488.7,10.0,1339.83,UPI,Delivered,140.29,4.9
ORD103536,2025-05-06,CUST1010,Customer_1240,Male,25,Kochi,Kerala,South,Fashion,Jacket,5,4471.65,15.0,19004.51,Debit Card,Delivered,1337.92,3.7
ORD103537,2025-02-18,CUST1727,Customer_1689,Female,34,Patna,Bihar,East,Electronics,Tablet,2,38953.06,20.0,62324.9,UPI,Delivered,4192.46,4.2
ORD103538,2025-11-03,CUST1071,Customer_1444,Female,39,Chennai,Tamil Nadu,South,Fashion,Jeans,3,1502.53,15.0,3831.45,Credit Card,Delivered,685.56,5.0
ORD103539,2025-11-14,CUST1143,Customer_1167,Male,27,Kolkata,West Bengal,East,Home & Kitchen,Air Fryer,2,5827.82,5.0,11072.86,Credit Card,Delivered,938.54,4.8
ORD103540,2025-11-09,CUST1505,Customer_1523,Female,35,Chennai,Tamil Nadu,South,Fashion,Jeans,2,2077.3,10.0,3739.14,Net Banking,Delivered,621.1,4.9
ORD103541,2025-05-31,CUST1004,Customer_1018,Male,20,Ludhiana,Punjab,North,Home & Kitchen,Bedsheet,1,1982.9,5.0,1883.76,Credit Card,Shipped,366.7,4.0
ORD103542,2025-12-03,CUST1077,Customer_1580,Female,31,Bhubaneswar,Odisha,East,Electronics,Headphones,1,2686.91,15.0,2283.87,Cash on Delivery,Cancelled,375.75,3.9
ORD103543,2025-06-09,CUST1323,Customer_1014,Female,28,Lucknow,Uttar Pradesh,North,Fashion,T-Shirt,1,994.6,5.0,944.87,UPI,Shipped,75.81,4.8
ORD103544,2025-01-04,CUST1752,Customer_1592,Female,36,Patna,Bihar,East,Electronics,Tablet,4,26890.34,0.0,107561.36,Net Banking,Shipped,17463.98,4.7
ORD103545,2025-05-10,CUST1771,Customer_1184,Female,40,Ranchi,Jharkhand,East,Electronics,Headphones,2,6622.71,5.0,12583.15,Debit Card,Delivered,1147.42,3.9
ORD103546,2025-01-08,CUST1245,Customer_1165,Female,20,Lucknow,Uttar Pradesh,North,Sports,Running Shoes,1,2316.3,15.0,1968.86,Credit Card,Delivered,392.7,5.0
ORD103547,2025-04-25,CUST1753,Customer_1506,Other,35,Kochi,Kerala,South,Electronics,Headphones,1,7417.71,5.0,7046.82,UPI,Delivered,1095.46,4.7
ORD103548,2025-06-30,CUST1559,Customer_1332,Male,35,Hyderabad,Telangana,South,Electronics,Smartphone,2,56281.83,10.0,101307.29,Net Banking,Delivered,12978.03,2.2
ORD103549,2025-06-29,CUST1003,Customer_1278,Male,45,Bengaluru,Karnataka,South,Home & Kitchen,Bedsheet,1,1560.98,5.0,1482.93,Cash on Delivery,Delivered,183.55,3.6
ORD103550,2025-08-16,CUST1628,Customer_1373,Female,34,Mumbai,Maharashtra,West,Sports,Running Shoes,3,3401.85,20.0,8164.44,Net Banking,Delivered,1287.18,3.8
ORD103551,2025-05-19,CUST1632,Customer_1549,Female,41,Jaipur,Rajasthan,North,Fashion,T-Shirt,1,828.64,15.0,704.34,Credit Card,Delivered,115.15,4.2
ORD103552,2025-12-15,CUST1672,Customer_1222,Female,18,Jaipur,Rajasthan,North,Electronics,Headphones,2,7044.37,15.0,11975.43,UPI,Delivered,2411.01,4.4
ORD103553,2025-03-07,CUST1660,Customer_1716,Male,31,Ludhiana,Punjab,North,Home & Kitchen,Air Fryer,2,11109.82,0.0,22219.64,UPI,Delivered,1573.02,3.7
ORD103554,2025-01-17,CUST1047,Customer_1030,Male,18,Ludhiana,Punjab,North,Home & Kitchen,Dining Set,1,10699.07,15.0,9094.21,Credit Card,Shipped,1819.47,3.0
ORD103555,2025-02-23,CUST1782,Customer_1684,Female,24,Kochi,Kerala,South,Beauty,Makeup Kit,3,2853.48,20.0,6848.35,Credit Card,Cancelled,1360.21,5.0
ORD103556,2025-08-18,CUST1710,Customer_1147,Female,44,Kolkata,West Bengal,East,Electronics,Smartphone,1,54210.15,5.0,51499.64,Debit Card,Returned,6850.96,3.4
ORD103557,2025-05-13,CUST1403,Customer_1625,Male,30,Chennai,Tamil Nadu,South,Sports,Football,1,1204.47,0.0,1204.47,Cash on Delivery,Delivered,130.66,4.8
ORD103558,2025-02-26,CUST1569,Customer_1069,Female,25,Chennai,Tamil Nadu,South,Home & Kitchen,Cookware Set,1,6793.61,20.0,5434.89,UPI,Delivered,710.35,4.0
ORD103559,2025-04-04,CUST1729,Customer_1684,Male,29,Ranchi,Jharkhand,East,Electronics,Smartwatch,4,8278.46,10.0,29802.46,Cash on Delivery,Delivered,2151.25,3.2
ORD103560,2025-05-03,CUST1713,Customer_1386,Female,18,Kochi,Kerala,South,Home & Kitchen,Air Fryer,1,8039.24,20.0,6431.39,Credit Card,Delivered,1322.82,2.8
ORD103561,2025-04-06,CUST1753,Customer_1276,Male,18,Panaji,Goa,West,Electronics,Laptop,1,62035.32,10.0,55831.79,Debit Card,Delivered,11474.04,2.8
ORD103562,2025-08-12,CUST1017,Customer_1629,Female,18,Lucknow,Uttar Pradesh,North,Sports,Running Shoes,1,6921.2,20.0,5536.96,Cash on Delivery,Delivered,960.41,3.8
ORD103563,2025-06-05,CUST1603,Customer_1210,Female,46,Ludhiana,Punjab,North,Electronics,Laptop,1,75111.39,15.0,63844.68,UPI,Shipped,10248.15,4.0
ORD103564,2025-08-20,CUST1008,Customer_1161,Male,18,Ahmedabad,Gujarat,West,Beauty,Moisturizer,1,941.59,10.0,847.43,Credit Card,Delivered,145.28,3.7
ORD103565,2025-05-20,CUST1273,Customer_1658,Female,27,Lucknow,Uttar Pradesh,North,Fashion,Jeans,3,1582.3,25.0,3560.17,UPI,Shipped,312.08,3.7
ORD103566,2025-09-30,CUST1382,Customer_1474,Male,52,Bhubaneswar,Odisha,East,Home & Kitchen,Cookware Set,1,5093.24,15.0,4329.25,Debit Card,Delivered,581.9,4.4
ORD103567,2025-12-17,CUST1299,Customer_1708,Male,18,Ludhiana,Punjab,North,Home & Kitchen,Air Fryer,1,11257.17,15.0,9568.59,UPI,Delivered,2077.97,3.6
ORD103568,2025-05-20,CUST1287,Customer_1779,Male,24,Kochi,Kerala,South,Home & Kitchen,Air Fryer,5,7859.26,5.0,37331.49,Cash on Delivery,Delivered,5288.02,5.0
ORD103569,2025-05-25,CUST1057,Customer_1154,Male,24,Kolkata,West Bengal,East,Home & Kitchen,Cookware Set,2,5679.93,15.0,9655.88,Credit Card,Delivered,1098.85,5.0
ORD103570,2025-09-21,CUST1449,Customer_1227,Female,32,Chennai,Tamil Nadu,South,Home & Kitchen,Air Fryer,1,11624.6,5.0,11043.37,UPI,Shipped,1861.54,3.5
ORD103571,2025-03-06,CUST1254,Customer_1518,Male,33,Chennai,Tamil Nadu,South,Home & Kitchen,Mixer Grinder,2,4506.99,0.0,9013.98,UPI,Delivered,1561.58,3.4
ORD103572,2025-09-28,CUST1726,Customer_1430,Female,48,Kochi,Kerala,South,Electronics,Laptop,2,43841.25,15.0,74530.12,Credit Card,Delivered,4510.18,4.2
ORD103573,2025-09-01,CUST1762,Customer_1143,Male,26,Bhubaneswar,Odisha,East,Electronics,Headphones,1,4115.56,10.0,3704.0,UPI,Shipped,560.67,3.5
ORD103574,2025-03-12,CUST1656,Customer_1718,Female,35,Hyderabad,Telangana,South,Fashion,Jeans,3,1179.91,5.0,3362.74,Debit Card,Delivered,422.46,4.0
ORD103575,2025-05-01,CUST1698,Customer_1419,Female,38,Panaji,Goa,West,Electronics,Laptop,1,80625.64,15.0,68531.79,Net Banking,Delivered,10360.34,2.7
ORD103576,2025-04-18,CUST1782,Customer_1028,Female,36,Kochi,Kerala,South,Home & Kitchen,Cookware Set,2,2485.84,10.0,4474.51,Cash on Delivery,Delivered,982.91,3.2
ORD103577,2025-08-05,CUST1395,Customer_1338,Female,28,Lucknow,Uttar Pradesh,North,Beauty,Shampoo,1,508.38,25.0,381.28,Credit Card,Shipped,52.2,3.5
ORD103578,2025-11-23,CUST1414,Customer_1098,Female,31,Patna,Bihar,East,Electronics,Tablet,2,23429.4,20.0,37487.04,Debit Card,Delivered,4830.87,3.5
ORD103579,2025-08-15,CUST1766,Customer_1227,Female,33,Bengaluru,Karnataka,South,Home & Kitchen,Mixer Grinder,1,7638.36,15.0,6492.61,Net Banking,Delivered,986.11,4.1
ORD103580,2025-03-06,CUST1227,Customer_1568,Male,39,Lucknow,Uttar Pradesh,North,Electronics,Tablet,1,37383.2,10.0,33644.88,UPI,Delivered,5503.14,4.7
ORD103581,2025-12-20,CUST1518,Customer_1277,Female,25,Patna,Bihar,East,Fashion,T-Shirt,1,535.37,20.0,428.3,Cash on Delivery,Delivered,38.79,4.9
ORD103582,2025-12-16,CUST1556,Customer_1724,Male,35,Hyderabad,Telangana,South,Fashion,Jacket,2,4237.95,5.0,8052.1,UPI,Delivered,867.95,3.6
ORD103583,2025-07-28,CUST1407,Customer_1081,Female,29,Kochi,Kerala,South,Beauty,Face Wash,1,327.53,10.0,294.78,UPI,Cancelled,30.42,3.8
ORD103584,2025-10-31,CUST1679,Customer_1795,Male,19,Patna,Bihar,East,Sports,Running Shoes,4,7642.39,0.0,30569.56,Credit Card,Delivered,1876.82,3.4
ORD103585,2025-03-02,CUST1530,Customer_1742,Male,25,Bhubaneswar,Odisha,East,Electronics,Headphones,1,959.67,15.0,815.72,Credit Card,Delivered,112.25,2.3
ORD103586,2025-09-03,CUST1373,Customer_1098,Male,32,Chennai,Tamil Nadu,South,Fashion,T-Shirt,1,1457.19,5.0,1384.33,UPI,Delivered,154.94,4.0
ORD103587,2025-07-18,CUST1627,Customer_1253,Female,27,Kochi,Kerala,South,Electronics,Tablet,1,42313.12,15.0,35966.15,Net Banking,Delivered,3821.85,4.5
ORD103588,2025-08-18,CUST1340,Customer_1219,Male,33,Mumbai,Maharashtra,West,Fashion,Jeans,2,1447.95,10.0,2606.31,Debit Card,Delivered,375.52,3.7
ORD103589,2025-05-09,CUST1447,Customer_1320,Male,42,New Delhi,Delhi,North,Electronics,Tablet,2,29736.32,15.0,50551.74,Cash on Delivery,Delivered,6105.09,3.6
ORD103590,2025-03-06,CUST1219,Customer_1780,Male,22,Ranchi,Jharkhand,East,Home & Kitchen,Cookware Set,1,2716.59,10.0,2444.93,Cash on Delivery,Cancelled,417.81,4.7
ORD103591,2025-03-20,CUST1017,Customer_1795,Female,26,Patna,Bihar,East,Fashion,Jeans,3,1751.11,5.0,4990.66,UPI,Delivered,843.77,3.4
ORD103592,2025-01-13,CUST1336,Customer_1758,Male,28,Ludhiana,Punjab,North,Fashion,Jacket,1,5662.91,10.0,5096.62,Credit Card,Delivered,1020.64,3.9
ORD103593,2025-08-06,CUST1268,Customer_1693,Female,36,Hyderabad,Telangana,South,Fashion,T-Shirt,2,1202.25,15.0,2043.83,UPI,Delivered,198.07,
ORD103594,2025-12-12,CUST1156,Customer_1588,Male,24,Hyderabad,Telangana,South,Home & Kitchen,Bedsheet,1,1287.52,10.0,1158.77,UPI,Returned,83.62,
ORD103595,2025-01-09,CUST1619,Customer_1739,Male,25,,Rajasthan,North,Home & Kitchen,Cookware Set,2,4098.91,10.0,7378.04,Debit Card,Cancelled,1417.18,3.9
ORD103596,2025-03-04,CUST1553,Customer_1743,Male,27,Bhubaneswar,Odisha,East,Electronics,Laptop,1,47297.65,10.0,42567.89,Debit Card,Delivered,4727.68,4.2
ORD103597,2025-03-20,CUST1001,Customer_1787,Female,41,Ludhiana,Punjab,North,Fashion,Jacket,1,3892.38,0.0,3892.38,Cash on Delivery,Delivered,641.61,2.4
ORD103598,2025-01-14,CUST1170,Customer_1109,Female,44,Gurugram,Haryana,North,Home & Kitchen,Air Fryer,1,13380.02,20.0,10704.02,UPI,Delivered,687.16,3.2
ORD103599,2025-04-24,CUST1111,Customer_1514,Male,30,Bhubaneswar,Odisha,East,Beauty,Shampoo,4,757.5,15.0,2575.5,Cash on Delivery,Delivered,349.21,5.0
ORD103600,2025-04-04,CUST1327,Customer_1720,Male,34,Hyderabad,Telangana,South,Sports,Football,2,1519.38,10.0,2734.88,UPI,Delivered,488.03,4.9
ORD103601,2025-01-31,CUST1213,Customer_1154,Male,24,Mumbai,Maharashtra,West,Sports,Dumbbells,1,1489.64,5.0,1415.16,UPI,Delivered,186.82,4.1
ORD103602,2025-04-28,CUST1401,Customer_1314,Female,26,New Delhi,Delhi,North,Electronics,Smartphone,1,14834.58,20.0,11867.66,Debit Card,Shipped,1737.07,4.7
ORD103603,2025-08-12,CUST1006,Customer_1055,Male,42,Hyderabad,Telangana,South,Electronics,Laptop,1,57449.98,10.0,51704.98,UPI,Delivered,8611.87,4.6
ORD103604,2025-01-11,CUST1202,Customer_1334,Female,36,Gurugram,Haryana,North,Home & Kitchen,Cookware Set,2,5138.61,0.0,10277.22,Cash on Delivery,Shipped,1736.95,4.2
ORD103605,2025-10-25,CUST1606,Customer_1370,Female,36,Chennai,Tamil Nadu,South,Beauty,Makeup Kit,4,2820.58,5.0,10718.2,Debit Card,Delivered,1680.57,3.9
ORD103606,2025-09-03,CUST1779,Customer_1339,Male,35,Panaji,Goa,West,Electronics,Smartwatch,1,11408.81,5.0,10838.37,Credit Card,Delivered,2246.05,3.0
ORD103607,2025-07-03,CUST1217,Customer_1485,Female,26,Jaipur,Rajasthan,North,Sports,Yoga Mat,1,918.79,25.0,689.09,UPI,Delivered,60.32,4.3
ORD103608,2025-06-06,CUST1493,Customer_1688,Female,42,Bengaluru,Karnataka,South,Fashion,Shoes,1,5278.13,5.0,5014.22,Credit Card,Cancelled,848.46,4.5
ORD103609,2025-12-08,CUST1280,Customer_1536,Female,43,Ahmedabad,Gujarat,West,Electronics,Laptop,1,76477.23,10.0,68829.51,UPI,Delivered,5547.41,3.4
ORD103610,2025-06-06,CUST1087,Customer_1762,Male,30,Ranchi,Jharkhand,East,Fashion,Jacket,1,4140.84,10.0,3726.76,Debit Card,Returned,341.65,3.6
ORD103611,2025-04-04,CUST1662,Customer_1387,Male,28,Gurugram,Haryana,North,Fashion,T-Shirt,1,746.09,10.0,671.48,Cash on Delivery,Shipped,146.23,4.2
ORD103612,2025-01-08,CUST1475,Customer_1254,Female,37,New Delhi,Delhi,North,Electronics,Smartwatch,1,1845.29,0.0,1845.29,Credit Card,Delivered,268.03,3.3
ORD103613,2025-06-12,CUST1250,Customer_1559,Female,29,Mumbai,Maharashtra,West,Home & Kitchen,Dining Set,3,8255.41,10.0,22289.61,Credit Card,Delivered,2561.68,2.9
ORD103614,2025-10-19,CUST1116,Customer_1107,Female,40,Bengaluru,Karnataka,South,Electronics,Tablet,1,33971.85,10.0,30574.67,Credit Card,Delivered,2528.56,4.2
ORD103615,2025-12-20,CUST1577,Customer_1727,Female,35,Kochi,Kerala,South,Electronics,Laptop,3,83109.99,10.0,224396.97,Credit Card,Delivered,15807.98,5.0
ORD103616,2025-09-02,CUST1381,Customer_1052,Female,18,Hyderabad,Telangana,South,Electronics,Smartwatch,1,10653.52,15.0,9055.49,Credit Card,Delivered,694.45,3.2
ORD103617,2025-06-11,CUST1712,Customer_1423,Female,22,Panaji,Goa,West,Fashion,Jacket,1,4289.38,0.0,4289.38,Debit Card,Shipped,477.95,4.3
ORD103618,2025-03-29,CUST1216,Customer_1359,Male,18,Gurugram,Haryana,North,Fashion,Shoes,2,5263.86,0.0,10527.72,Credit Card,Delivered,1927.5,4.6
ORD103619,2025-07-18,CUST1513,Customer_1325,Female,37,Lucknow,Uttar Pradesh,North,Beauty,Moisturizer,3,1015.73,5.0,2894.83,Credit Card,Delivered,372.5,3.6
ORD103620,2025-12-30,CUST1317,Customer_1418,Other,30,Mumbai,Maharashtra,West,Sports,Football,3,706.08,20.0,1694.59,UPI,Delivered,113.2,4.1
ORD103621,2025-09-14,CUST1557,Customer_1374,Female,31,Gurugram,Haryana,North,Electronics,Headphones,1,7588.82,10.0,6829.94,UPI,Delivered,1351.22,5.0
ORD103622,2025-01-03,CUST1201,Customer_1389,Female,25,Kolkata,West Bengal,East,Electronics,Headphones,1,7060.08,0.0,7060.08,UPI,Delivered,1538.59,4.3
ORD103623,2025-07-14,CUST1258,Customer_1304,Female,29,,Punjab,North,Home & Kitchen,Air Fryer,2,7700.06,20.0,12320.1,Credit Card,Cancelled,2618.85,3.8
ORD103624,2025-08-21,CUST1711,Customer_1534,Female,27,Gurugram,Haryana,North,Electronics,Headphones,1,3376.55,10.0,3038.9,Credit Card,Delivered,352.31,4.1
ORD103625,2025-10-31,CUST1527,Customer_1798,Male,25,Mumbai,Maharashtra,West,Electronics,Headphones,1,2030.97,15.0,1726.32,Net Banking,Delivered,360.02,4.1
ORD103626,2025-12-04,CUST1359,Customer_1257,Male,29,Ranchi,Jharkhand,East,Home & Kitchen,Air Fryer,1,9636.64,10.0,8672.98,Cash on Delivery,Delivered,553.76,4.0
ORD103627,2025-06-24,CUST1664,Customer_1004,Other,20,Ahmedabad,Gujarat,West,Electronics,Smartwatch,5,10355.78,15.0,44012.07,UPI,Delivered,5639.73,4.2
ORD103628,2025-05-28,CUST1474,Customer_1027,Male,37,New Delhi,Delhi,North,Electronics,Smartphone,3,43508.68,15.0,110947.13,UPI,Delivered,16536.62,3.1
ORD103629,2025-10-13,CUST1497,Customer_1459,Male,18,Bhubaneswar,Odisha,East,Beauty,Perfume,4,2228.85,10.0,8023.86,UPI,Delivered,665.98,4.5
ORD103630,2025-02-13,CUST1206,Customer_1792,Male,26,Kochi,Kerala,South,Electronics,Smartwatch,1,3228.77,15.0,2744.45,Cash on Delivery,Delivered,277.04,3.8
ORD103631,2025-05-20,CUST1082,Customer_1432,Female,27,Bengaluru,Karnataka,South,Electronics,Smartwatch,1,4974.18,10.0,4476.76,Cash on Delivery,Delivered,481.97,3.1
ORD103632,2025-06-18,CUST1705,Customer_1030,Male,35,Hyderabad,Telangana,South,Sports,Cricket Bat,5,4927.0,10.0,22171.5,Credit Card,Shipped,4794.32,3.8
ORD103633,2025-06-30,CUST1054,Customer_1165,Male,28,New Delhi,Delhi,North,Electronics,Smartwatch,2,11257.27,10.0,20263.09,Cash on Delivery,Shipped,2519.14,3.2
ORD103634,2025-02-04,CUST1042,Customer_1725,Other,44,Panaji,Goa,West,Electronics,Laptop,1,87388.8,0.0,87388.8,Credit Card,Shipped,11685.83,3.2
ORD103635,2025-10-07,CUST1292,Customer_1481,Female,42,Mumbai,Maharashtra,West,Electronics,Smartphone,1,64081.59,10.0,57673.43,Debit Card,Shipped,5635.92,4.5
ORD103636,2025-02-26,CUST1632,Customer_1037,Female,19,Ranchi,Jharkhand,East,Fashion,Shoes,4,4034.1,25.0,12102.3,UPI,Delivered,1554.84,4.2
ORD103637,2025-07-24,CUST1458,Customer_1687,Female,39,Kolkata,West Bengal,East,Electronics,Laptop,1,86248.49,10.0,77623.64,Debit Card,Delivered,10874.39,4.2
ORD103638,2025-03-18,CUST1055,Customer_1716,Male,36,Ranchi,Jharkhand,East,Sports,Cricket Bat,4,3285.24,0.0,13140.96,Cash on Delivery,Delivered,1181.14,3.7
ORD103639,2025-04-22,CUST1382,Customer_1078,Male,28,Gurugram,Haryana,North,Electronics,Smartphone,3,36627.79,5.0,104389.2,Credit Card,Returned,15976.01,4.2
ORD103640,2025-03-01,CUST1700,Customer_1364,Male,29,Bhubaneswar,Odisha,East,Fashion,T-Shirt,1,984.12,25.0,738.09,UPI,Delivered,152.64,3.3
ORD103641,2025-02-15,CUST1368,Customer_1344,Female,28,Kolkata,West Bengal,East,Electronics,Smartphone,1,55479.1,10.0,49931.19,Credit Card,Delivered,7252.89,3.8
ORD103642,2025-11-17,CUST1509,Customer_1002,Male,51,Lucknow,Uttar Pradesh,North,Fashion,Jeans,3,1661.96,10.0,4487.29,UPI,Delivered,522.1,4.0
ORD103643,2025-05-28,CUST1702,Customer_1469,Other,42,Panaji,Goa,West,Fashion,Backpack,2,2700.93,5.0,5131.77,UPI,Delivered,748.63,4.6
ORD103644,2025-09-22,CUST1647,Customer_1530,Male,33,Chennai,Tamil Nadu,South,Beauty,Moisturizer,2,1551.49,5.0,2947.83,Debit Card,Delivered,392.58,4.3
ORD103645,2025-06-28,CUST1014,Customer_1433,Male,18,Mumbai,Maharashtra,West,Fashion,T-Shirt,1,1699.11,20.0,1359.29,Credit Card,Delivered,166.95,3.6
ORD103646,2025-11-08,CUST1204,Customer_1500,Male,21,Chennai,Tamil Nadu,South,Fashion,Jacket,2,4052.98,20.0,6484.77,UPI,Returned,1187.12,3.4
ORD103647,2025-04-14,CUST1656,Customer_1137,Male,44,Gurugram,Haryana,North,Fashion,T-Shirt,3,699.64,0.0,2098.92,UPI,Delivered,148.95,4.8
ORD103648,2025-04-23,CUST1709,Customer_1229,Male,45,Jaipur,Rajasthan,North,Home & Kitchen,Mixer Grinder,1,8259.52,0.0,8259.52,Debit Card,Shipped,1443.6,4.9
ORD103649,2025-05-05,CUST1431,Customer_1708,Female,28,Bhubaneswar,Odisha,East,Fashion,Backpack,3,2095.26,25.0,4714.34,Credit Card,Delivered,631.4,4.9
ORD103650,2025-03-25,CUST1593,Customer_1583,Male,30,Ahmedabad,Gujarat,West,Beauty,Makeup Kit,3,3200.26,10.0,8640.7,UPI,Delivered,545.35,5.0
ORD103651,2025-09-05,CUST1303,Customer_1752,Male,39,Lucknow,Uttar Pradesh,North,Electronics,Laptop,1,37241.11,0.0,37241.11,Net Banking,Returned,2279.05,3.9
ORD103652,2025-08-01,CUST1132,Customer_1627,Female,38,Ranchi,Jharkhand,East,Beauty,Perfume,2,3738.92,15.0,6356.16,Credit Card,Delivered,470.04,2.8
ORD103653,2025-10-08,CUST1480,Customer_1465,Female,18,Bengaluru,Karnataka,South,Sports,Cricket Bat,2,4329.53,20.0,6927.25,Net Banking,Delivered,1443.58,3.6
ORD103654,2025-08-05,CUST1640,Customer_1286,Other,34,Gurugram,Haryana,North,Home & Kitchen,Cookware Set,1,6560.88,5.0,6232.84,UPI,Shipped,1321.62,3.6
ORD103655,2025-11-03,CUST1065,Customer_1399,Male,37,Patna,Bihar,East,Fashion,Jacket,4,4388.41,10.0,15798.28,Debit Card,Delivered,1082.2,4.2
ORD103656,2025-10-27,CUST1237,Customer_1153,Male,30,Ludhiana,Punjab,North,Beauty,Makeup Kit,1,2878.75,20.0,2303.0,UPI,Delivered,483.85,4.1
ORD103657,2025-11-16,CUST1387,Customer_1310,Male,28,Hyderabad,Telangana,South,Electronics,Smartwatch,2,1934.52,15.0,3288.68,UPI,Shipped,413.96,3.7
ORD103658,2025-03-21,CUST1669,Customer_1638,Female,24,Panaji,Goa,West,Sports,Running Shoes,1,6955.01,15.0,5911.76,Debit Card,Delivered,609.48,4.9
ORD103659,2025-03-24,CUST1220,Customer_1477,Male,33,Gurugram,Haryana,North,Sports,Running Shoes,1,1797.92,5.0,1708.02,Debit Card,Delivered,206.8,4.1
ORD103660,2025-12-22,CUST1608,Customer_1339,Male,34,Kolkata,West Bengal,East,Home & Kitchen,Bedsheet,4,667.91,10.0,2404.48,Credit Card,Cancelled,523.28,3.9
ORD103661,2025-02-18,CUST1611,Customer_1399,Female,28,New Delhi,Delhi,North,Fashion,Jacket,1,4223.79,15.0,3590.22,UPI,Shipped,656.72,3.5
ORD103662,2025-07-20,CUST1583,Customer_1024,Male,36,Chennai,Tamil Nadu,South,Electronics,Laptop,2,35690.8,15.0,60674.36,Credit Card,Delivered,6068.11,3.6
ORD103663,2025-09-15,CUST1485,Customer_1406,Female,45,Bhubaneswar,Odisha,East,Sports,Dumbbells,1,4046.97,0.0,4046.97,Debit Card,Delivered,583.2,4.5
ORD103664,2025-04-08,CUST1387,Customer_1169,Male,26,Gurugram,Haryana,North,Fashion,T-Shirt,2,641.71,15.0,1090.91,UPI,Delivered,176.26,4.1
ORD103665,2025-04-01,CUST1014,Customer_1148,Female,30,Bhubaneswar,Odisha,East,Home & Kitchen,Dining Set,3,7127.94,0.0,21383.82,Credit Card,Delivered,2598.79,4.3
ORD103666,2025-04-25,CUST1799,Customer_1574,Female,39,Lucknow,Uttar Pradesh,North,Fashion,Jeans,2,1390.4,10.0,2502.72,Debit Card,Delivered,510.84,4.7
ORD103667,2025-08-11,CUST1744,Customer_1434,Other,29,Kolkata,West Bengal,East,Electronics,Tablet,1,25334.1,0.0,25334.1,Cash on Delivery,Cancelled,1724.15,4.7
ORD103668,2025-08-06,CUST1546,Customer_1466,Female,43,Ahmedabad,Gujarat,West,Fashion,Jacket,5,5717.24,15.0,24298.27,Credit Card,Delivered,3176.19,4.0
ORD103669,2025-06-15,CUST1598,Customer_1166,Female,24,Jaipur,Rajasthan,North,Sports,Football,1,2837.81,15.0,2412.14,Credit Card,Delivered,417.76,4.9
ORD103670,2025-05-22,CUST1691,Customer_1243,Male,28,Bengaluru,Karnataka,South,Electronics,Smartwatch,3,7101.27,20.0,17043.05,Cash on Delivery,Delivered,2117.34,4.4
ORD103671,2025-12-07,CUST1158,Customer_1660,Male,38,Jaipur,Rajasthan,North,Fashion,T-Shirt,2,838.96,5.0,1594.02,UPI,Delivered,232.15,4.5
ORD103672,2025-10-31,CUST1648,Customer_1386,Male,46,Bengaluru,Karnataka,South,Fashion,Shoes,2,2598.04,5.0,4936.28,Credit Card,Delivered,856.87,3.5
ORD103673,2025-04-18,CUST1716,Customer_1276,Male,47,Bhubaneswar,Odisha,East,Electronics,Tablet,2,17950.17,15.0,30515.29,Debit Card,Delivered,4387.45,2.7
ORD103674,2025-12-08,CUST1242,Customer_1609,Male,32,Jaipur,Rajasthan,North,Sports,Yoga Mat,4,850.25,20.0,2720.8,Debit Card,Delivered,458.55,2.9
ORD103675,2025-12-06,CUST1742,Customer_1159,Female,47,Lucknow,Uttar Pradesh,North,Home & Kitchen,Mixer Grinder,3,5666.87,0.0,17000.61,UPI,Returned,3317.49,5.0
ORD103676,2025-08-01,CUST1362,Customer_1572,Male,43,Ahmedabad,Gujarat,West,Fashion,Jeans,1,2450.18,15.0,2082.65,Debit Card,Delivered,301.61,4.9
ORD103677,2025-08-31,CUST1631,Customer_1640,Female,35,Chennai,Tamil Nadu,South,Home & Kitchen,Cookware Set,1,5844.49,20.0,4675.59,Debit Card,Delivered,1020.65,3.9
ORD103678,2025-11-11,CUST1264,Customer_1450,Female,44,Panaji,Goa,West,Home & Kitchen,Bedsheet,1,1273.14,0.0,1273.14,UPI,Delivered,178.29,2.8
ORD103679,2025-11-06,CUST1597,Customer_1560,Male,43,Ahmedabad,Gujarat,West,Fashion,T-Shirt,1,757.9,20.0,606.32,Debit Card,Shipped,52.78,3.6
ORD103680,2025-12-13,CUST1633,Customer_1036,Male,35,Ranchi,Jharkhand,East,Fashion,T-Shirt,2,1745.21,15.0,2966.86,Cash on Delivery,Delivered,283.24,4.6
ORD103681,2025-06-13,CUST1518,Customer_1384,Female,26,Kolkata,West Bengal,East,Home & Kitchen,Mixer Grinder,1,5516.12,20.0,4412.9,Credit Card,Delivered,458.3,4.7
ORD103682,2025-07-26,CUST1221,Customer_1566,Other,22,Gurugram,Haryana,North,Fashion,Shoes,1,3419.74,5.0,3248.75,Cash on Delivery,Delivered,529.41,4.2
ORD103683,2025-03-11,CUST1392,Customer_1093,Female,46,Jaipur,Rajasthan,North,Sports,Dumbbells,2,1527.7,20.0,2444.32,Debit Card,Delivered,371.46,3.6
ORD103684,2025-11-02,CUST1476,Customer_1459,Female,18,Ludhiana,Punjab,North,Sports,Football,1,1062.97,5.0,1009.82,Cash on Delivery,Delivered,67.73,4.3
ORD103685,2025-07-21,CUST1610,Customer_1589,Female,18,Lucknow,Uttar Pradesh,North,Electronics,Headphones,2,3810.94,10.0,6859.69,UPI,Delivered,1180.33,3.6
ORD103686,2025-02-21,CUST1725,Customer_1054,Female,23,Bhubaneswar,Odisha,East,Electronics,Headphones,2,6052.1,0.0,12104.2,UPI,Shipped,2152.6,1.8
ORD103687,2025-07-07,CUST1337,Customer_1350,Female,34,Chennai,Tamil Nadu,South,Fashion,Backpack,1,1780.48,10.0,1602.43,UPI,Delivered,122.86,4.0
ORD103688,2025-11-12,CUST1720,Customer_1209,Male,40,Bengaluru,Karnataka,South,Fashion,T-Shirt,3,1349.55,10.0,3643.78,UPI,Delivered,749.41,3.7
ORD103689,2025-09-17,CUST1176,Customer_1101,Female,56,Kolkata,West Bengal,East,Home & Kitchen,Dining Set,1,11703.56,15.0,9948.03,Credit Card,Delivered,930.85,4.9
ORD103690,2025-05-17,CUST1082,Customer_1318,Male,19,New Delhi,Delhi,North,Electronics,Tablet,4,42181.92,15.0,143418.53,Credit Card,Delivered,16724.98,4.1
ORD103691,2025-07-13,CUST1752,Customer_1249,Male,33,Panaji,Goa,West,Fashion,Jacket,1,2444.75,5.0,2322.51,Debit Card,Delivered,408.9,2.9
ORD103692,2025-02-06,CUST1297,Customer_1465,Female,35,Bhubaneswar,Odisha,East,Home & Kitchen,Bedsheet,2,1436.57,15.0,2442.17,Net Banking,Shipped,508.24,2.7
ORD103693,2025-07-09,CUST1140,Customer_1347,Male,28,Mumbai,Maharashtra,West,Fashion,Shoes,1,4970.12,10.0,4473.11,UPI,Cancelled,524.54,5.0
ORD103694,2025-09-11,CUST1214,Customer_1620,Female,18,Lucknow,Uttar Pradesh,North,Beauty,Face Wash,1,216.51,10.0,194.86,Cash on Delivery,Delivered,17.23,3.7
ORD103695,2025-04-29,CUST1706,Customer_1043,Female,24,Kochi,Kerala,South,Beauty,Moisturizer,1,906.52,0.0,906.52,UPI,Delivered,182.66,3.3
ORD103696,2025-06-20,CUST1310,Customer_1713,Female,42,Hyderabad,Telangana,South,Home & Kitchen,Air Fryer,5,5337.93,15.0,22686.2,UPI,Shipped,4601.81,3.1
ORD103697,2025-06-22,CUST1145,Customer_1762,Female,44,Ludhiana,Punjab,North,Home & Kitchen,Air Fryer,1,8500.19,25.0,6375.14,Credit Card,Delivered,758.68,4.1
ORD103698,2025-07-02,CUST1633,Customer_1195,Female,42,Patna,Bihar,East,Home & Kitchen,Mixer Grinder,1,8092.91,10.0,7283.62,Debit Card,Shipped,1514.37,4.2
ORD103699,2025-09-10,CUST1428,Customer_1614,Female,32,Ranchi,Jharkhand,East,Fashion,Jacket,1,4449.39,15.0,3781.98,Debit Card,Delivered,663.83,5.0
ORD103700,2025-03-30,CUST1587,Customer_1586,Female,23,New Delhi,Delhi,North,Sports,Running Shoes,1,6592.54,25.0,4944.4,Cash on Delivery,Delivered,1021.38,4.9
ORD103701,2025-06-07,CUST1745,Customer_1627,Male,35,Kochi,Kerala,South,Fashion,Shoes,4,6411.93,20.0,20518.18,Credit Card,Delivered,2470.56,4.0
ORD103702,2025-02-02,CUST1018,Customer_1672,Female,24,Jaipur,Rajasthan,North,Home & Kitchen,Dining Set,2,4064.54,15.0,6909.72,Credit Card,Delivered,595.66,4.2
ORD103703,2025-11-21,CUST1126,Customer_1512,Female,38,Bhubaneswar,Odisha,East,Fashion,Shoes,1,1977.38,10.0,1779.64,UPI,Delivered,286.74,3.1
ORD103704,2025-03-12,CUST1024,Customer_1294,Female,47,Hyderabad,Telangana,South,Fashion,Jacket,2,1572.41,20.0,2515.86,Cash on Delivery,Delivered,519.96,4.6
ORD103705,2025-10-18,CUST1339,Customer_1521,Male,36,Ahmedabad,Gujarat,West,Electronics,Laptop,1,47850.99,15.0,40673.34,Debit Card,Delivered,5850.2,4.4
ORD103706,2025-10-06,CUST1693,Customer_1788,Male,22,Ahmedabad,Gujarat,West,Beauty,Face Wash,1,738.6,10.0,664.74,Net Banking,Shipped,92.46,3.9
ORD103707,2025-06-03,CUST1051,Customer_1289,Male,42,Panaji,Goa,West,Sports,Yoga Mat,2,1039.01,15.0,1766.32,Credit Card,Shipped,235.13,3.4
ORD103708,2025-03-07,CUST1177,Customer_1327,Male,38,Bhubaneswar,Odisha,East,Electronics,Tablet,4,33247.7,15.0,113042.18,Debit Card,Delivered,13633.47,5.0
ORD103709,2025-12-10,CUST1403,Customer_1083,Female,20,Chennai,Tamil Nadu,South,Sports,Yoga Mat,3,1232.86,10.0,3328.72,UPI,Cancelled,537.92,5.0
ORD103710,2025-10-16,CUST1794,Customer_1273,Male,26,Bengaluru,Karnataka,South,Fashion,Backpack,4,2673.11,5.0,10157.82,UPI,Delivered,1941.71,4.5
ORD103711,2025-11-19,CUST1406,Customer_1010,Female,29,Patna,Bihar,East,Home & Kitchen,Dining Set,2,5353.29,15.0,9100.59,Cash on Delivery,Delivered,1778.38,3.7
ORD103712,2025-07-12,CUST1095,Customer_1168,Female,26,Patna,Bihar,East,Home & Kitchen,Dining Set,1,7226.53,15.0,6142.55,Cash on Delivery,Delivered,564.56,3.8
ORD103713,2025-08-25,CUST1320,Customer_1289,Female,18,Patna,Bihar,East,Sports,Yoga Mat,1,1769.52,15.0,1504.09,UPI,Delivered,109.54,4.7
ORD103714,2025-10-31,CUST1455,Customer_1747,Female,32,Chennai,Tamil Nadu,South,Electronics,Laptop,1,71756.24,10.0,64580.62,UPI,Delivered,13288.55,4.3
ORD103715,2025-01-09,CUST1040,Customer_1766,Male,32,Patna,Bihar,East,Electronics,Laptop,1,88047.05,5.0,83644.7,Debit Card,Shipped,12466.26,4.4
ORD103716,2025-03-17,CUST1175,Customer_1470,Female,26,Hyderabad,Telangana,South,Sports,Running Shoes,1,8253.94,5.0,7841.24,Debit Card,Delivered,674.19,4.0
ORD103717,2025-04-25,CUST1258,Customer_1335,Female,27,Mumbai,Maharashtra,West,Electronics,Smartphone,2,28859.56,15.0,49061.25,UPI,Returned,10317.12,3.6
ORD103718,2025-06-21,CUST1135,Customer_1236,Female,32,Lucknow,Uttar Pradesh,North,Electronics,Smartphone,1,65172.81,15.0,55396.89,Cash on Delivery,Delivered,6219.91,4.2
ORD103719,2025-06-19,CUST1532,Customer_1757,Female,43,Mumbai,Maharashtra,West,Fashion,T-Shirt,2,1347.99,0.0,2695.98,UPI,Shipped,517.33,3.4
ORD103720,2025-10-07,CUST1061,Customer_1129,Female,35,Ludhiana,Punjab,North,Electronics,Tablet,1,49227.75,0.0,49227.75,UPI,Cancelled,3043.2,3.3
ORD103721,2025-12-23,CUST1233,Customer_1164,Male,30,Ranchi,Jharkhand,East,Home & Kitchen,Mixer Grinder,3,7299.9,15.0,18614.74,UPI,Delivered,3792.98,4.8
ORD103722,2025-06-17,CUST1108,Customer_1308,Female,24,Panaji,Goa,West,Fashion,Shoes,2,1876.3,20.0,3002.08,UPI,Delivered,574.9,4.8
ORD103723,2025-09-08,CUST1576,Customer_1782,Male,32,Kolkata,West Bengal,East,Beauty,Makeup Kit,3,3692.34,10.0,9969.32,Net Banking,Shipped,1092.86,4.7
ORD103724,2025-06-30,CUST1441,Customer_1403,Female,38,Ahmedabad,Gujarat,West,Electronics,Tablet,3,18289.98,15.0,46639.45,UPI,Shipped,4718.06,4.1
ORD103725,2025-12-29,CUST1141,Customer_1572,Female,30,Kochi,Kerala,South,Fashion,Jacket,1,2457.4,20.0,1965.92,UPI,Cancelled,331.83,4.1
ORD103726,2025-10-25,CUST1695,Customer_1166,Male,24,Patna,Bihar,East,Fashion,T-Shirt,2,613.62,10.0,1104.52,UPI,Delivered,193.58,4.7
ORD103727,2025-03-27,CUST1778,Customer_1215,Female,36,Ludhiana,Punjab,North,Fashion,Jacket,2,5899.07,10.0,10618.33,Debit Card,Cancelled,1529.12,4.2
ORD103728,2025-12-08,CUST1416,Customer_1335,Male,33,New Delhi,Delhi,North,Sports,Cricket Bat,2,2469.0,15.0,4197.3,Cash on Delivery,Shipped,629.53,3.9
ORD103729,2025-08-31,CUST1519,Customer_1438,Male,33,Bengaluru,Karnataka,South,Electronics,Smartphone,4,66050.26,10.0,237780.94,Net Banking,Delivered,42902.37,3.7
ORD103730,2025-06-04,CUST1249,Customer_1207,Female,34,Ahmedabad,Gujarat,West,Electronics,Tablet,3,29230.33,20.0,70152.79,UPI,Delivered,6838.11,4.3
ORD103731,2025-06-01,CUST1676,Customer_1133,Other,19,Mumbai,Maharashtra,West,Fashion,Shoes,1,6914.71,20.0,5531.77,UPI,Delivered,812.01,4.0
ORD103732,2025-12-23,CUST1341,Customer_1155,Female,18,Ahmedabad,Gujarat,West,Sports,Football,4,1417.62,0.0,5670.48,UPI,Delivered,912.53,4.1
ORD103733,2025-04-11,CUST1558,Customer_1240,Male,18,Lucknow,Uttar Pradesh,North,Electronics,Smartwatch,4,12448.9,15.0,42326.26,UPI,Delivered,8844.26,3.4
ORD103734,2025-01-22,CUST1312,Customer_1006,Male,30,New Delhi,Delhi,North,Fashion,Jeans,1,2593.62,20.0,2074.9,Cash on Delivery,Delivered,206.96,4.0
ORD103735,2025-10-02,CUST1630,Customer_1065,Female,23,Ludhiana,Punjab,North,Home & Kitchen,Dining Set,2,7317.87,15.0,12440.38,Credit Card,Delivered,1941.15,3.6
ORD103736,2025-06-30,CUST1717,Customer_1470,Female,44,Bengaluru,Karnataka,South,Fashion,Jeans,3,2286.4,0.0,6859.2,UPI,Delivered,732.79,3.6
ORD103737,2025-12-18,CUST1197,Customer_1254,Female,40,Patna,Bihar,East,Electronics,Laptop,2,58427.53,20.0,93484.05,UPI,Delivered,15520.17,3.9
ORD103738,2025-09-11,CUST1111,Customer_1586,Male,30,Gurugram,Haryana,North,Home & Kitchen,Air Fryer,1,11494.42,20.0,9195.54,Net Banking,Delivered,1907.29,4.0
ORD103739,2025-06-10,CUST1743,Customer_1654,Female,37,Mumbai,Maharashtra,West,Home & Kitchen,Bedsheet,3,1858.52,20.0,4460.45,Net Banking,Delivered,596.29,4.2
ORD103740,2025-08-13,CUST1797,Customer_1671,Male,42,Mumbai,Maharashtra,West,Fashion,Backpack,3,3494.49,25.0,7862.6,UPI,Delivered,924.51,3.0
ORD103741,2025-08-27,CUST1103,Customer_1682,Male,31,Chennai,Tamil Nadu,South,Beauty,Moisturizer,1,385.68,25.0,289.26,Net Banking,Delivered,62.01,3.7
ORD103742,2025-09-17,CUST1384,Customer_1320,Male,18,Patna,Bihar,East,Electronics,Laptop,1,86637.44,20.0,69309.95,Debit Card,Delivered,12718.64,3.4
ORD103743,2025-08-21,CUST1717,Customer_1162,Male,18,Gurugram,Haryana,North,Home & Kitchen,Bedsheet,3,2373.6,15.0,6052.68,Credit Card,Delivered,726.01,4.4
ORD103744,2025-07-19,CUST1225,Customer_1581,Male,36,Bengaluru,Karnataka,South,Beauty,Perfume,1,3565.97,20.0,2852.78,Debit Card,Delivered,205.05,3.8
ORD103745,2025-03-10,CUST1144,Customer_1056,Female,37,Jaipur,Rajasthan,North,Home & Kitchen,Dining Set,1,14107.98,10.0,12697.18,Net Banking,Delivered,1334.44,4.6
ORD103746,2025-12-10,CUST1245,Customer_1587,Male,29,Bengaluru,Karnataka,South,Home & Kitchen,Air Fryer,2,6095.65,15.0,10362.6,Cash on Delivery,Shipped,1475.83,4.3
ORD103747,2025-04-20,CUST1562,Customer_1508,Female,27,Ranchi,Jharkhand,East,Home & Kitchen,Air Fryer,2,14133.11,10.0,25439.6,Net Banking,Delivered,1957.16,3.5
ORD103748,2025-08-18,CUST1676,Customer_1224,Male,22,Ranchi,Jharkhand,East,Home & Kitchen,Bedsheet,2,2936.79,5.0,5579.9,Cash on Delivery,Delivered,879.19,2.2
ORD103749,2025-04-24,CUST1751,Customer_1687,Female,34,Chennai,Tamil Nadu,South,Sports,Football,1,2382.93,15.0,2025.49,Cash on Delivery,Delivered,443.81,3.6
ORD103750,2025-03-03,CUST1243,Customer_1210,Female,33,Kolkata,West Bengal,East,Home & Kitchen,Mixer Grinder,1,4093.48,5.0,3888.81,Credit Card,Shipped,238.73,5.0
ORD103751,2025-06-28,CUST1732,Customer_1205,Male,28,New Delhi,Delhi,North,Sports,Football,2,1140.84,10.0,2053.51,Credit Card,Delivered,140.54,3.9
ORD103752,2025-07-31,CUST1402,Customer_1796,Male,30,New Delhi,Delhi,North,Beauty,Makeup Kit,1,2755.65,20.0,2204.52,Credit Card,Delivered,154.63,3.8
ORD103753,2025-11-12,CUST1066,Customer_1697,Male,30,Jaipur,Rajasthan,North,Home & Kitchen,Air Fryer,2,8308.56,15.0,14124.55,UPI,Delivered,1612.26,3.2
ORD103754,2025-05-25,CUST1655,Customer_1247,Male,29,New Delhi,Delhi,North,Fashion,Shoes,1,2265.23,10.0,2038.71,Debit Card,Delivered,189.98,4.2
ORD103755,2025-11-14,CUST1268,Customer_1593,Male,42,Bengaluru,Karnataka,South,Beauty,Face Wash,1,802.14,5.0,762.03,UPI,Delivered,92.0,5.0
ORD103756,2025-04-29,CUST1430,Customer_1319,Female,48,New Delhi,Delhi,North,Beauty,Makeup Kit,2,3499.46,20.0,5599.14,Credit Card,Delivered,898.29,4.7
ORD103757,2025-07-18,CUST1692,Customer_1208,Male,30,New Delhi,Delhi,North,Fashion,Backpack,1,3043.41,20.0,2434.73,Debit Card,Shipped,321.57,4.2
ORD103758,2025-07-12,CUST1029,Customer_1513,Male,30,Panaji,Goa,West,Home & Kitchen,Dining Set,2,13571.05,10.0,24427.89,Credit Card,Delivered,2280.89,3.9
ORD103759,2025-01-27,CUST1790,Customer_1003,Male,39,Ludhiana,Punjab,North,Fashion,T-Shirt,1,1120.43,0.0,1120.43,UPI,Delivered,93.37,3.8
ORD103760,2025-02-12,CUST1180,Customer_1297,Female,36,Kochi,Kerala,South,Fashion,T-Shirt,1,770.28,10.0,693.25,Net Banking,Shipped,71.92,4.3
ORD103761,2025-04-29,CUST1571,Customer_1291,Female,25,New Delhi,Delhi,North,Electronics,Smartwatch,2,4870.33,10.0,8766.59,UPI,Cancelled,1417.2,3.9
ORD103762,2025-02-12,CUST1423,Customer_1133,Female,26,Kochi,Kerala,South,Sports,Football,2,1556.26,10.0,2801.27,UPI,Delivered,170.64,3.5
ORD103763,2025-06-08,CUST1465,Customer_1150,Male,18,Ahmedabad,Gujarat,West,Sports,Dumbbells,1,1885.95,10.0,1697.36,UPI,Delivered,157.12,4.1
ORD103764,2025-01-04,CUST1487,Customer_1655,Female,37,New Delhi,Delhi,North,Fashion,Backpack,2,1419.44,15.0,2413.05,UPI,Delivered,245.38,3.8
ORD103765,2025-02-23,CUST1393,Customer_1244,Male,18,Panaji,Goa,West,Fashion,Jacket,1,4797.25,10.0,4317.53,UPI,Delivered,609.13,5.0
ORD103766,2025-07-16,CUST1059,Customer_1746,Male,33,Mumbai,Maharashtra,West,Electronics,Smartwatch,2,11743.28,15.0,19963.58,Debit Card,Delivered,4295.53,2.5
ORD103767,2025-04-20,CUST1457,Customer_1006,Female,40,Ludhiana,Punjab,North,Fashion,Jacket,3,2524.92,10.0,6817.28,Debit Card,Delivered,1067.1,4.9
ORD103768,2025-12-20,CUST1408,Customer_1547,Male,29,Lucknow,Uttar Pradesh,North,Fashion,Shoes,1,6885.2,10.0,6196.68,Debit Card,Delivered,485.99,4.1
ORD103769,2025-10-14,CUST1493,Customer_1284,Female,18,Kolkata,West Bengal,East,Fashion,T-Shirt,1,1274.92,15.0,1083.68,Debit Card,Shipped,67.24,4.0
ORD103770,2025-11-11,CUST1076,Customer_1303,Female,30,Kochi,Kerala,South,Beauty,Moisturizer,2,1774.2,20.0,2838.72,Cash on Delivery,Delivered,565.31,4.0
ORD103771,2025-01-12,CUST1458,Customer_1324,Female,18,Kochi,Kerala,South,Fashion,T-Shirt,1,1619.8,10.0,1457.82,UPI,Delivered,168.43,3.1
ORD103772,2025-12-12,CUST1387,Customer_1183,Male,31,Hyderabad,Telangana,South,Electronics,Headphones,1,7037.24,5.0,6685.38,Credit Card,Delivered,470.48,3.4
ORD103773,2025-05-25,CUST1372,Customer_1540,Male,36,Kolkata,West Bengal,East,Electronics,Smartwatch,1,3890.44,15.0,3306.87,Cash on Delivery,Delivered,277.8,4.5
ORD103774,2025-11-19,CUST1209,Customer_1009,Male,59,New Delhi,Delhi,North,Home & Kitchen,Bedsheet,1,1096.48,10.0,986.83,Debit Card,Delivered,102.98,5.0
ORD103775,2025-03-19,CUST1518,Customer_1046,Male,21,Hyderabad,Telangana,South,Electronics,Tablet,2,35508.55,20.0,56813.68,Credit Card,Delivered,10339.48,3.9
ORD103776,2025-05-29,CUST1475,Customer_1306,Female,46,Kolkata,West Bengal,East,Fashion,Backpack,3,3312.91,15.0,8447.92,UPI,Delivered,1843.95,3.6
ORD103777,2025-05-17,CUST1169,Customer_1278,Male,23,Bhubaneswar,Odisha,East,Fashion,Backpack,1,2843.57,10.0,2559.21,Debit Card,Delivered,494.14,2.9
ORD103778,2025-12-09,CUST1356,Customer_1013,Female,42,Ludhiana,Punjab,North,Home & Kitchen,Dining Set,2,6989.39,10.0,12580.9,UPI,Delivered,1681.76,4.5
ORD103779,2025-10-11,CUST1419,Customer_1777,Male,33,Ludhiana,Punjab,North,Home & Kitchen,Bedsheet,1,1835.08,15.0,1559.82,UPI,Delivered,255.23,4.1
ORD103780,2025-03-22,CUST1122,Customer_1570,Female,35,New Delhi,Delhi,North,Fashion,T-Shirt,1,1330.2,5.0,1263.69,UPI,Delivered,168.21,3.4
ORD103781,2025-01-28,CUST1439,Customer_1223,Other,25,Bengaluru,Karnataka,South,Fashion,T-Shirt,2,791.39,15.0,1345.36,Debit Card,Delivered,157.71,3.0
ORD103782,2025-08-26,CUST1042,Customer_1728,Female,39,Kolkata,West Bengal,East,Beauty,Face Wash,3,297.07,10.0,802.09,UPI,Returned,117.09,3.6
ORD103783,2025-10-30,CUST1478,Customer_1216,Male,30,Lucknow,Uttar Pradesh,North,Beauty,Makeup Kit,1,3792.21,15.0,3223.38,Net Banking,Returned,672.77,3.4
ORD103784,2025-01-30,CUST1131,Customer_1401,Male,37,Jaipur,Rajasthan,North,Fashion,Jeans,1,902.94,10.0,812.65,UPI,Delivered,59.57,3.9
ORD103785,2025-03-04,CUST1033,Customer_1152,Other,35,Chennai,Tamil Nadu,South,Beauty,Moisturizer,3,602.25,10.0,1626.08,UPI,Delivered,124.49,4.6
ORD103786,2025-05-22,CUST1064,Customer_1173,Female,29,Ahmedabad,Gujarat,West,Sports,Yoga Mat,1,2189.81,5.0,2080.32,Debit Card,Delivered,246.14,3.5
ORD103787,2025-02-23,CUST1635,Customer_1227,Female,33,Gurugram,Haryana,North,Beauty,Perfume,1,1543.31,5.0,1466.14,Cash on Delivery,Delivered,227.33,3.8
ORD103788,2025-08-22,CUST1716,Customer_1586,Male,28,Bengaluru,Karnataka,South,Sports,Cricket Bat,1,2427.68,10.0,2184.91,Credit Card,Returned,466.73,4.3
ORD103789,2025-07-06,CUST1505,Customer_1744,Male,28,Chennai,Tamil Nadu,South,Home & Kitchen,Cookware Set,2,3376.53,5.0,6415.41,UPI,Delivered,405.23,5.0
ORD103790,2025-08-18,CUST1548,Customer_1732,Male,18,Bengaluru,Karnataka,South,Fashion,Shoes,1,6877.35,15.0,5845.75,Net Banking,Delivered,612.95,4.5
ORD103791,2025-09-18,CUST1254,Customer_1015,Female,36,Kochi,Kerala,South,Fashion,T-Shirt,1,1274.5,10.0,1147.05,UPI,Delivered,217.87,4.0
ORD103792,2025-12-02,CUST1383,Customer_1130,Other,24,Bhubaneswar,Odisha,East,Beauty,Shampoo,3,524.69,15.0,1337.96,Credit Card,Delivered,109.35,4.4
ORD103793,2025-04-26,CUST1635,Customer_1372,Female,30,Kochi,Kerala,South,Beauty,Makeup Kit,1,3878.14,15.0,3296.42,Credit Card,Delivered,484.05,2.7
ORD103794,2025-10-30,CUST1481,Customer_1229,Female,18,Kochi,Kerala,South,Beauty,Face Wash,1,817.22,25.0,612.91,UPI,Delivered,131.67,4.7
ORD103795,2025-01-21,CUST1438,Customer_1225,Male,44,Panaji,Goa,West,Electronics,Tablet,3,17809.79,10.0,48086.43,Cash on Delivery,Delivered,7817.92,4.3
ORD103796,2025-05-06,CUST1636,Customer_1372,Female,30,Ludhiana,Punjab,North,Fashion,Jacket,3,4726.96,0.0,14180.88,Credit Card,Delivered,2451.22,3.4
ORD103797,2025-05-24,CUST1703,Customer_1508,Female,45,Lucknow,Uttar Pradesh,North,Beauty,Perfume,4,4351.25,10.0,15664.5,UPI,Cancelled,1303.54,5.0
ORD103798,2025-07-11,CUST1090,Customer_1002,Male,37,Mumbai,Maharashtra,West,Beauty,Perfume,1,813.33,0.0,813.33,UPI,Delivered,65.52,4.2
ORD103799,2025-08-04,CUST1046,Customer_1181,Female,26,Kochi,Kerala,South,Fashion,T-Shirt,1,878.07,5.0,834.17,Credit Card,Delivered,164.63,4.0
ORD103800,2025-04-22,CUST1158,Customer_1569,Female,24,Patna,Bihar,East,Sports,Dumbbells,1,846.66,15.0,719.66,UPI,Delivered,112.73,4.4
ORD103801,2025-01-30,CUST1325,Customer_1074,Male,29,Kolkata,West Bengal,East,Electronics,Laptop,2,89906.49,10.0,161831.68,Cash on Delivery,Delivered,29307.21,2.9
ORD103802,2025-11-05,CUST1750,Customer_1172,Female,35,Panaji,Goa,West,Fashion,Jacket,1,4676.04,0.0,4676.04,Debit Card,Delivered,286.51,3.3
ORD103803,2025-12-06,CUST1193,Customer_1430,Female,21,Ludhiana,Punjab,North,Electronics,Smartwatch,2,9566.63,0.0,19133.26,UPI,Shipped,1529.88,4.3
ORD103804,2025-05-26,CUST1035,Customer_1567,Female,46,Hyderabad,Telangana,South,Electronics,Smartwatch,2,13664.75,15.0,23230.08,Credit Card,Returned,1646.54,3.1
ORD103805,2025-07-20,CUST1024,Customer_1469,Male,30,Gurugram,Haryana,North,Home & Kitchen,Mixer Grinder,3,6558.62,20.0,15740.69,UPI,Delivered,3028.06,4.7
ORD103806,2025-03-06,CUST1547,Customer_1556,Male,21,Ranchi,Jharkhand,East,Beauty,Makeup Kit,4,3000.49,5.0,11401.86,UPI,Delivered,2284.67,4.1
ORD103807,2025-08-19,CUST1072,Customer_1408,Female,33,Ludhiana,Punjab,North,Fashion,T-Shirt,1,1513.62,10.0,1362.26,Cash on Delivery,Delivered,124.51,5.0
ORD103808,2025-04-19,CUST1755,Customer_1491,Male,30,Bhubaneswar,Odisha,East,Home & Kitchen,Cookware Set,2,2096.65,0.0,4193.3,UPI,Delivered,680.56,4.0
ORD103809,2025-08-13,CUST1386,Customer_1530,Male,18,Jaipur,Rajasthan,North,Electronics,Laptop,3,40785.37,10.0,110120.5,Net Banking,Delivered,10068.27,3.2
ORD103810,2025-06-08,CUST1095,Customer_1399,Female,18,Kolkata,West Bengal,East,Fashion,Backpack,3,2934.27,0.0,8802.81,Debit Card,Delivered,1589.95,4.4
ORD103811,2025-10-31,CUST1315,Customer_1640,Male,26,Jaipur,Rajasthan,North,Fashion,T-Shirt,4,872.31,10.0,3140.32,Net Banking,Delivered,424.53,4.0
ORD103812,2025-12-24,CUST1607,Customer_1265,Female,18,Hyderabad,Telangana,South,Beauty,Face Wash,1,614.76,15.0,522.55,Debit Card,Delivered,71.94,4.3
ORD103813,2025-11-26,CUST1471,Customer_1019,Female,21,Kolkata,West Bengal,East,Electronics,Tablet,5,30843.01,10.0,138793.54,UPI,Delivered,16057.25,4.1
ORD103814,2025-05-08,CUST1526,Customer_1761,Male,30,Hyderabad,Telangana,South,Fashion,Backpack,1,1666.75,15.0,1416.74,UPI,Delivered,294.18,4.2
ORD103815,2025-02-09,CUST1541,Customer_1744,Female,29,Patna,Bihar,East,Fashion,Shoes,3,5131.79,20.0,12316.3,UPI,Delivered,1885.36,5.0
ORD103816,2025-06-21,CUST1070,Customer_1720,Male,18,Jaipur,Rajasthan,North,Fashion,T-Shirt,2,1006.81,20.0,1610.9,UPI,Delivered,116.26,2.9
ORD103817,2025-12-03,CUST1794,Customer_1503,Female,28,Ranchi,Jharkhand,East,Fashion,Backpack,1,1153.79,10.0,1038.41,UPI,Delivered,203.1,3.7
ORD103818,2025-12-03,CUST1747,Customer_1571,Male,26,Panaji,Goa,West,Home & Kitchen,Bedsheet,1,2711.22,0.0,2711.22,UPI,Delivered,383.62,4.0
ORD103819,2025-04-25,CUST1050,Customer_1458,Male,29,Kolkata,West Bengal,East,Electronics,Smartwatch,1,1632.35,5.0,1550.73,Debit Card,Delivered,324.38,3.6
ORD103820,2025-07-06,CUST1374,Customer_1413,Female,34,Ranchi,Jharkhand,East,Fashion,Jeans,1,2455.88,15.0,2087.5,Net Banking,Delivered,135.63,5.0
ORD103821,2025-12-04,CUST1610,Customer_1527,Male,35,Hyderabad,Telangana,South,Electronics,Headphones,3,4703.67,15.0,11994.36,UPI,Cancelled,2328.02,3.7
ORD103822,2025-08-23,CUST1491,Customer_1075,Female,45,Gurugram,Haryana,North,Beauty,Face Wash,1,482.62,15.0,410.23,Credit Card,Delivered,38.15,2.5
ORD103823,2025-11-07,CUST1512,Customer_1158,Male,34,Patna,Bihar,East,Home & Kitchen,Dining Set,3,4120.49,10.0,11125.32,Debit Card,Delivered,705.83,3.5
ORD103824,2025-02-08,CUST1777,Customer_1793,Female,50,Bhubaneswar,Odisha,East,Electronics,Smartphone,1,50591.83,15.0,43003.06,UPI,Delivered,6798.29,4.3
ORD103825,2025-06-01,CUST1530,Customer_1483,Male,23,Panaji,Goa,West,Electronics,Smartphone,1,43250.72,0.0,43250.72,UPI,Cancelled,6617.36,3.5
ORD103826,2025-08-14,CUST1264,Customer_1763,Female,38,New Delhi,Delhi,North,Home & Kitchen,Mixer Grinder,1,3844.98,10.0,3460.48,UPI,Delivered,510.84,3.9
ORD103827,2025-04-09,CUST1467,Customer_1699,Female,21,Hyderabad,Telangana,South,Home & Kitchen,Mixer Grinder,1,5559.03,5.0,5281.08,Debit Card,Delivered,358.44,4.8
ORD103828,2025-07-01,CUST1466,Customer_1347,Female,27,Kochi,Kerala,South,Beauty,Moisturizer,1,1673.52,15.0,1422.49,UPI,Delivered,180.79,3.1
ORD103829,2025-06-02,CUST1016,Customer_1109,Male,18,Kochi,Kerala,South,Electronics,Smartwatch,1,8997.19,10.0,8097.47,Credit Card,Delivered,1048.26,3.9
ORD103830,2025-07-09,CUST1014,Customer_1777,Female,32,Chennai,Tamil Nadu,South,Fashion,T-Shirt,1,761.0,5.0,722.95,UPI,Delivered,101.64,4.2
ORD103831,2025-12-24,CUST1458,Customer_1417,Female,36,Bhubaneswar,Odisha,East,Home & Kitchen,Cookware Set,4,6635.22,10.0,23886.79,Cash on Delivery,Delivered,3790.37,4.3
ORD103832,2025-05-27,CUST1279,Customer_1299,Male,23,Ranchi,Jharkhand,East,Electronics,Laptop,1,57517.98,15.0,48890.28,UPI,Delivered,3744.12,3.5
ORD103833,2025-01-25,CUST1614,Customer_1143,Male,41,Ahmedabad,Gujarat,West,Electronics,Laptop,1,77177.18,5.0,73318.32,UPI,Delivered,14806.84,4.4
ORD103834,2025-12-15,CUST1738,Customer_1048,Male,45,Hyderabad,Telangana,South,Beauty,Perfume,1,3242.94,5.0,3080.79,Net Banking,Shipped,367.19,3.6
ORD103835,2025-09-30,CUST1765,Customer_1711,Female,32,Mumbai,Maharashtra,West,Electronics,Laptop,1,74563.01,0.0,74563.01,Cash on Delivery,Delivered,13868.4,4.4
ORD103836,2025-08-22,CUST1777,Customer_1216,Male,30,Hyderabad,Telangana,South,Fashion,Shoes,2,6597.0,0.0,13194.0,Debit Card,Delivered,1051.7,4.8
ORD103837,2025-10-27,CUST1304,Customer_1327,Male,29,Ranchi,Jharkhand,East,Sports,Cricket Bat,3,4220.6,10.0,11395.62,Cash on Delivery,Delivered,1578.48,3.9
ORD103838,2025-01-15,CUST1757,Customer_1291,Male,34,Chennai,Tamil Nadu,South,Fashion,Backpack,4,3049.0,15.0,10366.6,Credit Card,Delivered,834.07,4.3
ORD103839,2025-01-30,CUST1378,Customer_1359,Male,36,Lucknow,Uttar Pradesh,North,Electronics,Laptop,1,82767.43,5.0,78629.06,Debit Card,Delivered,7103.28,3.6
ORD103840,2025-02-07,CUST1604,Customer_1661,Male,18,Patna,Bihar,East,Home & Kitchen,Cookware Set,1,3859.82,10.0,3473.84,UPI,Delivered,457.32,4.6
ORD103841,2025-04-12,CUST1794,Customer_1679,Female,51,Ranchi,Jharkhand,East,Sports,Cricket Bat,2,6374.56,25.0,9561.84,Debit Card,Returned,1729.8,4.0
ORD103842,2025-01-10,CUST1499,Customer_1383,Female,30,New Delhi,Delhi,North,Fashion,T-Shirt,2,517.25,15.0,879.32,Debit Card,Delivered,182.22,3.0
ORD103843,2025-01-04,CUST1587,Customer_1174,Male,30,Hyderabad,Telangana,South,Home & Kitchen,Cookware Set,1,2388.61,5.0,2269.18,UPI,Delivered,261.85,2.5
ORD103844,2025-09-21,CUST1697,Customer_1101,Female,35,Kolkata,West Bengal,East,Fashion,Shoes,3,3900.38,15.0,9945.97,Debit Card,Delivered,927.92,3.2
ORD103845,2025-06-27,CUST1446,Customer_1170,Male,24,Panaji,Goa,West,Electronics,Smartwatch,1,2974.8,5.0,2826.06,UPI,Delivered,425.0,3.7
ORD103846,2025-11-15,CUST1260,Customer_1371,Male,43,Bhubaneswar,Odisha,East,Sports,Running Shoes,4,5997.42,15.0,20391.23,UPI,Delivered,3350.64,4.4
ORD103847,2025-02-17,CUST1468,Customer_1182,Male,31,Kochi,Kerala,South,Beauty,Makeup Kit,1,2750.93,5.0,2613.38,UPI,Delivered,309.65,3.2
ORD103848,2025-08-03,CUST1754,Customer_1493,Female,37,Gurugram,Haryana,North,Beauty,Makeup Kit,1,3568.59,5.0,3390.16,Credit Card,Delivered,262.66,3.6
ORD103849,2025-05-20,CUST1360,Customer_1150,Female,18,Panaji,Goa,West,Home & Kitchen,Cookware Set,1,6570.78,10.0,5913.7,UPI,Delivered,628.7,4.3
ORD103850,2025-06-30,CUST1417,Customer_1685,Male,40,Kochi,Kerala,South,Fashion,T-Shirt,4,606.82,5.0,2305.92,Cash on Delivery,Delivered,380.57,3.9
ORD103851,2025-04-20,CUST1282,Customer_1331,Male,22,Lucknow,Uttar Pradesh,North,Fashion,T-Shirt,1,1662.36,0.0,1662.36,Cash on Delivery,Delivered,237.1,4.1
ORD103852,2025-09-10,CUST1556,Customer_1100,Male,18,Kolkata,West Bengal,East,Home & Kitchen,Dining Set,1,8246.89,25.0,6185.17,UPI,Delivered,554.04,2.4
ORD103853,2025-12-25,CUST1498,Customer_1756,Male,28,Hyderabad,Telangana,South,Fashion,Shoes,1,3688.85,15.0,3135.52,Debit Card,Delivered,249.69,4.5
ORD103854,2025-10-20,CUST1280,Customer_1092,Male,19,Hyderabad,Telangana,South,Home & Kitchen,Dining Set,2,7266.9,15.0,12353.73,UPI,Delivered,1721.5,3.9
ORD103855,2025-04-11,CUST1623,Customer_1454,Female,33,New Delhi,Delhi,North,Home & Kitchen,Cookware Set,1,4226.05,20.0,3380.84,Credit Card,Shipped,426.32,3.7
ORD103856,2025-10-16,CUST1115,Customer_1310,Male,26,Mumbai,Maharashtra,West,Electronics,Smartphone,3,64552.54,0.0,193657.62,Debit Card,Delivered,29584.9,4.8
ORD103857,2025-10-19,CUST1184,Customer_1554,Male,24,Ranchi,Jharkhand,East,Fashion,Jacket,1,5559.91,10.0,5003.92,Credit Card,Delivered,719.31,4.2
ORD103858,2025-06-08,CUST1426,Customer_1635,Female,25,Patna,Bihar,East,Electronics,Smartwatch,1,3540.83,5.0,3363.79,UPI,Delivered,571.87,3.9
ORD103859,2025-03-01,CUST1280,Customer_1017,Male,25,Ahmedabad,Gujarat,West,Beauty,Moisturizer,2,356.5,5.0,677.35,UPI,Delivered,91.24,2.9
ORD103860,2025-05-24,CUST1671,Customer_1758,Male,23,Kolkata,West Bengal,East,Beauty,Makeup Kit,1,2596.69,25.0,1947.52,UPI,Delivered,306.21,3.4
ORD103861,2025-04-28,CUST1785,Customer_1126,Male,20,Gurugram,Haryana,North,Home & Kitchen,Air Fryer,1,14994.42,25.0,11245.82,UPI,Delivered,1331.17,3.7
ORD103862,2025-07-31,CUST1520,Customer_1233,Female,27,Hyderabad,Telangana,South,Electronics,Smartphone,5,67873.77,10.0,305431.97,Debit Card,Shipped,23024.26,4.9
ORD103863,2025-05-14,CUST1405,Customer_1018,Male,37,Mumbai,Maharashtra,West,Electronics,Headphones,3,7629.48,10.0,20599.6,Credit Card,Delivered,4204.52,3.4
ORD103864,2025-07-09,CUST1501,Customer_1633,Female,33,Mumbai,Maharashtra,West,Home & Kitchen,Cookware Set,2,5449.86,10.0,9809.75,Cash on Delivery,Delivered,671.57,4.0
ORD103865,2025-08-13,CUST1728,Customer_1012,Male,39,Mumbai,Maharashtra,West,Home & Kitchen,Cookware Set,1,5114.39,10.0,4602.95,Net Banking,Delivered,875.72,5.0
ORD103866,2025-05-16,CUST1372,Customer_1023,Male,30,Bengaluru,Karnataka,South,Home & Kitchen,Cookware Set,1,3160.06,5.0,3002.06,UPI,Delivered,635.19,3.4
ORD103867,2025-06-04,CUST1467,Customer_1065,Female,18,Hyderabad,Telangana,South,Electronics,Laptop,1,76461.15,15.0,64991.98,Cash on Delivery,Returned,6199.66,5.0
ORD103868,2025-10-15,CUST1029,Customer_1106,Other,18,Ludhiana,Punjab,North,Fashion,Backpack,1,1848.24,5.0,1755.83,Debit Card,Delivered,309.39,3.2
ORD103869,2025-11-10,CUST1729,Customer_1100,Female,31,Ranchi,Jharkhand,East,Electronics,Tablet,1,36636.03,25.0,27477.02,UPI,Delivered,2500.34,3.5
ORD103870,2025-10-15,CUST1289,Customer_1192,Female,45,Patna,Bihar,East,Home & Kitchen,Mixer Grinder,1,5180.62,10.0,4662.56,Credit Card,Delivered,993.26,3.6
ORD103871,2025-07-03,CUST1214,Customer_1179,Male,45,Ludhiana,Punjab,North,Sports,Cricket Bat,2,6506.39,20.0,10410.22,UPI,Delivered,1837.24,3.6
ORD103872,2025-03-19,CUST1539,Customer_1296,Male,38,Mumbai,Maharashtra,West,Fashion,Jacket,1,2384.06,10.0,2145.65,Net Banking,Shipped,189.73,3.9
ORD103873,2025-04-16,CUST1607,Customer_1209,Male,36,Bengaluru,Karnataka,South,Beauty,Moisturizer,1,379.32,0.0,379.32,Credit Card,Delivered,26.16,5.0
ORD103874,2025-05-28,CUST1530,Customer_1765,Male,42,Kochi,Kerala,South,Electronics,Smartphone,1,68611.45,5.0,65180.88,Net Banking,Delivered,8085.55,4.3
ORD103875,2025-02-26,CUST1526,Customer_1339,Female,35,Hyderabad,Telangana,South,Fashion,T-Shirt,1,1708.7,10.0,1537.83,Net Banking,Delivered,161.32,4.4
ORD103876,2025-01-14,CUST1332,Customer_1269,Male,32,Kolkata,West Bengal,East,Sports,Dumbbells,1,3404.06,10.0,3063.65,Cash on Delivery,Delivered,286.87,4.8
ORD103877,2025-05-29,CUST1102,Customer_1358,Female,50,Ludhiana,Punjab,North,Beauty,Shampoo,5,665.75,5.0,3162.31,UPI,Delivered,508.31,3.4
ORD103878,2025-11-12,CUST1701,Customer_1172,Female,32,Ahmedabad,Gujarat,West,Fashion,Jacket,1,1966.28,15.0,1671.34,UPI,Delivered,204.5,4.4
ORD103879,2025-07-28,CUST1357,Customer_1091,Male,39,Patna,Bihar,East,Sports,Yoga Mat,5,1794.1,15.0,7624.93,UPI,Delivered,1440.69,3.8
ORD103880,2025-06-27,CUST1504,Customer_1736,Female,35,Patna,Bihar,East,Fashion,T-Shirt,3,855.5,10.0,2309.85,Cash on Delivery,Delivered,262.93,4.4
ORD103881,2025-12-02,CUST1329,Customer_1737,Female,34,Gurugram,Haryana,North,Home & Kitchen,Mixer Grinder,2,5405.02,20.0,8648.03,Credit Card,Delivered,1397.74,3.5
ORD103882,2025-10-03,CUST1349,Customer_1036,Male,45,Lucknow,Uttar Pradesh,North,Fashion,T-Shirt,1,419.98,5.0,398.98,UPI,Delivered,57.12,4.0
ORD103883,2025-05-29,CUST1001,Customer_1420,Female,41,Bengaluru,Karnataka,South,Fashion,Shoes,1,2703.99,20.0,2163.19,UPI,Delivered,249.77,4.5
ORD103884,2025-03-24,CUST1083,Customer_1762,Female,29,Jaipur,Rajasthan,North,Fashion,Shoes,1,4501.12,10.0,4051.01,UPI,Cancelled,307.06,4.9
ORD103885,2025-08-27,CUST1599,Customer_1662,Female,30,Hyderabad,Telangana,South,Home & Kitchen,Dining Set,1,6560.54,10.0,5904.49,Debit Card,Delivered,1037.63,5.0
ORD103886,2025-09-01,CUST1576,Customer_1400,Female,43,Bhubaneswar,Odisha,East,Beauty,Makeup Kit,1,1634.49,10.0,1471.04,Net Banking,Delivered,247.8,5.0
ORD103887,2025-06-20,CUST1232,Customer_1074,Male,34,Panaji,Goa,West,Home & Kitchen,Cookware Set,3,3284.0,10.0,8866.8,UPI,Delivered,1811.15,3.8
ORD103888,2025-04-16,CUST1505,Customer_1703,Male,22,Ahmedabad,Gujarat,West,Home & Kitchen,Air Fryer,1,6051.76,20.0,4841.41,Credit Card,Cancelled,818.4,4.4
ORD103889,2025-07-19,CUST1444,Customer_1373,Male,42,Kolkata,West Bengal,East,Electronics,Laptop,1,37872.07,15.0,32191.26,Credit Card,Delivered,3681.9,4.7
ORD103890,2025-12-04,CUST1777,Customer_1756,Female,34,Ludhiana,Punjab,North,Home & Kitchen,Mixer Grinder,2,3885.67,5.0,7382.77,Debit Card,Delivered,1279.86,3.2
ORD103891,2025-07-16,CUST1595,Customer_1783,Male,37,Gurugram,Haryana,North,Fashion,Backpack,1,1002.14,5.0,952.03,Credit Card,Delivered,95.2,3.3
ORD103892,2025-03-16,CUST1758,Customer_1268,Male,19,Bhubaneswar,Odisha,East,Electronics,Headphones,1,6485.68,10.0,5837.11,UPI,Shipped,1074.63,3.6
ORD103893,2025-10-17,CUST1595,Customer_1780,Male,22,Ahmedabad,Gujarat,West,Fashion,T-Shirt,1,1383.69,20.0,1106.95,Credit Card,Delivered,81.06,4.4
ORD103894,2025-04-03,CUST1739,Customer_1069,Female,41,Lucknow,Uttar Pradesh,North,Fashion,Jeans,3,2184.5,15.0,5570.47,Net Banking,Shipped,1000.88,3.8
ORD103895,2025-05-08,CUST1120,Customer_1712,Male,41,Ludhiana,Punjab,North,Fashion,Shoes,1,5716.65,10.0,5144.98,Net Banking,Delivered,858.3,4.5
ORD103896,2025-11-11,CUST1521,Customer_1042,Male,44,Ranchi,Jharkhand,East,Electronics,Smartwatch,2,5201.87,5.0,9883.55,Credit Card,Cancelled,1514.04,3.7
ORD103897,2025-03-14,CUST1105,Customer_1292,Male,32,Chennai,Tamil Nadu,South,Sports,Dumbbells,1,2613.89,20.0,2091.11,UPI,Shipped,179.7,4.0
ORD103898,2025-02-18,CUST1236,Customer_1621,Female,27,Ranchi,Jharkhand,East,Electronics,Tablet,1,43962.85,20.0,35170.28,UPI,Delivered,3722.38,4.1
ORD103899,2025-12-28,CUST1764,Customer_1649,Female,43,Ludhiana,Punjab,North,Home & Kitchen,Mixer Grinder,3,3546.92,10.0,9576.68,UPI,Delivered,1976.38,3.9
ORD103900,2025-11-15,CUST1141,Customer_1454,Female,20,Hyderabad,Telangana,South,Home & Kitchen,Dining Set,1,4265.12,0.0,4265.12,UPI,Delivered,882.22,4.0
ORD103901,2025-04-17,CUST1642,Customer_1663,Female,34,Patna,Bihar,East,Electronics,Smartphone,3,25087.86,10.0,67737.22,Cash on Delivery,Delivered,10235.35,3.3
ORD103902,2025-04-21,CUST1258,Customer_1135,Female,36,New Delhi,Delhi,North,Electronics,Smartphone,1,24534.18,5.0,23307.47,Debit Card,Delivered,3296.88,3.3
ORD103903,2025-12-29,CUST1175,Customer_1601,Male,30,Mumbai,Maharashtra,West,Home & Kitchen,Mixer Grinder,1,5057.73,10.0,4551.96,UPI,Delivered,344.95,4.0
ORD103904,2025-07-14,CUST1485,Customer_1230,Male,22,Panaji,Goa,West,Electronics,Laptop,3,50788.09,15.0,129509.63,Debit Card,Cancelled,12861.53,5.0
ORD103905,2025-08-14,CUST1278,Customer_1750,Female,36,Lucknow,Uttar Pradesh,North,Home & Kitchen,Air Fryer,1,14581.81,5.0,13852.72,Cash on Delivery,Cancelled,2943.06,3.6
ORD103906,2025-09-24,CUST1581,Customer_1290,Female,29,Ahmedabad,Gujarat,West,Fashion,Backpack,1,2557.91,20.0,2046.33,UPI,Delivered,238.94,4.3
ORD103907,2025-06-21,CUST1157,Customer_1324,Female,35,Kolkata,West Bengal,East,Electronics,Smartphone,1,25833.55,25.0,19375.16,UPI,Delivered,3984.53,4.2
ORD103908,2025-08-09,CUST1522,Customer_1277,Male,22,New Delhi,Delhi,North,Fashion,Jeans,4,2603.62,10.0,9373.03,Debit Card,Shipped,1383.72,3.7
ORD103909,2025-10-02,CUST1555,Customer_1465,Male,25,Ahmedabad,Gujarat,West,Home & Kitchen,Dining Set,1,11455.08,25.0,8591.31,Cash on Delivery,Delivered,1701.78,4.2
ORD103910,2025-12-10,CUST1694,Customer_1037,Male,34,Gurugram,Haryana,North,Home & Kitchen,Air Fryer,2,12844.75,5.0,24405.02,Debit Card,Delivered,5264.27,3.9
ORD103911,2025-09-24,CUST1235,Customer_1384,Male,31,Panaji,Goa,West,Fashion,Backpack,1,969.63,20.0,775.7,UPI,Delivered,124.52,3.7
ORD103912,2025-07-26,CUST1550,Customer_1256,Female,30,Chennai,Tamil Nadu,South,Electronics,Smartwatch,2,7531.31,5.0,14309.49,UPI,Delivered,894.22,3.7
ORD103913,2025-09-15,CUST1692,Customer_1246,Male,25,Bhubaneswar,Odisha,East,Sports,Football,1,814.69,0.0,814.69,Net Banking,Shipped,112.96,2.9
ORD103914,2025-06-27,CUST1182,Customer_1468,Female,36,Gurugram,Haryana,North,Fashion,T-Shirt,1,1367.14,15.0,1162.07,UPI,Delivered,218.19,4.5
ORD103915,2025-03-01,CUST1308,Customer_1582,Male,41,Jaipur,Rajasthan,North,Home & Kitchen,Bedsheet,3,1649.46,10.0,4453.54,Net Banking,Delivered,817.23,3.4
ORD103916,2025-03-19,CUST1498,Customer_1658,Male,34,Lucknow,Uttar Pradesh,North,Electronics,Laptop,3,47212.11,5.0,134554.51,UPI,Shipped,24345.93,4.7
ORD103917,2025-02-05,CUST1600,Customer_1631,Female,38,Chennai,Tamil Nadu,South,Beauty,Makeup Kit,2,2655.07,15.0,4513.62,Cash on Delivery,Delivered,644.39,3.8
ORD103918,2025-01-27,CUST1639,Customer_1098,Male,23,Kolkata,West Bengal,East,Fashion,Jeans,1,2116.28,15.0,1798.84,UPI,Delivered,282.08,5.0
ORD103919,2025-04-02,CUST1555,Customer_1782,Male,36,Ranchi,Jharkhand,East,Fashion,Jeans,1,1136.39,10.0,1022.75,UPI,Delivered,205.84,4.8
ORD103920,2025-12-21,CUST1214,Customer_1107,Female,41,Kolkata,West Bengal,East,Beauty,Perfume,3,1605.81,15.0,4094.82,UPI,Delivered,719.18,3.9
ORD103921,2025-01-20,CUST1225,Customer_1169,Male,22,Mumbai,Maharashtra,West,Beauty,Perfume,1,4719.09,20.0,3775.27,Debit Card,Shipped,476.89,3.4
ORD103922,2025-05-13,CUST1362,Customer_1349,Female,30,Ahmedabad,Gujarat,West,Electronics,Smartphone,3,34240.54,10.0,92449.46,Debit Card,Delivered,7206.27,4.7
ORD103923,2025-08-22,CUST1609,Customer_1530,Male,31,Mumbai,Maharashtra,West,Fashion,Jacket,1,3312.4,15.0,2815.54,Net Banking,Delivered,392.98,4.6
ORD103924,2025-02-03,CUST1226,Customer_1479,Male,32,Bengaluru,Karnataka,South,Sports,Yoga Mat,2,1513.72,15.0,2573.32,Credit Card,Returned,365.94,4.5
ORD103925,2025-03-14,CUST1364,Customer_1507,Female,41,Bhubaneswar,Odisha,East,Fashion,Backpack,3,3469.71,5.0,9888.67,UPI,Delivered,647.84,5.0
ORD103926,2025-06-18,CUST1053,Customer_1257,Female,40,Hyderabad,Telangana,South,Electronics,Headphones,2,4871.6,20.0,7794.56,Credit Card,Shipped,1017.59,5.0
ORD103927,2025-11-29,CUST1678,Customer_1274,Male,27,Ludhiana,Punjab,North,Beauty,Face Wash,1,380.81,5.0,361.77,UPI,Delivered,44.67,3.0
ORD103928,2025-04-05,CUST1383,Customer_1761,Male,40,Ludhiana,Punjab,North,Electronics,Tablet,1,39605.1,10.0,35644.59,Debit Card,Delivered,6821.62,3.7
ORD103929,2025-11-18,CUST1703,Customer_1170,Female,35,Jaipur,Rajasthan,North,Electronics,Tablet,1,20174.28,5.0,19165.57,UPI,Delivered,2775.81,4.5
ORD103930,2025-07-27,CUST1641,Customer_1710,Female,36,Jaipur,Rajasthan,North,Electronics,Laptop,3,40986.86,10.0,110664.52,Net Banking,Delivered,11711.9,4.4
ORD103931,2025-03-01,CUST1574,Customer_1510,Female,36,Gurugram,Haryana,North,Electronics,Laptop,3,80450.61,20.0,193081.46,UPI,Delivered,21028.91,4.0
ORD103932,2025-10-13,CUST1530,Customer_1191,Female,41,Gurugram,Haryana,North,Electronics,Smartwatch,2,8575.56,10.0,15436.01,Debit Card,Delivered,2172.49,4.1
ORD103933,2025-10-06,CUST1529,Customer_1334,Male,25,Lucknow,Uttar Pradesh,North,Beauty,Face Wash,1,753.99,15.0,640.89,UPI,Delivered,92.54,5.0
ORD103934,2025-07-26,CUST1679,Customer_1645,Female,18,Patna,Bihar,East,Sports,Football,3,2936.05,10.0,7927.34,Net Banking,Delivered,1229.93,3.3
ORD103935,2025-04-13,CUST1440,Customer_1559,Male,32,Bhubaneswar,Odisha,East,Fashion,Backpack,2,776.62,10.0,1397.92,UPI,Shipped,246.55,4.3
ORD103936,2025-12-12,CUST1036,Customer_1099,Male,42,Panaji,Goa,West,Beauty,Face Wash,4,306.76,10.0,1104.34,Debit Card,Delivered,141.49,3.7
ORD103937,2025-05-31,CUST1134,Customer_1797,Male,33,Ludhiana,Punjab,North,Fashion,T-Shirt,2,712.59,20.0,1140.14,Net Banking,Delivered,158.33,4.2
ORD103938,2025-01-07,CUST1014,Customer_1003,Female,23,Ludhiana,Punjab,North,Sports,Cricket Bat,1,4365.79,5.0,4147.5,Credit Card,Cancelled,811.55,2.5
ORD103939,2025-01-01,CUST1544,Customer_1661,Male,24,Ahmedabad,Gujarat,West,Sports,Yoga Mat,4,1543.65,25.0,4630.95,Cash on Delivery,Delivered,610.78,3.3
ORD103940,2025-06-26,CUST1615,Customer_1654,Female,18,Jaipur,Rajasthan,North,Electronics,Tablet,2,28526.37,25.0,42789.56,Debit Card,Delivered,8632.8,4.3
ORD103941,2025-12-11,CUST1151,Customer_1248,Male,40,Hyderabad,Telangana,South,Electronics,Smartwatch,1,8701.63,5.0,8266.55,UPI,Delivered,922.81,3.5
ORD103942,2025-04-10,CUST1430,Customer_1152,Male,48,Kochi,Kerala,South,Electronics,Smartwatch,1,12599.0,15.0,10709.15,Net Banking,Delivered,1040.31,3.9
ORD103943,2025-02-03,CUST1101,Customer_1766,Male,39,Jaipur,Rajasthan,North,Electronics,Headphones,2,5428.41,15.0,9228.3,UPI,Delivered,1372.15,4.4
ORD103944,2025-10-02,CUST1604,Customer_1377,Female,39,Mumbai,Maharashtra,West,Home & Kitchen,Mixer Grinder,1,5456.09,20.0,4364.87,Net Banking,Cancelled,413.48,3.9
ORD103945,2025-04-30,CUST1658,Customer_1761,Female,39,Ludhiana,Punjab,North,Sports,Running Shoes,2,7011.57,25.0,10517.35,Credit Card,Delivered,1561.1,4.1
ORD103946,2025-06-05,CUST1592,Customer_1114,Male,31,Ranchi,Jharkhand,East,Electronics,Headphones,1,1967.66,5.0,1869.28,Credit Card,Delivered,254.58,4.3
ORD103947,2025-01-05,CUST1268,Customer_1465,Male,33,Bhubaneswar,Odisha,East,Sports,Running Shoes,3,1561.54,10.0,4216.16,UPI,Delivered,833.49,5.0
ORD103948,2025-12-12,CUST1303,Customer_1130,Male,32,Ludhiana,Punjab,North,Electronics,Smartwatch,1,10214.67,10.0,9193.2,Credit Card,Delivered,632.0,3.7
ORD103949,2025-03-30,CUST1621,Customer_1370,Male,21,Lucknow,Uttar Pradesh,North,Fashion,T-Shirt,2,1504.59,15.0,2557.8,UPI,Delivered,477.58,4.5
ORD103950,2025-07-04,CUST1327,Customer_1728,Female,36,Bhubaneswar,Odisha,East,Home & Kitchen,Mixer Grinder,3,7405.45,10.0,19994.72,UPI,Shipped,3653.32,3.3
ORD103951,2025-09-13,CUST1023,Customer_1769,Female,31,Hyderabad,Telangana,South,Fashion,Backpack,1,2813.42,10.0,2532.08,Cash on Delivery,Cancelled,530.7,2.4
ORD103952,2025-04-23,CUST1126,Customer_1266,Male,38,New Delhi,Delhi,North,Electronics,Smartwatch,1,12232.78,20.0,9786.22,Credit Card,Shipped,842.1,3.9
ORD103953,2025-08-01,CUST1571,Customer_1665,Female,29,Lucknow,Uttar Pradesh,North,Home & Kitchen,Mixer Grinder,2,5353.43,10.0,9636.17,UPI,Cancelled,1937.03,4.5
ORD103954,2025-08-02,CUST1221,Customer_1319,Male,18,Lucknow,Uttar Pradesh,North,Electronics,Laptop,2,88163.56,20.0,141061.7,Net Banking,Delivered,30701.27,4.8
ORD103955,2025-02-01,CUST1112,Customer_1225,Female,38,Gurugram,Haryana,North,Fashion,Backpack,1,2929.07,15.0,2489.71,Credit Card,Delivered,361.34,4.4
ORD103956,2025-12-27,CUST1174,Customer_1358,Female,26,Kolkata,West Bengal,East,Fashion,Jeans,1,1631.93,10.0,1468.74,UPI,Delivered,191.73,4.4
ORD103957,2025-05-12,CUST1102,Customer_1057,Male,30,Chennai,Tamil Nadu,South,Fashion,T-Shirt,1,1729.3,10.0,1556.37,UPI,Delivered,221.79,4.7
ORD103958,2025-09-26,CUST1072,Customer_1303,Female,30,Patna,Bihar,East,Sports,Yoga Mat,1,2426.04,5.0,2304.74,UPI,Delivered,143.52,2.9
ORD103959,2025-05-29,CUST1576,Customer_1469,Female,38,Ranchi,Jharkhand,East,Electronics,Smartwatch,2,9204.64,15.0,15647.89,UPI,Delivered,3296.56,3.3
ORD103960,2025-06-15,CUST1024,Customer_1434,Female,35,Chennai,Tamil Nadu,South,Electronics,Tablet,4,22341.09,25.0,67023.27,Net Banking,Delivered,9939.03,3.5
ORD103961,2025-01-30,CUST1423,Customer_1025,Male,30,Lucknow,Uttar Pradesh,North,Electronics,Laptop,1,64429.56,0.0,64429.56,Net Banking,Delivered,6396.46,4.2
ORD103962,2025-11-26,CUST1761,Customer_1287,Male,32,Ranchi,Jharkhand,East,Home & Kitchen,Dining Set,4,15098.0,15.0,51333.2,UPI,Delivered,4756.5,3.1
ORD103963,2025-05-06,CUST1740,Customer_1595,Female,30,Hyderabad,Telangana,South,Fashion,T-Shirt,1,1696.57,5.0,1611.74,UPI,Delivered,255.67,4.9
ORD103964,2025-06-17,CUST1388,Customer_1412,Female,43,Lucknow,Uttar Pradesh,North,Sports,Cricket Bat,1,7034.81,10.0,6331.33,UPI,Returned,1063.69,4.1
ORD103965,2025-11-30,CUST1298,Customer_1113,Male,41,Jaipur,Rajasthan,North,Electronics,Laptop,1,88704.9,15.0,75399.16,Cash on Delivery,Delivered,6209.07,2.9
ORD103966,2025-10-16,CUST1332,Customer_1512,Female,31,Mumbai,Maharashtra,West,Electronics,Tablet,1,30144.3,0.0,30144.3,Debit Card,Delivered,4926.02,3.2
ORD103967,2025-06-05,CUST1035,Customer_1519,Female,18,Mumbai,Maharashtra,West,Fashion,T-Shirt,1,1121.56,5.0,1065.48,Credit Card,Delivered,228.94,3.7
ORD103968,2025-08-29,CUST1474,Customer_1146,Male,30,Kochi,Kerala,South,Electronics,Laptop,2,40470.48,15.0,68799.82,UPI,Delivered,4752.21,2.8
ORD103969,2025-12-31,CUST1106,Customer_1633,Male,28,Lucknow,Uttar Pradesh,North,Home & Kitchen,Mixer Grinder,3,6725.76,20.0,16141.82,Cash on Delivery,Delivered,2880.93,4.0
ORD103970,2025-03-30,CUST1534,Customer_1312,Female,28,Ludhiana,Punjab,North,Beauty,Makeup Kit,2,2671.7,5.0,5076.23,Cash on Delivery,Delivered,859.49,4.8
ORD103971,2025-09-08,CUST1220,Customer_1654,Male,41,Chennai,Tamil Nadu,South,Fashion,Shoes,3,5232.07,25.0,11772.16,Credit Card,Delivered,1976.89,3.9
ORD103972,2025-04-13,CUST1503,Customer_1699,Female,24,Bengaluru,Karnataka,South,Electronics,Headphones,1,6815.2,5.0,6474.44,UPI,Delivered,887.49,3.2
ORD103973,2025-08-09,CUST1091,Customer_1568,Female,40,Kolkata,West Bengal,East,Beauty,Makeup Kit,1,2860.63,15.0,2431.54,Credit Card,Delivered,255.6,4.2
ORD103974,2025-09-05,CUST1414,Customer_1502,Male,24,Jaipur,Rajasthan,North,Electronics,Smartwatch,2,12332.35,10.0,22198.23,Debit Card,Delivered,4583.89,4.7
ORD103975,2025-12-02,CUST1522,Customer_1662,Female,26,Ranchi,Jharkhand,East,Home & Kitchen,Air Fryer,3,4409.43,15.0,11244.05,Credit Card,Delivered,2431.23,4.8
ORD103976,2025-01-29,CUST1320,Customer_1385,Female,30,Chennai,Tamil Nadu,South,Electronics,Smartphone,1,43100.03,5.0,40945.03,UPI,Cancelled,3507.72,4.2
ORD103977,2025-01-08,CUST1200,Customer_1555,Male,22,Lucknow,Uttar Pradesh,North,Home & Kitchen,Air Fryer,1,14928.62,20.0,11942.9,UPI,Shipped,2334.7,4.4
ORD103978,2025-03-18,CUST1792,Customer_1123,Female,18,Panaji,Goa,West,Electronics,Laptop,2,80239.0,15.0,136406.3,Cash on Delivery,Delivered,25433.05,4.0
ORD103979,2025-10-23,CUST1530,Customer_1047,Female,43,Bengaluru,Karnataka,South,Home & Kitchen,Air Fryer,1,13453.62,15.0,11435.58,Cash on Delivery,Delivered,1575.75,3.8
ORD103980,2025-01-14,CUST1491,Customer_1244,Female,52,Jaipur,Rajasthan,North,Home & Kitchen,Dining Set,2,14465.82,20.0,23145.31,Net Banking,Cancelled,2533.63,4.4
ORD103981,2025-04-30,CUST1757,Customer_1400,Male,27,Gurugram,Haryana,North,Beauty,Face Wash,1,327.07,5.0,310.72,UPI,Returned,47.73,4.3
ORD103982,2025-05-18,CUST1161,Customer_1073,Female,35,Lucknow,Uttar Pradesh,North,Fashion,Jacket,1,3491.75,10.0,3142.58,UPI,Delivered,237.8,4.1
ORD103983,2025-11-23,CUST1610,Customer_1202,Male,44,Ahmedabad,Gujarat,West,Beauty,Perfume,1,3127.25,25.0,2345.44,UPI,Shipped,425.29,3.5
ORD103984,2025-09-06,CUST1202,Customer_1249,Female,31,Jaipur,Rajasthan,North,Fashion,Jacket,4,4992.03,0.0,19968.12,UPI,Shipped,2545.61,4.4
ORD103985,2025-12-13,CUST1676,Customer_1489,Female,25,New Delhi,Delhi,North,Home & Kitchen,Air Fryer,3,9121.22,0.0,27363.66,UPI,Delivered,4239.07,5.0
ORD103986,2025-10-22,CUST1651,Customer_1660,Female,24,Gurugram,Haryana,North,Beauty,Perfume,1,2174.75,5.0,2066.01,UPI,Delivered,217.92,4.7
ORD103987,2025-03-05,CUST1744,Customer_1533,Female,32,Gurugram,Haryana,North,Fashion,Backpack,1,2193.76,5.0,2084.07,UPI,Delivered,298.07,4.0
ORD103988,2025-05-22,CUST1625,Customer_1586,Male,48,Hyderabad,Telangana,South,Fashion,Shoes,1,6508.24,10.0,5857.42,Credit Card,Delivered,743.76,5.0
ORD103989,2025-04-07,CUST1360,Customer_1652,Male,21,Lucknow,Uttar Pradesh,North,Fashion,Backpack,1,2273.71,0.0,2273.71,Credit Card,Delivered,209.6,3.2
ORD103990,2025-04-03,CUST1170,Customer_1738,Male,22,Mumbai,Maharashtra,West,Home & Kitchen,Bedsheet,1,1746.44,15.0,1484.47,UPI,Delivered,243.49,5.0
ORD103991,2025-01-24,CUST1130,Customer_1767,Female,25,Gurugram,Haryana,North,Home & Kitchen,Air Fryer,1,13961.99,20.0,11169.59,Credit Card,Shipped,1096.25,4.4
ORD103992,2025-04-07,CUST1508,Customer_1313,Female,32,Gurugram,Haryana,North,Electronics,Smartwatch,4,6635.18,10.0,23886.65,Credit Card,Delivered,4665.37,4.5
ORD103993,2025-09-27,CUST1458,Customer_1571,Male,49,Gurugram,Haryana,North,Electronics,Smartwatch,1,12281.07,20.0,9824.86,UPI,Delivered,1024.12,4.1
ORD103994,2025-12-04,CUST1258,Customer_1060,Male,27,Panaji,Goa,West,Electronics,Tablet,1,40733.32,0.0,40733.32,UPI,Cancelled,2844.12,5.0
ORD103995,2025-08-18,CUST1336,Customer_1703,Female,22,Ludhiana,Punjab,North,Home & Kitchen,Air Fryer,4,10392.46,5.0,39491.35,Credit Card,Delivered,6307.57,3.8
ORD103996,2025-09-21,CUST1330,Customer_1243,Male,18,Hyderabad,Telangana,South,Sports,Running Shoes,3,2769.93,10.0,7478.81,UPI,Delivered,1211.3,3.7
ORD103997,2025-06-22,CUST1213,Customer_1169,Female,31,Chennai,Tamil Nadu,South,Electronics,Laptop,3,41106.91,10.0,110988.66,Debit Card,Delivered,17380.33,3.9
ORD103998,2025-04-12,CUST1586,Customer_1171,Male,27,Kochi,Kerala,South,Fashion,T-Shirt,1,1501.39,10.0,1351.25,Debit Card,Delivered,200.36,2.8
ORD103999,2025-04-28,CUST1399,Customer_1550,Male,18,Kochi,Kerala,South,Home & Kitchen,Mixer Grinder,2,7095.23,10.0,12771.41,UPI,Delivered,1345.65,3.2
ORD104000,2025-01-12,CUST1396,Customer_1203,Male,39,Chennai,Tamil Nadu,South,Electronics,Tablet,4,48399.13,20.0,154877.22,Cash on Delivery,Delivered,28757.59,4.3
ORD104001,2025-06-10,CUST1748,Customer_1377,Male,46,Ahmedabad,Gujarat,West,Sports,Dumbbells,1,2798.01,0.0,2798.01,Debit Card,Delivered,521.96,5.0
ORD104002,2025-11-03,CUST1496,Customer_1170,Female,31,Panaji,Goa,West,Electronics,Tablet,3,43110.81,20.0,103465.94,Debit Card,Delivered,8564.62,3.1
ORD104003,2025-06-09,CUST1147,Customer_1655,Female,37,Chennai,Tamil Nadu,South,Electronics,Smartphone,1,60277.9,15.0,51236.21,Credit Card,Delivered,9084.39,3.4
ORD104004,2025-07-06,CUST1748,Customer_1593,Female,30,Lucknow,Uttar Pradesh,North,Fashion,Jeans,5,1361.97,10.0,6128.87,Cash on Delivery,Delivered,1324.26,4.0
ORD104005,2025-11-28,CUST1579,Customer_1771,Female,47,Patna,Bihar,East,Electronics,Laptop,2,47198.01,10.0,84956.42,UPI,Delivered,15360.14,5.0
ORD104006,2025-06-01,CUST1577,Customer_1221,Female,26,Kolkata,West Bengal,East,Electronics,Headphones,3,6110.15,5.0,17413.93,Net Banking,Shipped,2549.09,4.0
ORD104007,2025-04-03,CUST1221,Customer_1707,Other,48,Ranchi,Jharkhand,East,Home & Kitchen,Mixer Grinder,1,5773.89,10.0,5196.5,UPI,Delivered,506.48,3.8
ORD104008,2025-09-20,CUST1501,Customer_1366,Male,42,Patna,Bihar,East,Electronics,Headphones,2,7453.19,15.0,12670.42,UPI,Delivered,862.0,3.9
ORD104009,2025-07-10,CUST1135,Customer_1541,Female,18,Gurugram,Haryana,North,Home & Kitchen,Dining Set,3,17765.18,15.0,45301.21,Credit Card,Delivered,6378.92,2.9
ORD104010,2025-06-22,CUST1589,Customer_1048,Female,18,Hyderabad,Telangana,South,Fashion,Shoes,1,3717.64,15.0,3159.99,Debit Card,Delivered,494.57,3.2
ORD104011,2025-10-01,CUST1706,Customer_1594,Male,26,Ludhiana,Punjab,North,Sports,Cricket Bat,1,1406.4,0.0,1406.4,UPI,Cancelled,85.49,3.4
ORD104012,2025-02-06,CUST1719,Customer_1734,Female,18,Bengaluru,Karnataka,South,Fashion,Jeans,2,1971.67,10.0,3549.01,Net Banking,Delivered,718.71,4.7
ORD104013,2025-06-03,CUST1296,Customer_1656,Female,35,Panaji,Goa,West,Home & Kitchen,Cookware Set,1,2709.77,5.0,2574.28,Net Banking,Delivered,558.66,3.1
ORD104014,2025-02-02,CUST1664,Customer_1535,Male,24,Ludhiana,Punjab,North,Sports,Dumbbells,1,4506.09,0.0,4506.09,UPI,Delivered,310.62,3.1
ORD104015,2025-01-02,CUST1511,Customer_1303,Male,29,Mumbai,Maharashtra,West,Sports,Football,1,2508.76,10.0,2257.88,Credit Card,Delivered,359.42,3.9
ORD104016,2025-11-27,CUST1748,Customer_1392,Male,32,Ranchi,Jharkhand,East,Fashion,T-Shirt,1,1016.57,10.0,914.91,Debit Card,Delivered,150.62,4.1
ORD104017,2025-11-14,CUST1147,Customer_1501,Male,32,Kolkata,West Bengal,East,Electronics,Tablet,1,42823.02,5.0,40681.87,Credit Card,Delivered,8644.85,4.1
ORD104018,2025-12-26,CUST1233,Customer_1639,Male,32,Bhubaneswar,Odisha,East,Electronics,Smartwatch,2,2479.08,15.0,4214.44,UPI,Delivered,526.56,3.6
ORD104019,2025-09-04,CUST1386,Customer_1671,Female,39,Mumbai,Maharashtra,West,Electronics,Smartwatch,1,2868.02,20.0,2294.42,Debit Card,Cancelled,497.31,4.1
ORD104020,2025-10-29,CUST1071,Customer_1246,Female,37,New Delhi,Delhi,North,Fashion,Shoes,1,6888.56,10.0,6199.7,UPI,Delivered,686.14,4.5
ORD104021,2025-04-13,CUST1667,Customer_1586,Female,44,Mumbai,Maharashtra,West,Sports,Running Shoes,2,8275.42,10.0,14895.76,Debit Card,Cancelled,2689.29,4.3
ORD104022,2025-06-13,CUST1771,Customer_1339,Male,31,Kochi,Kerala,South,Electronics,Smartphone,1,53603.52,5.0,50923.34,UPI,Delivered,9701.74,5.0
ORD104023,2025-01-30,CUST1008,Customer_1421,Female,22,Lucknow,Uttar Pradesh,North,Electronics,Laptop,1,84477.64,25.0,63358.23,UPI,Delivered,5144.57,4.1
ORD104024,2025-06-19,CUST1511,Customer_1013,Female,47,Bengaluru,Karnataka,South,Home & Kitchen,Mixer Grinder,1,5335.53,15.0,4535.2,Net Banking,Delivered,714.94,4.4
ORD104025,2025-06-25,CUST1743,Customer_1360,Male,33,Bhubaneswar,Odisha,East,Fashion,Shoes,2,5865.45,20.0,9384.72,Cash on Delivery,Delivered,1023.04,4.0
ORD104026,2025-11-03,CUST1666,Customer_1291,Female,18,Chennai,Tamil Nadu,South,Electronics,Smartwatch,3,7299.22,15.0,18613.01,Debit Card,Delivered,1258.77,3.4
ORD104027,2025-08-20,CUST1229,Customer_1419,Male,31,Hyderabad,Telangana,South,Beauty,Perfume,2,3488.42,0.0,6976.84,UPI,Delivered,921.35,5.0
ORD104028,2025-01-17,CUST1332,Customer_1430,Female,33,Ludhiana,Punjab,North,Beauty,Shampoo,1,645.85,10.0,581.26,Net Banking,Cancelled,48.16,4.6
ORD104029,2025-08-31,CUST1685,Customer_1383,Male,43,Lucknow,Uttar Pradesh,North,Electronics,Headphones,3,4810.58,10.0,12988.57,Credit Card,Delivered,2578.36,4.1
ORD104030,2025-04-10,CUST1716,Customer_1208,Male,23,Ludhiana,Punjab,North,Fashion,Backpack,1,1456.71,15.0,1238.2,Net Banking,Delivered,110.79,3.3
ORD104031,2025-07-19,CUST1459,Customer_1434,Female,30,Mumbai,Maharashtra,West,Sports,Cricket Bat,1,4051.91,15.0,3444.12,Debit Card,Returned,364.1,3.8
ORD104032,2025-02-19,CUST1442,Customer_1046,Male,32,Ranchi,Jharkhand,East,Beauty,Moisturizer,3,340.73,10.0,919.97,Debit Card,Delivered,105.69,4.8
ORD104033,2025-03-04,CUST1760,Customer_1440,Female,29,Bengaluru,Karnataka,South,Electronics,Tablet,1,20531.55,10.0,18478.4,Debit Card,Delivered,2548.17,5.0
ORD104034,2025-05-13,CUST1603,Customer_1102,Female,27,Bengaluru,Karnataka,South,Electronics,Smartphone,1,47993.94,15.0,40794.85,Credit Card,Delivered,3901.43,3.6
ORD104035,2025-08-14,CUST1438,Customer_1472,Female,25,Jaipur,Rajasthan,North,Electronics,Laptop,1,45675.95,10.0,41108.35,Cash on Delivery,Delivered,5007.9,4.6
ORD104036,2025-02-19,CUST1268,Customer_1083,Male,30,Ranchi,Jharkhand,East,Home & Kitchen,Bedsheet,1,673.87,10.0,606.48,Debit Card,Delivered,72.51,2.9
ORD104037,2025-02-26,CUST1745,Customer_1541,Female,37,Kochi,Kerala,South,Beauty,Moisturizer,1,1215.76,0.0,1215.76,UPI,Delivered,130.11,4.1
ORD104038,2025-06-27,CUST1384,Customer_1700,Male,27,Hyderabad,Telangana,South,Electronics,Tablet,5,17603.55,5.0,83616.86,UPI,Returned,16093.9,3.4
ORD104039,2025-12-29,CUST1472,Customer_1265,Male,41,Ahmedabad,Gujarat,West,Electronics,Headphones,3,5378.96,5.0,15330.04,Credit Card,Delivered,2849.05,3.9
ORD104040,2025-09-15,CUST1769,Customer_1630,Male,21,Patna,Bihar,East,Fashion,Jeans,1,1211.56,15.0,1029.83,UPI,Delivered,107.72,3.9
ORD104041,2025-02-21,CUST1738,Customer_1738,Female,39,Hyderabad,Telangana,South,Sports,Yoga Mat,1,1907.62,10.0,1716.86,UPI,Delivered,144.82,4.5
ORD104042,2025-03-14,CUST1420,Customer_1624,Female,21,Ahmedabad,Gujarat,West,Sports,Dumbbells,4,1278.81,20.0,4092.19,UPI,Delivered,423.29,3.7
ORD104043,2025-02-13,CUST1653,Customer_1597,Male,35,Ludhiana,Punjab,North,Home & Kitchen,Dining Set,1,13730.04,25.0,10297.53,UPI,Shipped,2050.24,3.0
ORD104044,2025-03-05,CUST1732,Customer_1664,Other,31,Bengaluru,Karnataka,South,Sports,Yoga Mat,1,2089.38,25.0,1567.04,Cash on Delivery,Delivered,271.86,4.2
ORD104045,2025-11-28,CUST1493,Customer_1111,Male,18,Chennai,Tamil Nadu,South,Sports,Yoga Mat,2,569.42,20.0,911.07,Debit Card,Delivered,95.43,3.9
ORD104046,2025-10-14,CUST1733,Customer_1704,Female,35,Kochi,Kerala,South,Beauty,Shampoo,2,817.61,0.0,1635.22,Net Banking,Cancelled,188.51,4.5
ORD104047,2025-01-18,CUST1284,Customer_1491,Male,39,Gurugram,Haryana,North,Electronics,Headphones,2,1973.04,15.0,3354.17,Cash on Delivery,Delivered,354.01,4.4
ORD104048,2025-11-27,CUST1669,Customer_1528,Female,19,Chennai,Tamil Nadu,South,Electronics,Headphones,1,7801.79,20.0,6241.43,UPI,Delivered,634.91,4.1
ORD104049,2025-12-13,CUST1117,Customer_1075,Male,41,Bengaluru,Karnataka,South,Home & Kitchen,Dining Set,1,16458.0,10.0,14812.2,UPI,Delivered,3222.34,4.4
ORD104050,2025-09-08,CUST1260,Customer_1317,Female,43,Gurugram,Haryana,North,Beauty,Face Wash,1,490.69,20.0,392.55,UPI,Delivered,52.24,3.8
ORD104051,2025-11-25,CUST1577,Customer_1367,Female,18,Bhubaneswar,Odisha,East,Fashion,Jeans,1,2585.91,15.0,2198.02,Debit Card,Delivered,367.46,4.0
ORD104052,2025-10-21,CUST1361,Customer_1708,Female,29,Kochi,Kerala,South,Home & Kitchen,Cookware Set,2,6425.99,0.0,12851.98,Debit Card,Returned,2040.81,4.8
ORD104053,2025-02-21,CUST1243,Customer_1402,Female,44,Jaipur,Rajasthan,North,Home & Kitchen,Bedsheet,1,2003.12,5.0,1902.96,Net Banking,Returned,375.25,3.6
ORD104054,2025-02-22,CUST1467,Customer_1526,Male,39,Bhubaneswar,Odisha,East,Electronics,Headphones,2,4955.93,5.0,9416.27,Credit Card,Delivered,2059.42,4.1
ORD104055,2025-06-18,CUST1432,Customer_1668,Female,26,Ranchi,Jharkhand,East,Sports,Running Shoes,1,6480.52,10.0,5832.47,Debit Card,Delivered,629.93,5.0
ORD104056,2025-11-24,CUST1545,Customer_1126,Female,34,Kolkata,West Bengal,East,Electronics,Headphones,3,5580.35,0.0,16741.05,Net Banking,Delivered,2867.83,4.0
ORD104057,2025-01-22,CUST1359,Customer_1641,Male,31,Patna,Bihar,East,Fashion,Jacket,2,1516.38,0.0,3032.76,UPI,Shipped,553.02,3.2
ORD104058,2025-06-25,CUST1551,Customer_1378,Female,22,Ahmedabad,Gujarat,West,Home & Kitchen,Air Fryer,2,13260.64,20.0,21217.02,UPI,Shipped,1918.38,4.3
ORD104059,2025-05-21,CUST1403,Customer_1511,Male,20,Panaji,Goa,West,Fashion,Shoes,1,1524.22,0.0,1524.22,UPI,Cancelled,277.23,4.3
ORD104060,2025-09-29,CUST1622,Customer_1234,Male,22,Jaipur,Rajasthan,North,Fashion,Jeans,2,2587.23,20.0,4139.57,Debit Card,Delivered,608.57,4.2
ORD104061,2025-02-25,CUST1030,Customer_1429,Male,32,Lucknow,Uttar Pradesh,North,Beauty,Perfume,4,3370.17,25.0,10110.51,UPI,Delivered,1004.02,3.5
ORD104062,2025-12-07,CUST1800,Customer_1738,Male,25,Chennai,Tamil Nadu,South,Fashion,Jacket,1,3692.38,10.0,3323.14,Credit Card,Delivered,212.54,4.0
ORD104063,2025-07-28,CUST1249,Customer_1261,Male,19,Mumbai,Maharashtra,West,Beauty,Makeup Kit,1,1284.15,5.0,1219.94,UPI,Cancelled,149.53,3.4
ORD104064,2025-01-26,CUST1025,Customer_1264,Female,22,New Delhi,Delhi,North,Electronics,Tablet,3,41036.79,5.0,116954.85,UPI,Delivered,13633.58,3.6
ORD104065,2025-05-19,CUST1219,Customer_1403,Male,29,Bengaluru,Karnataka,South,Sports,Yoga Mat,2,1207.25,25.0,1810.88,Net Banking,Delivered,220.7,4.5
ORD104066,2025-12-12,CUST1386,Customer_1165,Male,43,Chennai,Tamil Nadu,South,Sports,Dumbbells,1,2483.86,15.0,2111.28,Cash on Delivery,Delivered,226.57,4.0
ORD104067,2025-09-14,CUST1649,Customer_1013,Female,28,Ranchi,Jharkhand,East,Electronics,Smartphone,2,56599.57,0.0,113199.14,Credit Card,Delivered,11593.69,3.7
ORD104068,2025-03-19,CUST1440,Customer_1034,Male,18,Panaji,Goa,West,Fashion,Backpack,2,3340.17,15.0,5678.29,UPI,Delivered,527.95,4.0
ORD104069,2025-01-09,CUST1032,Customer_1125,Female,26,Mumbai,Maharashtra,West,Electronics,Smartwatch,3,4631.72,,13200.4,Net Banking,Cancelled,1700.12,3.8
ORD104070,2025-03-20,CUST1293,Customer_1224,Male,26,Mumbai,Maharashtra,West,Home & Kitchen,Air Fryer,3,4612.35,5.0,13145.2,UPI,Delivered,1875.98,3.8
ORD104071,2025-04-13,CUST1724,Customer_1048,Female,31,Chennai,Tamil Nadu,South,Fashion,Backpack,3,1071.54,10.0,2893.16,UPI,Delivered,209.95,3.7
ORD104072,2025-04-30,CUST1417,Customer_1284,Male,34,Bengaluru,Karnataka,South,Home & Kitchen,Bedsheet,5,2579.93,10.0,11609.68,Cash on Delivery,Delivered,2086.94,4.3
ORD104073,2025-12-02,CUST1524,Customer_1540,Male,34,Gurugram,Haryana,North,Beauty,Makeup Kit,1,1758.82,10.0,1582.94,UPI,Delivered,339.46,3.5
ORD104074,2025-05-06,CUST1086,Customer_1698,Male,25,Kolkata,West Bengal,East,Electronics,Laptop,2,72400.81,5.0,137561.54,Credit Card,Shipped,19009.06,3.1
ORD104075,2025-03-07,CUST1301,Customer_1531,Male,30,Kolkata,West Bengal,East,Electronics,Smartphone,4,64672.83,0.0,258691.32,Credit Card,Delivered,30524.67,4.4
ORD104076,2025-11-05,CUST1574,Customer_1126,Male,24,Lucknow,Uttar Pradesh,North,Beauty,Face Wash,3,840.36,15.0,2142.92,Credit Card,Delivered,330.9,3.7
ORD104077,2025-02-22,CUST1286,Customer_1154,Male,38,New Delhi,Delhi,North,Electronics,Headphones,1,6302.01,10.0,5671.81,Cash on Delivery,Delivered,754.16,2.2
ORD104078,2025-09-30,CUST1533,Customer_1560,Male,40,Kolkata,West Bengal,East,Beauty,Perfume,3,4968.54,10.0,13415.06,Debit Card,Cancelled,1669.36,4.4
ORD104079,2025-08-15,CUST1655,Customer_1775,Female,32,Ranchi,Jharkhand,East,Home & Kitchen,Mixer Grinder,1,2776.78,10.0,2499.1,Cash on Delivery,Delivered,151.53,4.6
ORD104080,2025-11-10,CUST1268,Customer_1633,Male,33,New Delhi,Delhi,North,Beauty,Perfume,2,2538.38,15.0,4315.25,Net Banking,Delivered,555.02,3.5
ORD104081,2025-06-27,CUST1671,Customer_1174,Male,29,Chennai,Tamil Nadu,South,Electronics,Tablet,3,31796.2,20.0,76310.88,UPI,Delivered,8555.43,2.6
ORD104082,2025-06-09,CUST1624,Customer_1099,Male,31,Lucknow,Uttar Pradesh,North,Fashion,Shoes,1,6857.74,5.0,6514.85,Debit Card,Delivered,1238.21,3.7
ORD104083,2025-07-27,CUST1767,Customer_1490,Male,26,Gurugram,Haryana,North,Fashion,Jacket,4,1553.11,10.0,5591.2,Cash on Delivery,Delivered,1025.75,2.7
ORD104084,2025-04-16,CUST1065,Customer_1539,Male,36,Jaipur,Rajasthan,North,Beauty,Makeup Kit,4,845.34,10.0,3043.22,UPI,Delivered,551.01,4.9
ORD104085,2025-09-21,CUST1347,Customer_1359,Male,43,Lucknow,Uttar Pradesh,North,Sports,Dumbbells,2,1510.1,10.0,2718.18,Credit Card,Delivered,474.55,4.4
ORD104086,2025-01-30,CUST1435,Customer_1172,Female,40,Ahmedabad,Gujarat,West,Beauty,Makeup Kit,2,2200.59,20.0,3520.94,Net Banking,Delivered,679.45,3.9
ORD104087,2025-08-12,CUST1059,Customer_1220,Female,40,Gurugram,Haryana,North,Sports,Football,1,1090.15,10.0,981.14,Debit Card,Delivered,121.88,5.0
ORD104088,2025-03-24,CUST1400,Customer_1672,Male,18,Ludhiana,Punjab,North,Home & Kitchen,Mixer Grinder,2,5820.74,15.0,9895.26,UPI,Delivered,741.64,5.0
ORD104089,2025-06-24,CUST1577,Customer_1437,Female,31,Kolkata,West Bengal,East,Electronics,Laptop,1,78031.29,5.0,74129.73,UPI,Delivered,13028.41,3.6
ORD104090,2025-06-19,CUST1411,Customer_1136,Female,18,Kochi,Kerala,South,Sports,Yoga Mat,2,1340.77,10.0,2413.39,Credit Card,Returned,528.3,2.9
ORD104091,2025-08-18,CUST1528,Customer_1323,Female,28,Ranchi,Jharkhand,East,Beauty,Shampoo,1,587.64,10.0,528.88,Debit Card,Delivered,94.71,5.0
ORD104092,2025-04-03,CUST1412,Customer_1237,Male,32,New Delhi,Delhi,North,Electronics,Smartwatch,3,3174.53,10.0,8571.23,Cash on Delivery,Delivered,583.53,5.0
ORD104093,2025-04-10,CUST1419,Customer_1023,Female,43,Ludhiana,Punjab,North,Beauty,Perfume,1,1701.06,20.0,1360.85,Credit Card,Cancelled,149.8,3.1
ORD104094,2025-01-23,CUST1717,Customer_1240,Female,36,Mumbai,Maharashtra,West,Electronics,Smartwatch,1,4939.98,10.0,4445.98,Debit Card,Delivered,281.34,4.4
ORD104095,2025-12-02,CUST1715,Customer_1413,Female,37,Kochi,Kerala,South,Beauty,Moisturizer,2,721.14,15.0,1225.94,Cash on Delivery,Delivered,96.64,2.9
ORD104096,2025-03-30,CUST1723,Customer_1070,Female,18,Jaipur,Rajasthan,North,Beauty,Shampoo,1,646.38,20.0,517.1,UPI,Delivered,112.1,4.3
ORD104097,2025-08-28,CUST1038,Customer_1799,Male,26,Kochi,Kerala,South,Electronics,Tablet,2,39988.02,20.0,63980.83,Debit Card,Delivered,8772.61,3.8
ORD104098,2025-11-03,CUST1680,Customer_1037,Male,28,Lucknow,Uttar Pradesh,North,Fashion,Jeans,4,2881.43,15.0,9796.86,Net Banking,Delivered,2004.36,3.3
ORD104099,2025-08-14,CUST1538,Customer_1216,Male,35,Gurugram,Haryana,North,Fashion,Shoes,4,2557.62,5.0,9718.96,UPI,Delivered,761.22,4.2
ORD104100,2025-05-08,CUST1512,Customer_1619,Male,18,Ludhiana,Punjab,North,Fashion,T-Shirt,2,410.5,5.0,779.95,Cash on Delivery,Cancelled,101.08,4.2
ORD104101,2025-05-27,CUST1468,Customer_1396,Male,38,Lucknow,Uttar Pradesh,North,Home & Kitchen,Mixer Grinder,1,5814.35,15.0,4942.2,UPI,Delivered,395.47,4.4
ORD104102,2025-11-02,CUST1488,Customer_1087,Male,20,Bengaluru,Karnataka,South,Sports,Cricket Bat,1,6157.35,10.0,5541.62,Credit Card,Delivered,721.12,4.1
ORD104103,2025-08-31,CUST1062,Customer_1427,Male,32,Chennai,Tamil Nadu,South,Home & Kitchen,Dining Set,2,16983.26,20.0,27173.22,Debit Card,Delivered,5676.66,4.9
ORD104104,2025-02-20,CUST1226,Customer_1368,Female,33,Kochi,Kerala,South,Home & Kitchen,Dining Set,1,10107.36,25.0,7580.52,Credit Card,Delivered,1383.59,3.2
ORD104105,2025-06-23,CUST1652,Customer_1093,Male,43,Bhubaneswar,Odisha,East,Electronics,Laptop,4,89825.06,10.0,323370.22,Debit Card,Cancelled,46888.22,4.2
ORD104106,2025-02-08,CUST1188,Customer_1242,Male,35,Lucknow,Uttar Pradesh,North,Home & Kitchen,Dining Set,1,7509.79,20.0,6007.83,UPI,Cancelled,789.35,4.9
ORD104107,2025-11-22,CUST1732,Customer_1426,Other,39,Mumbai,Maharashtra,West,Sports,Cricket Bat,2,6585.81,15.0,11195.88,Cash on Delivery,Delivered,1783.43,4.9
ORD104108,2025-03-21,CUST1784,Customer_1437,Female,31,Panaji,Goa,West,Electronics,Laptop,2,60628.48,5.0,115194.11,Cash on Delivery,Delivered,8118.12,4.3
ORD104109,2025-04-18,CUST1501,Customer_1272,Male,44,Bhubaneswar,Odisha,East,Home & Kitchen,Mixer Grinder,2,8076.44,15.0,13729.95,UPI,Cancelled,1863.83,5.0
ORD104110,2025-01-10,CUST1297,Customer_1707,Female,37,Ranchi,Jharkhand,East,Home & Kitchen,Cookware Set,3,2265.01,5.0,6455.28,Net Banking,Delivered,494.86,5.0
ORD104111,2025-12-27,CUST1766,Customer_1066,Male,31,Kolkata,West Bengal,East,Beauty,Makeup Kit,1,837.68,15.0,712.03,UPI,Delivered,78.44,3.0
ORD104112,2025-04-10,CUST1482,Customer_1256,Female,31,Ranchi,Jharkhand,East,Fashion,Shoes,2,1635.66,10.0,2944.19,Debit Card,Delivered,263.29,4.6
ORD104113,2025-10-01,CUST1483,Customer_1559,Female,20,New Delhi,Delhi,North,Beauty,Makeup Kit,3,1708.08,0.0,5124.24,Credit Card,Delivered,575.7,5.0
ORD104114,2025-09-20,CUST1300,Customer_1359,Male,32,Kolkata,West Bengal,East,Home & Kitchen,Air Fryer,3,11214.66,0.0,33643.98,UPI,Delivered,3515.89,4.4
ORD104115,2025-06-21,CUST1302,Customer_1396,Female,29,Bhubaneswar,Odisha,East,Fashion,Jacket,1,3696.86,20.0,2957.49,UPI,Delivered,615.73,3.1
ORD104116,2025-08-03,CUST1011,Customer_1454,Female,26,Bhubaneswar,Odisha,East,Fashion,Jeans,1,1429.43,15.0,1215.02,Credit Card,Delivered,78.79,3.4
ORD104117,2025-12-27,CUST1057,Customer_1799,Male,24,Hyderabad,Telangana,South,Electronics,Tablet,1,39826.48,5.0,37835.16,UPI,Delivered,2831.34,3.2
ORD104118,2025-05-25,CUST1275,Customer_1389,Male,31,Bengaluru,Karnataka,South,Sports,Cricket Bat,2,3423.6,0.0,6847.2,UPI,Delivered,496.99,4.7
ORD104119,2025-06-01,CUST1387,Customer_1680,Other,30,Bengaluru,Karnataka,South,Electronics,Headphones,2,808.88,10.0,1455.98,Debit Card,Delivered,281.67,4.0
ORD104120,2025-06-09,CUST1420,Customer_1335,Male,31,Mumbai,Maharashtra,West,Home & Kitchen,Dining Set,1,12704.09,15.0,10798.48,Net Banking,Delivered,2114.9,4.9
ORD104121,2025-12-10,CUST1210,Customer_1058,Male,28,Patna,Bihar,East,Home & Kitchen,Dining Set,1,16239.1,20.0,12991.28,Cash on Delivery,Delivered,2007.08,3.8
ORD104122,2025-08-28,CUST1779,Customer_1572,Male,34,Jaipur,Rajasthan,North,Home & Kitchen,Mixer Grinder,2,6183.39,15.0,10511.76,Cash on Delivery,Delivered,2175.85,4.3
ORD104123,2025-08-18,CUST1709,Customer_1193,Female,24,Lucknow,Uttar Pradesh,North,Fashion,T-Shirt,1,1051.01,15.0,893.36,Net Banking,Delivered,186.0,4.2
ORD104124,2025-09-26,CUST1032,Customer_1295,Male,29,Jaipur,Rajasthan,North,Sports,Football,2,2162.39,5.0,4108.54,Credit Card,Shipped,478.2,3.1
ORD104125,2025-08-17,CUST1133,Customer_1299,Male,27,Mumbai,Maharashtra,West,Home & Kitchen,Bedsheet,1,2770.63,15.0,2355.04,Cash on Delivery,Delivered,278.7,3.7
ORD104126,2025-08-14,CUST1778,Customer_1509,Female,34,Panaji,Goa,West,Beauty,Makeup Kit,3,1846.1,10.0,4984.47,Cash on Delivery,Shipped,1046.57,3.8
ORD104127,2025-04-11,CUST1317,Customer_1737,Female,27,Ahmedabad,Gujarat,West,Fashion,Backpack,1,1378.55,5.0,1309.62,UPI,Delivered,107.82,5.0
ORD104128,2025-05-06,CUST1122,Customer_1032,Male,37,Jaipur,Rajasthan,North,Electronics,Laptop,1,77911.92,5.0,74016.32,Cash on Delivery,Delivered,5966.98,5.0
ORD104129,2025-07-10,CUST1571,Customer_1262,Female,18,Ranchi,Jharkhand,East,Sports,Running Shoes,1,5142.32,0.0,5142.32,UPI,Delivered,552.21,4.3
ORD104130,2025-04-16,CUST1660,Customer_1720,Female,23,Panaji,Goa,West,Beauty,Makeup Kit,3,3330.02,10.0,8991.05,UPI,Cancelled,1040.52,4.5
ORD104131,2025-03-09,CUST1787,Customer_1249,Male,29,Ahmedabad,Gujarat,West,Fashion,Jeans,2,1808.24,20.0,2893.18,Credit Card,Delivered,388.61,4.4
ORD104132,2025-06-14,CUST1539,Customer_1607,Male,18,Kochi,Kerala,South,Sports,Football,2,1357.61,10.0,2443.7,Net Banking,Cancelled,191.33,4.2
ORD104133,2025-06-07,CUST1128,Customer_1132,Male,36,Panaji,Goa,West,Fashion,Shoes,2,6280.08,10.0,11304.14,Cash on Delivery,Delivered,2436.13,3.3
ORD104134,2025-10-12,CUST1306,Customer_1014,Male,39,Chennai,Tamil Nadu,South,Fashion,Shoes,1,3471.31,5.0,3297.74,Credit Card,Delivered,664.43,4.3
ORD104135,2025-05-24,CUST1239,Customer_1558,Female,29,Panaji,Goa,West,Electronics,Headphones,1,3820.41,15.0,3247.35,Cash on Delivery,Delivered,323.27,3.3
ORD104136,2025-12-06,CUST1306,Customer_1612,Male,27,Gurugram,Haryana,North,Electronics,Smartphone,1,13070.49,15.0,11109.92,UPI,Delivered,900.01,4.0
ORD104137,2025-05-01,CUST1797,Customer_1757,Female,25,Panaji,Goa,West,Beauty,Shampoo,1,656.43,10.0,590.79,Debit Card,Delivered,104.01,4.6
ORD104138,2025-03-20,CUST1475,Customer_1330,Male,26,Bengaluru,Karnataka,South,Fashion,Backpack,2,1318.0,5.0,2504.2,Cash on Delivery,Delivered,319.15,4.6
ORD104139,2025-10-09,CUST1555,Customer_1365,Male,18,Mumbai,Maharashtra,West,Electronics,Laptop,4,80977.17,0.0,323908.68,UPI,Delivered,28849.71,4.5
ORD104140,2025-10-04,CUST1671,Customer_1320,Male,40,Ludhiana,Punjab,North,Electronics,Laptop,3,86774.16,25.0,195241.86,Credit Card,Delivered,19842.71,3.5
ORD104141,2025-09-13,CUST1794,Customer_1335,Female,26,Gurugram,Haryana,North,Sports,Cricket Bat,1,4341.17,15.0,3689.99,Debit Card,Delivered,258.23,3.7
ORD104142,2025-08-20,CUST1106,Customer_1740,Male,33,Jaipur,Rajasthan,North,Beauty,Shampoo,1,695.61,10.0,626.05,Debit Card,Shipped,89.85,3.2
ORD104143,2025-08-05,CUST1792,Customer_1012,Male,25,Lucknow,Uttar Pradesh,North,Fashion,Backpack,1,1006.32,5.0,956.0,Debit Card,Cancelled,103.74,4.5
ORD104144,2025-01-12,CUST1723,Customer_1386,Female,35,Gurugram,Haryana,North,Electronics,Headphones,1,6706.04,5.0,6370.74,UPI,Delivered,626.04,3.8
ORD104145,2025-06-17,CUST1358,Customer_1535,Female,45,Patna,Bihar,East,Home & Kitchen,Bedsheet,2,1992.46,15.0,3387.18,Net Banking,Delivered,385.06,4.4
ORD104146,2025-06-01,CUST1669,Customer_1520,Female,41,Panaji,Goa,West,Fashion,Jacket,1,3516.94,5.0,3341.09,Net Banking,Delivered,392.77,4.2
ORD104147,2025-10-14,CUST1026,Customer_1695,Female,57,Panaji,Goa,West,Sports,Dumbbells,1,3719.15,5.0,3533.19,Debit Card,Delivered,264.1,5.0
ORD104148,2025-04-12,CUST1469,Customer_1502,Female,21,Lucknow,Uttar Pradesh,North,Home & Kitchen,Dining Set,1,6523.57,15.0,5545.03,UPI,Delivered,848.84,3.2
ORD104149,2025-01-21,CUST1438,Customer_1400,Male,34,Bengaluru,Karnataka,South,Electronics,Laptop,2,47855.21,0.0,95710.42,UPI,Delivered,19047.86,4.5
ORD104150,2025-05-05,CUST1628,Customer_1219,Female,32,Bengaluru,Karnataka,South,Home & Kitchen,Cookware Set,2,6259.67,10.0,11267.41,Net Banking,Delivered,1139.78,4.1
ORD104151,2025-12-16,CUST1355,Customer_1556,Male,28,Bhubaneswar,Odisha,East,Electronics,Tablet,1,37843.2,5.0,35951.04,Debit Card,Delivered,6275.86,3.4
ORD104152,2025-06-08,CUST1094,Customer_1336,Female,33,Ludhiana,Punjab,North,Home & Kitchen,Mixer Grinder,2,7082.0,0.0,14164.0,Debit Card,Delivered,1726.66,2.3
ORD104153,2025-08-20,CUST1657,Customer_1345,Female,40,Bengaluru,Karnataka,South,Fashion,T-Shirt,3,1178.69,10.0,3182.46,Cash on Delivery,Shipped,245.23,3.7
ORD104154,2025-08-12,CUST1551,Customer_1486,Male,35,Kolkata,West Bengal,East,Sports,Cricket Bat,1,7577.15,0.0,7577.15,Cash on Delivery,Cancelled,983.42,2.7
ORD104155,2025-08-23,CUST1055,Customer_1711,Female,31,Bhubaneswar,Odisha,East,Electronics,Smartwatch,1,14600.2,10.0,13140.18,Debit Card,Delivered,2700.99,4.2
ORD104156,2025-05-19,CUST1109,Customer_1028,Female,21,Bengaluru,Karnataka,South,Beauty,Makeup Kit,1,1801.02,0.0,1801.02,UPI,Delivered,289.5,4.7
ORD104157,2025-08-09,CUST1311,Customer_1025,Male,37,Ranchi,Jharkhand,East,Beauty,Perfume,2,1452.19,10.0,2613.94,Cash on Delivery,Delivered,219.59,4.2
ORD104158,2025-01-17,CUST1580,Customer_1416,Male,30,Bhubaneswar,Odisha,East,Electronics,Smartphone,1,37988.65,15.0,32290.35,UPI,Delivered,3751.83,5.0
ORD104159,2025-08-24,CUST1709,Customer_1357,Female,21,Hyderabad,Telangana,South,Beauty,Makeup Kit,2,2168.36,15.0,3686.21,Debit Card,Shipped,473.8,3.2
ORD104160,2025-09-04,CUST1575,Customer_1432,Male,18,Gurugram,Haryana,North,Fashion,Jeans,3,2406.42,15.0,6136.37,Net Banking,Delivered,622.31,4.4
ORD104161,2025-11-16,CUST1171,Customer_1071,Male,36,Ahmedabad,Gujarat,West,Fashion,Backpack,1,2708.2,10.0,2437.38,UPI,Delivered,287.33,5.0
ORD104162,2025-11-18,CUST1399,Customer_1639,Male,18,Chennai,Tamil Nadu,South,Fashion,Jacket,3,5489.14,15.0,13997.31,Debit Card,Delivered,1806.09,4.4
ORD104163,2025-07-20,CUST1327,Customer_1397,Male,40,Bengaluru,Karnataka,South,Fashion,T-Shirt,1,1268.18,5.0,1204.77,UPI,Delivered,257.97,4.9
ORD104164,2025-03-10,CUST1340,Customer_1622,Female,18,Chennai,Tamil Nadu,South,Electronics,Smartphone,1,20039.73,5.0,19037.74,Cash on Delivery,Returned,3630.37,5.0
ORD104165,2025-09-11,CUST1105,Customer_1367,Female,21,Jaipur,Rajasthan,North,Sports,Yoga Mat,1,1266.48,20.0,1013.18,Debit Card,Delivered,140.96,5.0
ORD104166,2025-12-12,CUST1781,Customer_1545,Female,22,Gurugram,Haryana,North,Electronics,Tablet,2,24623.6,20.0,39397.76,Credit Card,Delivered,8572.05,5.0
ORD104167,2025-01-04,CUST1337,Customer_1375,Male,34,Kolkata,West Bengal,East,Beauty,Makeup Kit,1,2795.94,0.0,2795.94,Cash on Delivery,Delivered,282.2,3.7
ORD104168,2025-11-03,CUST1344,Customer_1579,Male,45,Kochi,Kerala,South,Home & Kitchen,Cookware Set,1,2376.8,10.0,2139.12,Net Banking,Delivered,240.93,4.5
ORD104169,2025-09-20,CUST1038,Customer_1442,Male,31,Chennai,Tamil Nadu,South,Fashion,Backpack,3,841.19,5.0,2397.39,Cash on Delivery,Delivered,432.5,4.5
ORD104170,2025-04-07,CUST1597,Customer_1751,Female,33,Lucknow,Uttar Pradesh,North,Fashion,T-Shirt,1,1496.0,0.0,1496.0,UPI,Returned,184.46,4.6
ORD104171,2025-02-26,CUST1422,Customer_1046,Female,36,Kochi,Kerala,South,Beauty,Face Wash,2,789.95,10.0,1421.91,Cash on Delivery,Delivered,157.16,4.0
ORD104172,2025-11-11,CUST1091,Customer_1396,Female,32,Lucknow,Uttar Pradesh,North,Sports,Football,3,989.77,10.0,2672.38,Cash on Delivery,Delivered,255.73,3.3
ORD104173,2025-06-11,CUST1427,Customer_1024,Male,22,Panaji,Goa,West,Fashion,T-Shirt,2,1493.33,10.0,2687.99,Net Banking,Delivered,319.42,5.0
ORD104174,2025-04-17,CUST1146,Customer_1160,Female,32,Kochi,Kerala,South,Electronics,Laptop,1,47558.95,5.0,45181.0,Cash on Delivery,Cancelled,8300.05,4.5
ORD104175,2025-12-13,CUST1128,Customer_1379,Female,21,Ludhiana,Punjab,North,Sports,Running Shoes,4,8757.56,15.0,29775.7,UPI,Delivered,5092.05,4.2
ORD104176,2025-02-10,CUST1552,Customer_1784,Male,25,Panaji,Goa,West,Fashion,Jeans,3,1701.89,0.0,5105.67,UPI,Delivered,911.02,3.6
ORD104177,2025-01-25,CUST1623,Customer_1391,Male,40,Patna,Bihar,East,Sports,Cricket Bat,1,7976.77,0.0,7976.77,Debit Card,Delivered,747.17,4.2
ORD104178,2025-03-15,CUST1490,Customer_1455,Male,47,Panaji,Goa,West,Home & Kitchen,Cookware Set,1,6245.05,20.0,4996.04,Credit Card,Delivered,876.88,2.2
ORD104179,2025-08-13,CUST1197,Customer_1710,Male,26,Ranchi,Jharkhand,East,Home & Kitchen,Bedsheet,1,1206.85,5.0,1146.51,Debit Card,Delivered,113.22,4.8
ORD104180,2025-11-15,CUST1022,Customer_1399,Female,29,Kolkata,West Bengal,East,Beauty,Shampoo,2,896.98,5.0,1704.26,UPI,Delivered,190.89,3.4
ORD104181,2025-11-20,CUST1313,Customer_1664,Male,23,Ludhiana,Punjab,North,Fashion,Shoes,1,4706.04,0.0,4706.04,Net Banking,Delivered,515.98,3.7
ORD104182,2025-09-24,CUST1227,Customer_1728,Male,21,Mumbai,Maharashtra,West,Beauty,Perfume,2,3708.37,5.0,7045.9,Credit Card,Delivered,1188.54,4.6
ORD104183,2025-04-22,CUST1646,Customer_1202,Male,28,Chennai,Tamil Nadu,South,Fashion,Backpack,1,1879.21,10.0,1691.29,Cash on Delivery,Delivered,314.48,2.8
ORD104184,2025-03-07,CUST1199,Customer_1142,Female,49,Patna,Bihar,East,Fashion,Shoes,1,5233.2,10.0,4709.88,Credit Card,Delivered,671.66,4.6
ORD104185,2025-07-13,CUST1726,Customer_1226,Male,23,Hyderabad,Telangana,South,Beauty,Makeup Kit,3,810.82,10.0,2189.21,Net Banking,Delivered,150.78,2.8
ORD104186,2025-04-12,CUST1030,Customer_1783,Male,24,Panaji,Goa,West,Beauty,Makeup Kit,2,3940.3,10.0,7092.54,UPI,Returned,894.55,4.1
ORD104187,2025-11-25,CUST1334,Customer_1508,Female,18,Ahmedabad,Gujarat,West,Electronics,Headphones,2,4631.64,10.0,8336.95,Debit Card,Delivered,890.38,3.3
ORD104188,2025-08-30,CUST1406,Customer_1677,Male,39,Lucknow,Uttar Pradesh,North,Home & Kitchen,Cookware Set,1,5965.49,15.0,5070.67,Cash on Delivery,Delivered,1106.67,3.9
ORD104189,2025-03-30,CUST1599,Customer_1545,Male,28,Panaji,Goa,West,Electronics,Smartwatch,4,3899.72,10.0,14038.99,Debit Card,Shipped,1027.12,3.2
ORD104190,2025-01-21,CUST1493,Customer_1649,Male,41,Ahmedabad,Gujarat,West,Beauty,Makeup Kit,2,2013.29,10.0,3623.92,Cash on Delivery,Delivered,547.72,3.3
ORD104191,2025-05-01,CUST1434,Customer_1416,Male,39,Panaji,Goa,West,Home & Kitchen,Air Fryer,2,13864.77,5.0,26343.06,Cash on Delivery,Delivered,2067.69,4.5
ORD104192,2025-05-21,CUST1564,Customer_1397,Female,23,Ranchi,Jharkhand,East,Fashion,Jacket,2,4891.42,5.0,9293.7,Credit Card,Delivered,1292.24,4.0
ORD104193,2025-08-01,CUST1083,Customer_1355,Male,32,Chennai,Tamil Nadu,South,Sports,Football,4,2689.52,10.0,9682.27,Debit Card,Delivered,853.61,3.3
ORD104194,2025-07-23,CUST1770,Customer_1787,Male,20,Panaji,Goa,West,Fashion,Jacket,3,2995.58,10.0,8088.07,Debit Card,Cancelled,565.0,2.7
ORD104195,2025-11-05,CUST1099,Customer_1505,Female,24,Lucknow,Uttar Pradesh,North,Sports,Dumbbells,1,925.53,10.0,832.98,UPI,Delivered,170.74,4.6
ORD104196,2025-01-24,CUST1298,Customer_1188,Female,19,Bengaluru,Karnataka,South,Fashion,T-Shirt,1,1112.21,5.0,1056.6,Net Banking,Delivered,221.06,3.2
ORD104197,2025-12-22,CUST1771,Customer_1281,Female,49,New Delhi,Delhi,North,Electronics,Smartwatch,5,14829.16,25.0,55609.35,Debit Card,Delivered,8218.48,5.0
ORD104198,2025-07-14,CUST1025,Customer_1006,Male,38,Ranchi,Jharkhand,East,Home & Kitchen,Cookware Set,1,3760.33,0.0,3760.33,UPI,Shipped,417.75,3.3
ORD104199,2025-07-02,CUST1089,Customer_1443,Male,32,Ranchi,Jharkhand,East,Sports,Football,1,1916.91,10.0,1725.22,Credit Card,Returned,305.12,3.6
ORD104200,2025-07-29,CUST1698,Customer_1282,Male,18,Gurugram,Haryana,North,Fashion,Jeans,1,1634.8,15.0,1389.58,Cash on Delivery,Delivered,218.91,3.5
ORD104201,2025-04-21,CUST1734,Customer_1497,Male,40,Hyderabad,Telangana,South,Electronics,Tablet,1,35245.71,0.0,35245.71,Credit Card,Delivered,2364.53,3.3
ORD104202,2025-06-10,CUST1001,Customer_1067,Male,35,Panaji,Goa,West,Electronics,Smartwatch,1,5926.66,15.0,5037.66,Debit Card,Delivered,921.56,3.4
ORD104203,2025-07-04,CUST1394,Customer_1704,Male,32,Mumbai,Maharashtra,West,Home & Kitchen,Air Fryer,1,6574.88,5.0,6246.14,UPI,Delivered,1161.74,3.5
ORD104204,2025-10-10,CUST1591,Customer_1661,Male,30,Ahmedabad,Gujarat,West,Fashion,Jacket,5,5491.18,5.0,26083.1,Credit Card,Delivered,2542.41,3.1
ORD104205,2025-09-14,CUST1285,Customer_1404,Female,44,Mumbai,Maharashtra,West,Fashion,Jeans,1,2559.93,10.0,2303.94,UPI,Delivered,157.97,5.0
ORD104206,2025-04-06,CUST1573,Customer_1651,Female,33,Jaipur,Rajasthan,North,Fashion,Jeans,1,2783.99,15.0,2366.39,UPI,Delivered,311.51,3.8
ORD104207,2025-09-11,CUST1575,Customer_1102,Female,25,Hyderabad,Telangana,South,Electronics,Smartwatch,1,9976.42,10.0,8978.78,Debit Card,Delivered,1444.86,4.3
ORD104208,2025-10-15,CUST1342,Customer_1278,Female,31,Panaji,Goa,West,Sports,Running Shoes,2,6975.14,15.0,11857.74,Net Banking,Shipped,1257.17,4.8
ORD104209,2025-06-27,CUST1559,Customer_1654,Male,40,Bhubaneswar,Odisha,East,Sports,Yoga Mat,2,2432.38,20.0,3891.81,Credit Card,Delivered,459.96,3.0
ORD104210,2025-12-08,CUST1014,Customer_1274,Male,33,Ahmedabad,Gujarat,West,Sports,Dumbbells,1,2801.7,10.0,2521.53,Debit Card,Returned,198.07,4.5
ORD104211,2025-08-15,CUST1623,Customer_1079,Male,39,Ahmedabad,Gujarat,West,Electronics,Headphones,2,4852.2,5.0,9219.18,UPI,Delivered,732.72,4.2
ORD104212,2025-12-14,CUST1577,Customer_1655,Female,18,New Delhi,Delhi,North,Sports,Dumbbells,1,2116.93,5.0,2011.08,Cash on Delivery,Delivered,127.95,2.5
ORD104213,2025-09-07,CUST1319,Customer_1725,Female,21,Ranchi,Jharkhand,East,Electronics,Tablet,1,44128.69,10.0,39715.82,UPI,Delivered,5134.15,4.1
ORD104214,2025-04-10,CUST1031,Customer_1606,Male,31,Chennai,Tamil Nadu,South,Fashion,Jeans,2,2586.46,15.0,4396.98,Credit Card,Delivered,685.6,4.6
ORD104215,2025-06-09,CUST1412,Customer_1388,Female,34,Jaipur,Rajasthan,North,Electronics,Headphones,1,7652.68,10.0,6887.41,Debit Card,Delivered,1411.27,3.7
ORD104216,2025-09-21,CUST1181,Customer_1367,Female,27,Hyderabad,Telangana,South,Electronics,Headphones,4,7540.58,25.0,22621.74,Net Banking,Delivered,4121.95,3.0
ORD104217,2025-02-25,CUST1634,Customer_1746,Female,20,Gurugram,Haryana,North,Electronics,Headphones,1,2150.16,15.0,1827.64,Credit Card,Delivered,227.35,4.2
ORD104218,2025-03-28,CUST1693,Customer_1170,Male,27,Kolkata,West Bengal,East,Electronics,Laptop,1,59762.89,10.0,53786.6,Cash on Delivery,Delivered,10826.52,4.6
ORD104219,2025-12-15,CUST1591,Customer_1428,Female,18,Patna,Bihar,East,Electronics,Laptop,1,55202.88,20.0,44162.3,Cash on Delivery,Delivered,7303.49,4.0
ORD104220,2025-04-25,CUST1115,Customer_1775,Female,35,Chennai,Tamil Nadu,South,Fashion,Jacket,3,1524.49,10.0,4116.12,Cash on Delivery,Cancelled,250.79,3.5
ORD104221,2025-08-01,CUST1378,Customer_1273,Male,18,New Delhi,Delhi,North,Fashion,Shoes,1,6095.8,10.0,5486.22,UPI,Delivered,1075.47,3.9
ORD104222,2025-07-10,CUST1550,Customer_1767,Male,26,Ludhiana,Punjab,North,Fashion,T-Shirt,1,608.82,20.0,487.06,UPI,Shipped,102.59,3.9
ORD104223,2025-07-17,CUST1764,Customer_1105,Female,30,Ludhiana,Punjab,North,Home & Kitchen,Dining Set,4,6183.95,20.0,19788.64,UPI,Delivered,3416.03,4.2
ORD104224,2025-03-18,CUST1642,Customer_1658,Female,26,Panaji,Goa,West,Home & Kitchen,Bedsheet,3,2185.67,15.0,5573.46,UPI,Shipped,888.41,3.5
ORD104225,2025-01-02,CUST1162,Customer_1197,Female,48,Kolkata,West Bengal,East,Home & Kitchen,Mixer Grinder,5,7679.33,10.0,34556.99,Debit Card,Shipped,5427.31,3.0
ORD104226,2025-10-06,CUST1762,Customer_1640,Male,34,Ranchi,Jharkhand,East,Beauty,Makeup Kit,1,1017.56,0.0,1017.56,UPI,Returned,101.29,3.6
ORD104227,2025-11-18,CUST1499,Customer_1083,Male,37,Chennai,Tamil Nadu,South,Home & Kitchen,Air Fryer,1,13687.75,0.0,13687.75,Credit Card,Delivered,1494.12,3.4
ORD104228,2025-01-04,CUST1065,Customer_1729,Male,39,Mumbai,Maharashtra,West,Electronics,Smartphone,2,39362.7,10.0,70852.86,Debit Card,Cancelled,8396.09,3.4
ORD104229,2025-11-25,CUST1338,Customer_1771,Female,25,Chennai,Tamil Nadu,South,Electronics,Smartwatch,1,8188.33,15.0,6960.08,UPI,Delivered,682.14,4.0
ORD104230,2025-08-24,CUST1393,Customer_1532,Female,28,Mumbai,Maharashtra,West,Fashion,Shoes,4,1712.4,10.0,6164.64,Net Banking,Delivered,1256.74,4.1
ORD104231,2025-02-24,CUST1643,Customer_1427,Male,18,Bengaluru,Karnataka,South,Fashion,Backpack,1,1384.58,5.0,1315.35,Net Banking,Delivered,213.77,3.1
ORD104232,2025-10-16,CUST1179,Customer_1080,Female,37,Hyderabad,Telangana,South,Fashion,Backpack,2,851.76,5.0,1618.34,Debit Card,Delivered,212.53,3.4
ORD104233,2025-03-25,CUST1688,Customer_1314,Female,18,Ahmedabad,Gujarat,West,Beauty,Shampoo,3,1077.73,0.0,3233.19,UPI,Delivered,517.1,4.4
ORD104234,2025-08-21,CUST1022,Customer_1154,Female,22,Panaji,Goa,West,Fashion,T-Shirt,3,1172.96,10.0,3166.99,UPI,Delivered,427.41,4.0
ORD104235,2025-09-03,CUST1149,Customer_1404,Male,24,Bhubaneswar,Odisha,East,Home & Kitchen,Mixer Grinder,1,8218.95,10.0,7397.06,Cash on Delivery,Delivered,1332.69,3.0
ORD104236,2025-12-31,CUST1206,Customer_1235,Male,43,New Delhi,Delhi,North,Fashion,T-Shirt,2,1078.38,5.0,2048.92,Net Banking,Shipped,433.9,2.8
ORD104237,2025-03-06,CUST1351,Customer_1594,Male,43,Kolkata,West Bengal,East,Fashion,Jacket,1,5103.41,0.0,5103.41,UPI,Delivered,1119.59,3.3
ORD104238,2025-06-17,CUST1653,Customer_1261,Female,36,Bhubaneswar,Odisha,East,Sports,Football,1,2230.24,0.0,2230.24,Credit Card,Delivered,205.42,4.4
ORD104239,2025-03-27,CUST1605,Customer_1181,Female,52,Ahmedabad,Gujarat,West,Sports,Running Shoes,2,2422.01,20.0,3875.22,Cash on Delivery,Delivered,598.84,3.3
ORD104240,2025-08-28,CUST1224,Customer_1538,Male,25,Lucknow,Uttar Pradesh,North,Electronics,Headphones,1,6684.36,10.0,6015.92,Credit Card,Shipped,795.78,3.8
ORD104241,2025-12-19,CUST1521,Customer_1205,Female,26,Patna,Bihar,East,Home & Kitchen,Mixer Grinder,1,2809.53,5.0,2669.05,Debit Card,Delivered,467.73,3.8
ORD104242,2025-02-26,CUST1043,Customer_1318,Male,34,Panaji,Goa,West,Electronics,Tablet,1,46718.07,10.0,42046.26,Cash on Delivery,Delivered,7277.74,4.2
ORD104243,2025-02-18,CUST1560,Customer_1464,Male,30,Panaji,Goa,West,Beauty,Makeup Kit,3,741.91,20.0,1780.58,UPI,Returned,374.87,3.7
ORD104244,2025-05-19,CUST1132,Customer_1236,Female,35,Bengaluru,Karnataka,South,Fashion,Backpack,1,1199.33,5.0,1139.36,Debit Card,Returned,224.59,3.9
ORD104245,2025-08-12,CUST1620,Customer_1084,Male,41,Jaipur,Rajasthan,North,Electronics,Smartphone,3,14898.35,0.0,44695.05,Debit Card,Delivered,7751.63,4.0
ORD104246,2025-08-13,CUST1580,Customer_1502,Female,35,Hyderabad,Telangana,South,Electronics,Laptop,2,41528.95,20.0,66446.32,Credit Card,Cancelled,14250.17,4.2
ORD104247,2025-09-07,CUST1363,Customer_1030,Male,22,Bengaluru,Karnataka,South,Fashion,Jacket,3,3301.44,25.0,7428.24,Credit Card,Delivered,1288.17,4.0
ORD104248,2025-04-10,CUST1462,Customer_1019,Female,23,Ranchi,Jharkhand,East,Home & Kitchen,Mixer Grinder,3,8248.94,0.0,24746.82,UPI,Delivered,4040.68,5.0
ORD104249,2025-04-16,CUST1581,Customer_1208,Male,37,Ranchi,Jharkhand,East,Fashion,Backpack,1,2365.95,20.0,1892.76,UPI,Returned,412.9,4.5
ORD104250,2025-11-19,CUST1322,Customer_1205,Male,18,Chennai,Tamil Nadu,South,Electronics,Laptop,2,73966.84,10.0,133140.31,Cash on Delivery,Delivered,15546.44,3.4
ORD104251,2025-02-06,CUST1372,Customer_1450,Male,31,Panaji,Goa,West,Fashion,Shoes,1,1692.84,15.0,1438.91,Debit Card,Delivered,259.79,3.6
ORD104252,2025-04-25,CUST1790,Customer_1392,Female,38,Ranchi,Jharkhand,East,Home & Kitchen,Mixer Grinder,1,4215.65,20.0,3372.52,UPI,Delivered,452.82,4.6
ORD104253,2025-11-19,CUST1249,Customer_1327,Male,19,,Goa,West,Sports,Dumbbells,2,4214.72,10.0,7586.5,Credit Card,Delivered,850.98,4.7
ORD104254,2025-03-05,CUST1404,Customer_1236,Male,32,Bengaluru,Karnataka,South,Home & Kitchen,Mixer Grinder,3,7520.37,15.0,19176.94,UPI,Shipped,3923.15,3.5
ORD104255,2025-06-04,CUST1502,Customer_1123,Female,33,Lucknow,Uttar Pradesh,North,Fashion,T-Shirt,4,1589.43,5.0,6039.83,UPI,Delivered,853.43,4.5
ORD104256,2025-07-28,CUST1070,Customer_1557,Male,19,Kolkata,West Bengal,East,Home & Kitchen,Dining Set,2,13894.53,15.0,23620.7,UPI,Delivered,3311.64,3.8
ORD104257,2025-10-26,CUST1028,Customer_1314,Female,22,Kochi,Kerala,South,Home & Kitchen,Dining Set,1,5969.41,0.0,5969.41,Credit Card,Delivered,584.15,2.8
ORD104258,2025-06-13,CUST1459,Customer_1611,Female,44,Chennai,Tamil Nadu,South,Beauty,Face Wash,2,445.04,20.0,712.06,UPI,Delivered,118.44,3.1
ORD104259,2025-09-26,CUST1455,Customer_1338,Male,44,Gurugram,Haryana,North,Home & Kitchen,Mixer Grinder,1,4201.58,10.0,3781.42,Credit Card,Delivered,454.0,3.7
ORD104260,2025-11-07,CUST1448,Customer_1771,Male,38,Panaji,Goa,West,Sports,Football,4,2191.66,10.0,7889.98,UPI,Delivered,1033.25,5.0
ORD104261,2025-02-13,CUST1479,Customer_1166,Male,31,Jaipur,Rajasthan,North,Electronics,Smartphone,5,55349.31,5.0,262909.22,UPI,Delivered,37194.9,3.6
ORD104262,2025-08-02,CUST1554,Customer_1349,Female,18,Ranchi,Jharkhand,East,Electronics,Smartwatch,1,4785.65,15.0,4067.8,Debit Card,Delivered,770.68,4.5
ORD104263,2025-07-21,CUST1788,Customer_1332,Male,18,,Rajasthan,North,Beauty,Perfume,1,1231.78,20.0,985.42,UPI,Delivered,170.23,5.0
ORD104264,2025-02-19,CUST1709,Customer_1496,Female,18,Panaji,Goa,West,Home & Kitchen,Mixer Grinder,1,4575.04,10.0,4117.54,Cash on Delivery,Delivered,278.63,4.6
ORD104265,2025-11-01,CUST1185,Customer_1432,Female,27,Lucknow,Uttar Pradesh,North,Beauty,Perfume,3,2040.44,20.0,4897.06,Debit Card,Delivered,376.29,3.7
ORD104266,2025-05-17,CUST1737,Customer_1763,Female,30,Ahmedabad,Gujarat,West,Fashion,Jeans,2,2458.53,10.0,4425.35,Credit Card,Delivered,537.7,3.7
ORD104267,2025-12-06,CUST1642,Customer_1613,Male,41,Patna,Bihar,East,Beauty,Makeup Kit,2,3344.0,20.0,5350.4,Credit Card,Delivered,660.32,3.8
ORD104268,2025-04-03,CUST1108,Customer_1350,Male,32,Ludhiana,Punjab,North,Fashion,Jacket,1,5154.39,5.0,4896.67,Net Banking,Cancelled,979.54,4.2
ORD104269,2025-08-12,CUST1216,Customer_1166,Male,21,Bengaluru,Karnataka,South,Electronics,Smartphone,1,62393.68,10.0,56154.31,UPI,Returned,5775.54,2.7
ORD104270,2025-11-22,CUST1138,Customer_1743,Male,31,Bhubaneswar,Odisha,East,Fashion,T-Shirt,3,1723.59,20.0,4136.62,Debit Card,Delivered,379.66,4.2
ORD104271,2025-11-18,CUST1030,Customer_1214,Female,33,Chennai,Tamil Nadu,South,Sports,Cricket Bat,1,2070.14,5.0,1966.63,UPI,Shipped,206.0,3.4
ORD104272,2025-04-14,CUST1149,Customer_1440,Female,39,Kochi,Kerala,South,Electronics,Smartwatch,1,2116.0,0.0,2116.0,Credit Card,Delivered,219.36,4.9
ORD104273,2025-01-03,CUST1615,Customer_1155,Female,21,Bhubaneswar,Odisha,East,Electronics,Headphones,4,3202.19,15.0,10887.45,Net Banking,Delivered,2319.65,3.1
ORD104274,2025-04-12,CUST1694,Customer_1258,Female,26,Hyderabad,Telangana,South,Fashion,Jacket,4,5491.06,15.0,18669.6,Cash on Delivery,Shipped,3937.24,4.9
ORD104275,2025-04-25,CUST1087,Customer_1139,Female,34,Ranchi,Jharkhand,East,Fashion,Jeans,4,1850.31,0.0,7401.24,Credit Card,Delivered,1186.05,5.0
ORD104276,2025-08-16,CUST1662,Customer_1073,Male,18,Lucknow,Uttar Pradesh,North,Fashion,Jeans,1,1998.33,10.0,1798.5,Credit Card,Delivered,118.64,4.6
ORD104277,2025-02-22,CUST1720,Customer_1718,Female,23,Ludhiana,Punjab,North,Electronics,Tablet,3,22251.56,10.0,60079.21,UPI,Delivered,7540.52,4.6
ORD104278,2025-03-17,CUST1442,Customer_1166,Female,24,Ludhiana,Punjab,North,Sports,Football,2,1474.6,15.0,2506.82,Debit Card,Cancelled,408.85,2.6
ORD104279,2025-11-16,CUST1125,Customer_1549,Male,25,Panaji,Goa,West,Fashion,Backpack,2,1933.86,10.0,3480.95,UPI,Delivered,509.66,3.5
ORD104280,2025-04-04,CUST1063,Customer_1334,Female,31,Lucknow,Uttar Pradesh,North,Home & Kitchen,Mixer Grinder,1,4763.36,5.0,4525.19,Credit Card,Delivered,913.67,3.3
ORD104281,2025-04-20,CUST1147,Customer_1635,Male,19,Patna,Bihar,East,Sports,Yoga Mat,2,1726.38,15.0,2934.85,Debit Card,Delivered,537.03,4.5
ORD104282,2025-02-05,CUST1197,Customer_1410,Female,18,Kolkata,West Bengal,East,Electronics,Laptop,3,64790.51,5.0,184652.95,Debit Card,Delivered,13742.63,5.0
ORD104283,2025-12-11,CUST1389,Customer_1535,Female,18,Jaipur,Rajasthan,North,Fashion,Jacket,5,4805.91,0.0,24029.55,Credit Card,Delivered,3874.37,3.4
ORD104284,2025-02-10,CUST1540,Customer_1799,Male,18,Mumbai,Maharashtra,West,Home & Kitchen,Mixer Grinder,1,6477.08,10.0,5829.37,UPI,Delivered,738.06,4.1
ORD104285,2025-07-29,CUST1394,Customer_1020,Female,33,Gurugram,Haryana,North,Home & Kitchen,Cookware Set,5,7310.15,0.0,36550.75,Debit Card,Delivered,5554.71,5.0
ORD104286,2025-04-02,CUST1286,Customer_1342,Female,20,Hyderabad,Telangana,South,Fashion,Backpack,2,2275.68,15.0,3868.66,Debit Card,Returned,619.6,4.0
ORD104287,2025-08-11,CUST1115,Customer_1326,Female,18,Kolkata,West Bengal,East,Beauty,Face Wash,1,820.93,10.0,738.84,Credit Card,Delivered,91.59,3.9
ORD104288,2025-01-24,CUST1126,Customer_1331,Female,43,Lucknow,Uttar Pradesh,North,Fashion,Shoes,1,6100.22,0.0,6100.22,UPI,Delivered,1267.93,4.1
ORD104289,2025-08-23,CUST1434,Customer_1626,Female,36,Panaji,Goa,West,Fashion,Backpack,1,2649.73,10.0,2384.76,UPI,Delivered,363.74,2.8
ORD104290,2025-03-08,CUST1781,Customer_1036,Female,40,Ahmedabad,Gujarat,West,Electronics,Laptop,1,38741.75,10.0,34867.58,UPI,Delivered,5551.45,3.4
ORD104291,2025-04-15,CUST1611,Customer_1041,Male,26,Panaji,Goa,West,Electronics,Smartphone,4,31530.69,5.0,119816.62,Credit Card,Shipped,13039.82,4.0
ORD104292,2025-04-24,CUST1586,Customer_1060,Female,29,Panaji,Goa,West,Electronics,Tablet,1,26458.53,5.0,25135.6,UPI,Delivered,2797.05,3.0
ORD104293,2025-06-02,CUST1344,Customer_1058,Male,40,Panaji,Goa,West,Sports,Yoga Mat,1,939.23,0.0,939.23,UPI,Delivered,171.27,5.0
ORD104294,2025-04-04,CUST1490,Customer_1737,Male,28,Lucknow,Uttar Pradesh,North,Fashion,Jacket,2,2226.72,10.0,4008.1,UPI,Shipped,732.22,3.8
ORD104295,2025-07-27,CUST1363,Customer_1045,Male,49,Ludhiana,Punjab,North,Beauty,Makeup Kit,1,3512.03,5.0,3336.43,Credit Card,Delivered,624.54,4.6
ORD104296,2025-11-08,CUST1354,Customer_1549,Female,23,Hyderabad,Telangana,South,Sports,Yoga Mat,1,1076.06,25.0,807.04,Debit Card,Delivered,76.45,3.1
ORD104297,2025-03-25,CUST1465,Customer_1372,Female,38,Bhubaneswar,Odisha,East,Home & Kitchen,Mixer Grinder,1,2506.86,10.0,2256.17,Debit Card,Delivered,217.38,3.8
ORD104298,2025-06-21,CUST1639,Customer_1066,Female,41,Bhubaneswar,Odisha,East,Electronics,Smartwatch,5,4338.86,5.0,20609.58,Net Banking,Delivered,3679.18,3.1
ORD104299,2025-01-05,CUST1301,Customer_1187,Male,28,Kochi,Kerala,South,Electronics,Tablet,1,17869.08,15.0,15188.72,Debit Card,Delivered,1047.87,3.0
ORD104300,2025-03-02,CUST1087,Customer_1513,Female,22,Hyderabad,Telangana,South,Beauty,Shampoo,1,284.24,10.0,255.82,UPI,Delivered,51.15,3.5
ORD104301,2025-04-07,CUST1472,Customer_1460,Female,28,New Delhi,Delhi,North,Fashion,Jacket,2,5676.14,0.0,11352.28,Debit Card,Delivered,1057.75,4.8
ORD104302,2025-01-17,CUST1093,Customer_1789,Male,22,Hyderabad,Telangana,South,Home & Kitchen,Cookware Set,3,6545.97,10.0,17674.12,Net Banking,Delivered,2317.0,3.2
ORD104303,2025-10-27,CUST1286,Customer_1409,Female,38,Kolkata,West Bengal,East,Home & Kitchen,Mixer Grinder,1,6662.88,10.0,5996.59,UPI,Delivered,433.6,3.8
ORD104304,2025-04-02,CUST1565,Customer_1527,Male,28,Ludhiana,Punjab,North,Beauty,Makeup Kit,1,2168.2,0.0,2168.2,Net Banking,Delivered,359.98,4.8
ORD104305,2025-10-02,CUST1078,Customer_1125,Male,34,Hyderabad,Telangana,South,Electronics,Smartwatch,2,9997.08,25.0,14995.62,UPI,Delivered,2126.78,4.6
ORD104306,2025-01-27,CUST1530,Customer_1517,Male,33,Hyderabad,Telangana,South,Fashion,Jeans,1,945.62,5.0,898.34,Cash on Delivery,Cancelled,187.93,4.1
ORD104307,2025-09-03,CUST1755,Customer_1086,Male,32,Kolkata,West Bengal,East,Sports,Football,3,2217.35,15.0,5654.24,Net Banking,Delivered,363.02,3.9
ORD104308,2025-02-10,CUST1713,Customer_1375,Male,23,Patna,Bihar,East,Sports,Football,3,1239.04,,3531.26,Credit Card,Delivered,568.74,2.8
ORD104309,2025-09-11,CUST1278,Customer_1749,Female,34,New Delhi,Delhi,North,Electronics,Headphones,1,1477.7,10.0,1329.93,Net Banking,Delivered,205.71,4.3
ORD104310,2025-08-30,CUST1094,Customer_1694,Male,18,Kolkata,West Bengal,East,Fashion,Jacket,3,2384.65,15.0,6080.86,Debit Card,Cancelled,916.64,3.8
ORD104311,2025-06-29,CUST1648,Customer_1611,Female,25,Ludhiana,Punjab,North,Beauty,Perfume,4,2695.94,0.0,10783.76,UPI,Returned,689.51,4.1
ORD104312,2025-11-13,CUST1671,Customer_1245,Other,18,Mumbai,Maharashtra,West,Sports,Cricket Bat,1,3795.62,25.0,2846.72,Net Banking,Shipped,339.05,4.6
ORD104313,2025-12-31,CUST1276,Customer_1222,Female,33,Chennai,Tamil Nadu,South,Sports,Running Shoes,1,3644.06,5.0,3461.86,Debit Card,Delivered,274.78,4.9
ORD104314,2025-06-20,CUST1191,Customer_1551,Male,31,Gurugram,Haryana,North,Home & Kitchen,Bedsheet,2,1931.46,0.0,3862.92,UPI,Delivered,390.69,4.2
ORD104315,2025-07-22,CUST1759,Customer_1222,Male,51,Kochi,Kerala,South,Beauty,Makeup Kit,1,2965.34,5.0,2817.07,Debit Card,Delivered,219.17,5.0
ORD104316,2025-02-26,CUST1380,Customer_1009,Male,47,Kolkata,West Bengal,East,Fashion,Jacket,4,5531.68,15.0,18807.71,UPI,Delivered,1513.29,5.0
ORD104317,2025-11-20,CUST1201,Customer_1454,Female,26,Mumbai,Maharashtra,West,Sports,Cricket Bat,2,5812.36,10.0,10462.25,UPI,Delivered,1527.65,3.6
ORD104318,2025-06-24,CUST1459,Customer_1097,Male,30,Ahmedabad,Gujarat,West,Sports,Yoga Mat,2,1141.6,10.0,2054.88,UPI,Cancelled,371.48,3.0
ORD104319,2025-03-15,CUST1125,Customer_1212,Male,29,Ludhiana,Punjab,North,Electronics,Smartphone,1,28805.1,10.0,25924.59,Credit Card,Delivered,3734.13,4.2
ORD104320,2025-10-10,CUST1454,Customer_1710,Male,28,Ahmedabad,Gujarat,West,Sports,Yoga Mat,2,2271.01,15.0,3860.72,Debit Card,Delivered,327.67,4.5
ORD104321,2025-01-19,CUST1729,Customer_1217,Male,18,Lucknow,Uttar Pradesh,North,Sports,Dumbbells,1,2252.5,0.0,2252.5,Debit Card,Delivered,158.45,3.7
ORD104322,2025-11-14,CUST1463,Customer_1002,Male,18,Bhubaneswar,Odisha,East,Home & Kitchen,Bedsheet,1,633.4,20.0,506.72,Net Banking,Delivered,52.15,4.1
ORD104323,2025-02-01,CUST1653,Customer_1391,Male,25,Lucknow,Uttar Pradesh,North,Home & Kitchen,Dining Set,1,9939.77,10.0,8945.79,Debit Card,Delivered,631.31,4.8
ORD104324,2025-03-15,CUST1003,Customer_1614,Male,26,Gurugram,Haryana,North,Fashion,Jeans,3,1457.78,0.0,4373.34,Cash on Delivery,Delivered,645.92,5.0
ORD104325,2025-04-09,CUST1528,Customer_1584,Female,30,Panaji,Goa,West,Sports,Dumbbells,1,4515.52,5.0,4289.74,Credit Card,Delivered,284.39,3.6
ORD104326,2025-06-19,CUST1688,Customer_1740,Female,35,Kolkata,West Bengal,East,Beauty,Face Wash,1,686.26,15.0,583.32,Credit Card,Delivered,53.69,4.1
ORD104327,2025-06-30,CUST1766,Customer_1414,Male,30,Bhubaneswar,Odisha,East,Electronics,Headphones,4,2235.78,0.0,8943.12,UPI,Delivered,1114.91,3.8
ORD104328,2025-06-27,CUST1599,Customer_1317,Male,33,Bhubaneswar,Odisha,East,Fashion,Jeans,3,2091.82,20.0,5020.37,Net Banking,Delivered,514.43,4.7
ORD104329,2025-07-26,CUST1543,Customer_1779,Male,39,Panaji,Goa,West,Electronics,Tablet,2,42168.93,15.0,71687.18,UPI,Delivered,15036.01,3.5
ORD104330,2025-06-18,CUST1275,Customer_1249,Female,30,Panaji,Goa,West,Electronics,Smartphone,1,57250.81,0.0,57250.81,Debit Card,Returned,10913.76,5.0
ORD104331,2025-07-08,CUST1371,Customer_1250,Female,48,Jaipur,Rajasthan,North,Fashion,Backpack,1,914.69,20.0,731.75,Credit Card,Delivered,107.32,5.0
ORD104332,2025-01-15,CUST1122,Customer_1560,Female,34,Gurugram,Haryana,North,Home & Kitchen,Dining Set,1,11010.69,0.0,11010.69,Credit Card,Delivered,2005.34,4.2
ORD104333,2025-02-08,CUST1040,Customer_1016,Female,24,Bhubaneswar,Odisha,East,Electronics,Smartphone,2,20149.85,5.0,38284.71,Debit Card,Shipped,6990.71,3.7
ORD104334,2025-08-12,CUST1712,Customer_1399,Other,31,Kolkata,West Bengal,East,Sports,Football,4,1209.89,5.0,4597.58,UPI,Delivered,626.71,2.8
ORD104335,2025-07-18,CUST1226,Customer_1260,Male,18,Bengaluru,Karnataka,South,Fashion,Jacket,2,4475.92,0.0,8951.84,Credit Card,Shipped,1389.92,5.0
ORD104336,2025-03-26,CUST1418,Customer_1154,Female,46,Bhubaneswar,Odisha,East,Electronics,Laptop,1,37221.89,5.0,35360.8,Cash on Delivery,Delivered,7322.52,4.0
ORD104337,2025-09-11,CUST1706,Customer_1349,Male,37,Bhubaneswar,Odisha,East,Fashion,Jeans,1,2880.98,15.0,2448.83,Cash on Delivery,Delivered,187.91,3.2
ORD104338,2025-01-14,CUST1243,Customer_1530,Male,38,Ranchi,Jharkhand,East,Beauty,Shampoo,1,774.96,5.0,736.21,UPI,Shipped,129.97,4.1
ORD104339,2025-11-11,CUST1208,Customer_1591,Female,36,Bhubaneswar,Odisha,East,Sports,Running Shoes,3,5603.36,20.0,13448.06,UPI,Returned,1607.18,4.1
ORD104340,2025-12-16,CUST1094,Customer_1719,Male,18,Lucknow,Uttar Pradesh,North,Electronics,Laptop,2,53352.3,20.0,85363.68,Net Banking,Delivered,18349.3,3.6
ORD104341,2025-11-04,CUST1198,Customer_1719,Male,25,Ludhiana,Punjab,North,Electronics,Laptop,2,86625.65,5.0,164588.73,UPI,Delivered,24333.38,4.2
ORD104342,2025-10-27,CUST1042,Customer_1699,Female,18,Ranchi,Jharkhand,East,Home & Kitchen,Mixer Grinder,3,3414.15,10.0,9218.21,Debit Card,Delivered,1352.69,4.0
ORD104343,2025-12-09,CUST1051,Customer_1238,Male,30,Ludhiana,Punjab,North,Fashion,T-Shirt,1,1109.81,25.0,832.36,Credit Card,Returned,141.07,3.4
ORD104344,2025-09-08,CUST1394,Customer_1295,Female,18,Bhubaneswar,Odisha,East,Beauty,Moisturizer,1,516.75,0.0,516.75,Cash on Delivery,Delivered,75.99,4.9
ORD104345,2025-11-28,CUST1449,Customer_1776,Male,20,Kochi,Kerala,South,Fashion,T-Shirt,1,731.53,15.0,621.8,UPI,Delivered,61.16,3.5
ORD104346,2025-09-16,CUST1044,Customer_1316,Female,22,Mumbai,Maharashtra,West,Electronics,Laptop,1,53395.43,5.0,50725.66,UPI,Delivered,6282.29,2.6
ORD104347,2025-08-11,CUST1722,Customer_1244,Male,27,Ahmedabad,Gujarat,West,Electronics,Tablet,1,44751.71,10.0,40276.54,Credit Card,Cancelled,3259.44,4.6
ORD104348,2025-08-12,CUST1019,Customer_1729,Female,18,Mumbai,Maharashtra,West,Electronics,Tablet,1,36408.13,0.0,36408.13,Cash on Delivery,Delivered,7696.34,3.8
ORD104349,2025-03-11,CUST1487,Customer_1616,Female,31,Ludhiana,Punjab,North,Fashion,Shoes,2,5823.16,20.0,9317.06,Credit Card,Delivered,1268.72,1.9
ORD104350,2025-11-26,CUST1685,Customer_1650,Male,29,Chennai,Tamil Nadu,South,Sports,Dumbbells,1,3767.69,10.0,3390.92,UPI,Delivered,627.06,3.8
ORD104351,2025-06-24,CUST1762,Customer_1010,Male,32,Panaji,Goa,West,Electronics,Smartphone,1,41012.14,20.0,32809.71,UPI,Delivered,6462.72,4.8
ORD104352,2025-06-23,CUST1667,Customer_1319,Male,33,Kolkata,West Bengal,East,Fashion,Jacket,2,4392.05,15.0,7466.48,UPI,Delivered,1207.54,3.6
ORD104353,2025-05-02,CUST1226,Customer_1029,Male,27,Gurugram,Haryana,North,Electronics,Tablet,3,36476.8,20.0,87544.32,Debit Card,Delivered,5340.11,4.7
ORD104354,2025-06-24,CUST1503,Customer_1604,Female,18,Kochi,Kerala,South,Home & Kitchen,Mixer Grinder,1,7961.9,20.0,6369.52,Credit Card,Delivered,1167.81,2.8
ORD104355,2025-05-21,CUST1088,Customer_1460,Female,43,Gurugram,Haryana,North,Home & Kitchen,Cookware Set,2,3858.12,20.0,6172.99,UPI,Delivered,959.65,4.5
ORD104356,2025-01-08,CUST1415,Customer_1574,Male,28,Ludhiana,Punjab,North,Electronics,Laptop,3,38608.9,20.0,92661.36,UPI,Delivered,6663.23,2.6
ORD104357,2025-08-10,CUST1079,Customer_1549,Male,41,Bengaluru,Karnataka,South,Fashion,Backpack,2,3244.62,10.0,5840.32,UPI,Returned,534.75,3.4
ORD104358,2025-02-07,CUST1430,Customer_1234,Female,24,Kolkata,West Bengal,East,Electronics,Tablet,2,40201.16,10.0,72362.09,Credit Card,Delivered,13749.78,4.0
ORD104359,2025-03-16,CUST1137,Customer_1261,Female,52,Ahmedabad,Gujarat,West,Electronics,Smartwatch,1,6918.39,15.0,5880.63,Net Banking,Delivered,443.76,4.5
ORD104360,2025-01-07,CUST1236,Customer_1038,Female,23,Ranchi,Jharkhand,East,Fashion,Backpack,1,2381.31,10.0,2143.18,Net Banking,Delivered,243.17,3.6
ORD104361,2025-05-01,CUST1187,Customer_1781,Male,35,Chennai,Tamil Nadu,South,Electronics,Smartphone,1,31562.89,5.0,29984.75,UPI,Delivered,3236.69,3.5
ORD104362,2025-02-11,CUST1653,Customer_1727,Female,36,Gurugram,Haryana,North,Beauty,Moisturizer,1,670.93,5.0,637.38,UPI,Shipped,88.2,4.1
ORD104363,2025-09-25,CUST1091,Customer_1296,Male,33,New Delhi,Delhi,North,Home & Kitchen,Dining Set,1,6974.4,10.0,6276.96,UPI,Delivered,882.74,4.8
ORD104364,2025-08-03,CUST1138,Customer_1693,Female,38,Patna,Bihar,East,Fashion,Backpack,2,1264.76,10.0,2276.57,Debit Card,Delivered,310.74,4.8
ORD104365,2025-09-30,CUST1438,Customer_1271,Male,18,Ludhiana,Punjab,North,Home & Kitchen,Air Fryer,3,9234.63,15.0,23548.31,Credit Card,Shipped,2901.24,5.0
ORD104366,2025-11-28,CUST1336,Customer_1230,Female,23,Hyderabad,Telangana,South,Beauty,Moisturizer,1,1263.5,10.0,1137.15,Net Banking,Delivered,102.42,3.6
ORD104367,2025-11-22,CUST1077,Customer_1223,Male,35,Hyderabad,Telangana,South,Electronics,Tablet,1,14393.32,10.0,12953.99,Credit Card,Shipped,1644.09,4.3
ORD104368,2025-04-29,CUST1448,Customer_1367,Male,25,Lucknow,Uttar Pradesh,North,Electronics,Tablet,1,27903.23,0.0,27903.23,UPI,Delivered,1856.53,4.6
ORD104369,2025-04-12,CUST1271,Customer_1307,Male,40,New Delhi,Delhi,North,Home & Kitchen,Mixer Grinder,1,2825.48,20.0,2260.38,Debit Card,Shipped,354.81,4.5
ORD104370,2025-05-09,CUST1393,Customer_1564,Female,25,Panaji,Goa,West,Electronics,Smartphone,5,32249.1,20.0,128996.4,UPI,Delivered,15309.79,2.9
ORD104371,2025-03-31,CUST1447,Customer_1577,Male,18,Ahmedabad,Gujarat,West,Electronics,Laptop,4,68092.77,10.0,245133.97,UPI,Delivered,53777.74,4.7
ORD104372,2025-06-16,CUST1213,Customer_1277,Female,39,Kochi,Kerala,South,Electronics,Smartphone,2,25952.88,10.0,46715.18,Credit Card,Delivered,7643.17,
ORD104373,2025-05-24,CUST1137,Customer_1793,Female,30,Bengaluru,Karnataka,South,Home & Kitchen,Cookware Set,1,5199.85,0.0,5199.85,Cash on Delivery,Shipped,436.69,4.3
ORD104374,2025-12-01,CUST1114,Customer_1124,Male,34,Ahmedabad,Gujarat,West,Electronics,Laptop,1,70290.16,20.0,56232.13,Debit Card,Delivered,6410.25,3.0
ORD104375,2025-11-09,CUST1434,Customer_1166,Male,33,Jaipur,Rajasthan,North,Electronics,Smartphone,1,14699.74,10.0,13229.77,Cash on Delivery,Delivered,863.71,3.6
ORD104376,2025-06-06,CUST1387,Customer_1609,Female,25,Kochi,Kerala,South,Fashion,Backpack,1,2712.38,15.0,2305.52,UPI,Delivered,503.72,4.4
ORD104377,2025-05-22,CUST1779,Customer_1633,Female,34,Ranchi,Jharkhand,East,Fashion,Jacket,2,3576.92,10.0,6438.46,Credit Card,Delivered,1197.18,4.1
ORD104378,2025-10-28,CUST1287,Customer_1479,Female,29,Ahmedabad,Gujarat,West,Home & Kitchen,Bedsheet,4,893.04,0.0,3572.16,UPI,Shipped,308.72,3.1
ORD104379,2025-12-26,CUST1562,Customer_1101,Other,28,Ahmedabad,Gujarat,West,Home & Kitchen,Bedsheet,1,1528.65,20.0,1222.92,Credit Card,Delivered,200.54,4.6
ORD104380,2025-11-15,CUST1298,Customer_1071,Female,31,Ranchi,Jharkhand,East,Home & Kitchen,Dining Set,4,14494.16,15.0,49280.14,UPI,Delivered,7586.69,5.0
ORD104381,2025-08-25,CUST1248,Customer_1361,Female,41,Kolkata,West Bengal,East,Fashion,T-Shirt,1,443.35,5.0,421.18,Net Banking,Delivered,53.74,4.9
ORD104382,2025-04-15,CUST1467,Customer_1430,Male,41,Ranchi,Jharkhand,East,Fashion,T-Shirt,2,1567.76,15.0,2665.19,UPI,Delivered,328.47,5.0
ORD104383,2025-01-29,CUST1336,Customer_1677,Male,18,Ludhiana,Punjab,North,Electronics,Smartphone,1,61701.39,15.0,52446.18,Debit Card,Delivered,10999.2,2.9
ORD104384,2025-07-05,CUST1461,Customer_1615,Female,34,Bengaluru,Karnataka,South,Beauty,Perfume,3,971.33,20.0,2331.19,Debit Card,Delivered,164.94,3.7
ORD104385,2025-09-19,CUST1761,Customer_1702,Male,33,Lucknow,Uttar Pradesh,North,Home & Kitchen,Bedsheet,3,1015.79,10.0,2742.63,Debit Card,Delivered,202.68,3.4
ORD104386,2025-12-27,CUST1790,Customer_1307,Other,42,Panaji,Goa,West,Home & Kitchen,Air Fryer,4,14671.13,0.0,58684.52,Debit Card,Returned,5928.5,3.2
ORD104387,2025-01-17,CUST1585,Customer_1673,Female,41,Panaji,Goa,West,Electronics,Tablet,1,24870.01,10.0,22383.01,Credit Card,Delivered,2915.1,5.0
ORD104388,2025-06-19,CUST1604,Customer_1269,Female,27,Mumbai,Maharashtra,West,Sports,Running Shoes,1,6453.8,5.0,6131.11,Credit Card,Delivered,1092.32,4.1
ORD104389,2025-10-14,CUST1175,Customer_1501,Male,26,Panaji,Goa,West,Fashion,Jacket,1,4094.53,5.0,3889.8,Cash on Delivery,Returned,343.65,3.2
ORD104390,2025-03-31,CUST1800,Customer_1365,Female,39,Bengaluru,Karnataka,South,Home & Kitchen,Mixer Grinder,1,2797.31,10.0,2517.58,UPI,Delivered,426.44,2.8
ORD104391,2025-03-12,CUST1384,Customer_1169,Male,49,Kolkata,West Bengal,East,Electronics,Headphones,2,5714.73,15.0,9715.04,UPI,Delivered,625.76,3.9
ORD104392,2025-12-10,CUST1255,Customer_1642,Female,35,Hyderabad,Telangana,South,Fashion,Shoes,4,1831.12,15.0,6225.81,Cash on Delivery,Delivered,928.05,3.8
ORD104393,2025-10-02,CUST1146,Customer_1792,Female,22,Ahmedabad,Gujarat,West,Beauty,Face Wash,2,703.25,5.0,1336.17,UPI,Cancelled,258.1,4.2
ORD104394,2025-08-03,CUST1687,Customer_1256,Male,34,Ranchi,Jharkhand,East,Electronics,Tablet,1,16718.28,0.0,16718.28,Credit Card,Delivered,3592.05,3.4
ORD104395,2025-05-09,CUST1168,Customer_1743,Male,22,Panaji,Goa,West,Electronics,Smartwatch,1,8484.21,5.0,8060.0,Debit Card,Cancelled,1031.27,3.5
ORD104396,2025-10-03,CUST1670,Customer_1556,Male,31,Ahmedabad,Gujarat,West,Fashion,T-Shirt,2,1481.81,15.0,2519.08,Credit Card,Delivered,326.68,3.8
ORD104397,2025-06-23,CUST1359,Customer_1666,Male,36,Kochi,Kerala,South,Home & Kitchen,Bedsheet,1,2473.85,20.0,1979.08,Credit Card,Cancelled,413.34,2.4
ORD104398,2025-03-18,CUST1569,Customer_1099,Female,25,Kochi,Kerala,South,Electronics,Smartwatch,1,4139.84,10.0,3725.86,Debit Card,Cancelled,591.88,5.0
ORD104399,2025-11-28,CUST1277,Customer_1407,Female,21,Panaji,Goa,West,Electronics,Tablet,1,32703.15,10.0,29432.84,Cash on Delivery,Delivered,3090.51,5.0
ORD104400,2025-05-14,CUST1551,Customer_1690,Female,36,Jaipur,Rajasthan,North,Home & Kitchen,Bedsheet,1,1411.1,10.0,1269.99,UPI,Cancelled,259.02,2.6
ORD104401,2025-07-25,CUST1040,Customer_1521,Male,23,Kolkata,West Bengal,East,Home & Kitchen,Cookware Set,3,6420.92,15.0,16373.35,UPI,Delivered,3582.49,3.7
ORD104402,2025-09-25,CUST1294,Customer_1211,Female,41,New Delhi,Delhi,North,Beauty,Perfume,4,3061.82,25.0,9185.46,Credit Card,Shipped,978.71,3.4
ORD104403,2025-12-11,CUST1494,Customer_1359,Female,32,Ludhiana,Punjab,North,Fashion,Backpack,2,3146.06,15.0,5348.3,Debit Card,Cancelled,953.91,2.4
ORD104404,2025-03-30,CUST1132,Customer_1238,Male,27,Chennai,Tamil Nadu,South,Electronics,Laptop,1,56184.37,10.0,50565.93,Debit Card,Delivered,8920.11,3.7
ORD104405,2025-08-28,CUST1443,Customer_1038,Male,23,Mumbai,Maharashtra,West,Fashion,Jeans,3,1714.13,5.0,4885.27,Cash on Delivery,Delivered,399.08,5.0
ORD104406,2025-09-03,CUST1096,Customer_1339,Male,18,Mumbai,Maharashtra,West,Electronics,Headphones,1,809.53,20.0,647.62,Cash on Delivery,Delivered,83.44,3.8
ORD104407,2025-07-07,CUST1708,Customer_1391,Male,32,Kolkata,West Bengal,East,Home & Kitchen,Bedsheet,2,677.83,10.0,1220.09,Debit Card,Delivered,115.95,3.2
ORD104408,2025-06-26,CUST1374,Customer_1675,Male,31,Bhubaneswar,Odisha,East,Home & Kitchen,Dining Set,1,9588.23,0.0,9588.23,Credit Card,Delivered,1610.73,4.7
ORD104409,2025-05-07,CUST1380,Customer_1307,Male,29,Kolkata,West Bengal,East,Home & Kitchen,Air Fryer,3,12878.94,5.0,36704.98,UPI,Delivered,3033.17,3.8
ORD104410,2025-11-24,CUST1637,Customer_1727,Male,19,Mumbai,Maharashtra,West,Fashion,Shoes,3,2988.61,0.0,8965.83,UPI,Delivered,1062.32,3.2
ORD104411,2025-01-04,CUST1492,Customer_1448,Male,23,Chennai,Tamil Nadu,South,Fashion,T-Shirt,1,1536.69,10.0,1383.02,Debit Card,Delivered,225.59,2.7
ORD104412,2025-06-07,CUST1407,Customer_1535,Male,29,Gurugram,Haryana,North,Sports,Cricket Bat,1,5200.23,20.0,4160.18,UPI,Cancelled,314.54,5.0
ORD104413,2025-01-31,CUST1258,Customer_1269,Female,40,Bengaluru,Karnataka,South,Electronics,Laptop,1,37399.1,15.0,31789.23,Debit Card,Delivered,3206.74,4.0
ORD104414,2025-04-01,CUST1052,Customer_1798,Female,40,Kochi,Kerala,South,Fashion,Jacket,1,4551.6,20.0,3641.28,UPI,Delivered,610.21,4.2
ORD104415,2025-05-20,CUST1448,Customer_1138,Female,28,Kolkata,West Bengal,East,Electronics,Laptop,1,76583.36,5.0,72754.19,Credit Card,Cancelled,8275.79,4.8
ORD104416,2025-10-28,CUST1287,Customer_1293,Female,30,Hyderabad,Telangana,South,Fashion,Backpack,5,2159.67,15.0,9178.6,Credit Card,Delivered,1866.78,3.5
ORD104417,2025-11-30,CUST1492,Customer_1565,Female,21,Kolkata,West Bengal,East,Fashion,Jeans,2,1075.09,10.0,1935.16,Credit Card,Delivered,288.36,3.3
ORD104418,2025-02-04,CUST1035,Customer_1167,Female,18,New Delhi,Delhi,North,Sports,Yoga Mat,1,1071.43,0.0,1071.43,Net Banking,Delivered,77.69,4.0
ORD104419,2025-12-29,CUST1738,Customer_1637,Female,21,Panaji,Goa,West,Beauty,Shampoo,2,648.37,25.0,972.56,UPI,Delivered,58.43,4.7
ORD104420,2025-10-30,CUST1011,Customer_1061,Male,29,Hyderabad,Telangana,South,Fashion,Shoes,1,6063.39,5.0,5760.22,UPI,Delivered,1218.14,4.2
ORD104421,2025-04-20,CUST1763,Customer_1194,Female,29,Ranchi,Jharkhand,East,Home & Kitchen,Mixer Grinder,1,6838.39,0.0,6838.39,UPI,Delivered,513.94,2.9
ORD104422,2025-02-16,CUST1795,Customer_1658,Male,39,Gurugram,Haryana,North,Fashion,T-Shirt,3,475.82,20.0,1141.97,Debit Card,Shipped,187.83,5.0
ORD104423,2025-06-14,CUST1676,Customer_1032,Male,32,Lucknow,Uttar Pradesh,North,Home & Kitchen,Bedsheet,3,2392.69,25.0,5383.55,Credit Card,Delivered,680.7,2.4
ORD104424,2025-01-20,CUST1096,Customer_1357,Female,35,Patna,Bihar,East,Fashion,Shoes,1,4673.33,15.0,3972.33,Net Banking,Delivered,781.92,2.8
ORD104425,2025-05-19,CUST1636,Customer_1304,Female,47,Ludhiana,Punjab,North,Beauty,Shampoo,1,1157.19,10.0,1041.47,UPI,Returned,102.99,4.0
ORD104426,2025-06-16,CUST1043,Customer_1412,Male,27,Bhubaneswar,Odisha,East,Electronics,Laptop,1,54035.11,25.0,40526.33,Debit Card,Delivered,8119.61,4.6
ORD104427,2025-01-03,CUST1654,Customer_1675,Male,34,Kolkata,West Bengal,East,Electronics,Tablet,4,49632.75,20.0,158824.8,UPI,Shipped,19668.37,4.1
ORD104428,2025-11-18,CUST1654,Customer_1138,Female,24,Lucknow,Uttar Pradesh,North,Fashion,Jeans,1,1245.22,5.0,1182.96,UPI,Delivered,113.78,3.9
ORD104429,2025-06-21,CUST1718,Customer_1219,Male,34,Bengaluru,Karnataka,South,Fashion,Backpack,2,1896.22,0.0,3792.44,Net Banking,Delivered,654.42,3.5
ORD104430,2025-01-14,CUST1788,Customer_1301,Male,25,Kochi,Kerala,South,Beauty,Shampoo,2,412.75,5.0,784.22,Credit Card,Delivered,96.33,3.8
ORD104431,2025-07-21,CUST1263,Customer_1550,Male,37,Bhubaneswar,Odisha,East,Electronics,Smartwatch,2,2223.55,15.0,3780.04,Cash on Delivery,Cancelled,707.91,3.9
ORD104432,2025-07-25,CUST1539,Customer_1286,Female,38,Hyderabad,Telangana,South,Electronics,Laptop,5,53531.43,10.0,240891.44,UPI,Returned,52192.52,4.8
ORD104433,2025-03-24,CUST1664,Customer_1104,Female,25,New Delhi,Delhi,North,Electronics,Headphones,5,7236.52,15.0,30755.21,Debit Card,Delivered,1951.22,3.7
ORD104434,2025-06-04,CUST1645,Customer_1579,Female,45,Hyderabad,Telangana,South,Fashion,Jeans,1,987.61,25.0,740.71,Credit Card,Delivered,72.51,4.4
ORD104435,2025-02-25,CUST1059,Customer_1400,Female,36,Ahmedabad,Gujarat,West,Beauty,Face Wash,1,465.19,15.0,395.41,UPI,Delivered,64.94,3.4
ORD104436,2025-06-02,CUST1793,Customer_1035,Male,43,Lucknow,Uttar Pradesh,North,Sports,Yoga Mat,1,1475.95,15.0,1254.56,Net Banking,Shipped,111.07,3.6
ORD104437,2025-04-18,CUST1141,Customer_1727,Female,21,Ludhiana,Punjab,North,Home & Kitchen,Cookware Set,1,4748.19,0.0,4748.19,UPI,Delivered,718.21,3.8
ORD104438,2025-07-14,CUST1293,Customer_1236,Female,36,Kochi,Kerala,South,Home & Kitchen,Bedsheet,3,898.07,10.0,2424.79,Debit Card,Returned,186.7,4.0
ORD104439,2025-03-27,CUST1017,Customer_1703,Female,37,Kolkata,West Bengal,East,Beauty,Shampoo,1,256.3,10.0,230.67,Debit Card,Delivered,39.48,3.5
ORD104440,2025-09-25,CUST1668,Customer_1514,Male,36,Mumbai,Maharashtra,West,Electronics,Smartwatch,1,3778.83,10.0,3400.95,UPI,Delivered,303.12,4.0
ORD104441,2025-02-07,CUST1256,Customer_1234,Female,36,Ludhiana,Punjab,North,Electronics,Tablet,1,43681.52,20.0,34945.22,UPI,Delivered,3692.77,
ORD104442,2025-06-29,CUST1222,Customer_1370,Female,23,Gurugram,Haryana,North,Beauty,Moisturizer,2,1366.19,5.0,2595.76,UPI,Delivered,376.44,5.0
ORD104443,2025-05-11,CUST1565,Customer_1595,Female,37,Bengaluru,Karnataka,South,Fashion,Shoes,1,3339.08,0.0,3339.08,Credit Card,Delivered,333.79,3.5
ORD104444,2025-05-07,CUST1041,Customer_1702,Female,29,Patna,Bihar,East,Electronics,Smartwatch,1,7880.85,5.0,7486.81,Net Banking,Cancelled,1346.83,3.9
ORD104445,2025-02-08,CUST1195,Customer_1498,Female,29,Lucknow,Uttar Pradesh,North,Fashion,Jeans,2,2112.88,20.0,3380.61,Credit Card,Delivered,377.22,4.1
ORD104446,2025-10-05,CUST1453,Customer_1457,Male,28,Panaji,Goa,West,Electronics,Laptop,1,80076.55,25.0,60057.41,UPI,Delivered,5343.77,3.8
ORD104447,2025-07-06,CUST1453,Customer_1682,Male,32,Patna,Bihar,East,Electronics,Tablet,1,35483.24,5.0,33709.08,UPI,Delivered,6996.41,4.0
ORD104448,2025-03-11,CUST1682,Customer_1398,Male,39,New Delhi,Delhi,North,Fashion,Shoes,1,2818.41,20.0,2254.73,Cash on Delivery,Delivered,318.45,3.9
ORD104449,2025-11-11,CUST1127,Customer_1456,Female,42,Hyderabad,Telangana,South,Electronics,Laptop,1,56021.13,20.0,44816.9,Cash on Delivery,Delivered,7996.71,3.3
ORD104450,2025-07-05,CUST1395,Customer_1747,Male,20,Bengaluru,Karnataka,South,Home & Kitchen,Cookware Set,1,6617.47,15.0,5624.85,Credit Card,Cancelled,778.69,4.3
ORD104451,2025-02-22,CUST1754,Customer_1287,Female,29,Lucknow,Uttar Pradesh,North,Beauty,Moisturizer,1,727.62,10.0,654.86,Net Banking,Delivered,77.53,4.7
ORD104452,2025-04-22,CUST1248,Customer_1758,Male,40,Jaipur,Rajasthan,North,Electronics,Smartphone,3,47639.52,10.0,128626.7,Debit Card,Delivered,12936.59,4.4
ORD104453,2025-07-07,CUST1438,Customer_1044,Female,25,Gurugram,Haryana,North,Electronics,Smartphone,1,22793.72,15.0,19374.66,UPI,Delivered,2896.3,5.0
ORD104454,2025-09-11,CUST1733,Customer_1761,Female,23,Kolkata,West Bengal,East,Electronics,Smartwatch,2,7616.28,15.0,12947.68,Debit Card,Delivered,2432.87,4.1
ORD104455,2025-07-27,CUST1296,Customer_1707,Female,26,Mumbai,Maharashtra,West,Home & Kitchen,Cookware Set,1,3219.47,10.0,2897.52,Debit Card,Delivered,622.94,3.4
ORD104456,2025-01-20,CUST1003,Customer_1413,Female,30,Chennai,Tamil Nadu,South,Electronics,Headphones,2,7729.05,5.0,14685.19,Cash on Delivery,Cancelled,2671.72,3.4
ORD104457,2025-01-23,CUST1053,Customer_1042,Female,35,Jaipur,Rajasthan,North,Fashion,Jeans,1,2955.67,10.0,2660.1,UPI,Delivered,428.84,4.3
ORD104458,2025-11-18,CUST1068,Customer_1525,Male,29,Gurugram,Haryana,North,Electronics,Laptop,5,42763.66,5.0,203127.39,Net Banking,Delivered,28053.17,4.5
ORD104459,2025-05-19,CUST1793,Customer_1173,Female,28,Gurugram,Haryana,North,Electronics,Smartphone,1,25103.97,10.0,22593.57,UPI,Delivered,3727.53,4.6
ORD104460,2025-02-27,CUST1354,Customer_1752,Female,20,Gurugram,Haryana,North,Fashion,T-Shirt,3,945.26,10.0,2552.2,UPI,Delivered,236.37,4.0
ORD104461,2025-01-17,CUST1771,Customer_1396,Male,18,Lucknow,Uttar Pradesh,North,Sports,Yoga Mat,4,1763.6,5.0,6701.68,UPI,Delivered,1075.94,3.9
ORD104462,2025-07-23,CUST1045,Customer_1379,Male,45,Lucknow,Uttar Pradesh,North,Home & Kitchen,Bedsheet,2,632.41,5.0,1201.58,UPI,Delivered,200.05,3.8
ORD104463,2025-03-27,CUST1798,Customer_1589,Female,28,Bhubaneswar,Odisha,East,Fashion,Shoes,1,1499.16,15.0,1274.29,Cash on Delivery,Delivered,244.81,2.0
ORD104464,2025-01-09,CUST1182,Customer_1043,Female,20,Kochi,Kerala,South,Beauty,Perfume,1,4745.69,5.0,4508.41,Net Banking,Returned,600.55,3.5
ORD104465,2025-02-21,CUST1772,Customer_1118,Female,35,Gurugram,Haryana,North,Sports,Yoga Mat,1,577.34,10.0,519.61,Debit Card,Shipped,57.92,4.2
ORD104466,2025-12-04,CUST1422,Customer_1672,Male,46,Ludhiana,Punjab,North,Electronics,Laptop,1,72833.16,20.0,58266.53,UPI,Delivered,4050.5,3.1
ORD104467,2025-02-23,CUST1425,Customer_1556,Male,20,Panaji,Goa,West,Electronics,Tablet,2,43474.47,15.0,73906.6,UPI,Returned,12958.43,3.8
ORD104468,2025-02-11,CUST1446,Customer_1008,Male,40,Kolkata,West Bengal,East,Fashion,Shoes,1,5447.84,15.0,4630.66,UPI,Delivered,916.95,4.6
ORD104469,2025-01-12,CUST1618,Customer_1024,Female,30,Kolkata,West Bengal,East,Home & Kitchen,Mixer Grinder,2,7109.12,15.0,12085.5,Cash on Delivery,Returned,1783.47,4.2
ORD104470,2025-04-16,CUST1459,Customer_1206,Male,51,Lucknow,Uttar Pradesh,North,Beauty,Perfume,1,2852.57,15.0,2424.68,Credit Card,Cancelled,266.67,3.5
ORD104471,2025-11-04,CUST1012,Customer_1046,Female,21,Chennai,Tamil Nadu,South,Electronics,Smartwatch,1,3961.64,15.0,3367.39,UPI,Delivered,429.12,4.3
ORD104472,2025-09-12,CUST1291,Customer_1431,Female,35,Panaji,Goa,West,Electronics,Smartphone,5,61417.73,5.0,291734.22,Debit Card,Delivered,36945.86,3.7
ORD104473,2025-12-14,CUST1614,Customer_1290,Male,50,Jaipur,Rajasthan,North,Sports,Cricket Bat,3,7499.35,10.0,20248.25,Net Banking,Delivered,1482.82,3.6
ORD104474,2025-08-16,CUST1534,Customer_1215,Male,31,Ranchi,Jharkhand,East,Home & Kitchen,Mixer Grinder,1,8301.88,5.0,7886.79,Cash on Delivery,Delivered,984.88,3.9
ORD104475,2025-12-15,CUST1222,Customer_1442,Female,18,Panaji,Goa,West,Beauty,Shampoo,2,456.03,15.0,775.25,UPI,Delivered,156.85,2.6
ORD104476,2025-02-03,CUST1349,Customer_1452,Male,27,Ranchi,Jharkhand,East,Home & Kitchen,Cookware Set,1,3264.82,0.0,3264.82,UPI,Delivered,405.87,3.8
ORD104477,2025-08-09,CUST1002,Customer_1589,Male,30,Patna,Bihar,East,Home & Kitchen,Bedsheet,2,2359.91,15.0,4011.85,Debit Card,Delivered,451.68,2.7
ORD104478,2025-04-20,CUST1665,Customer_1405,Male,40,Bengaluru,Karnataka,South,Fashion,Shoes,1,3591.32,5.0,3411.75,UPI,Shipped,697.84,3.4
ORD104479,2025-11-10,CUST1681,Customer_1610,Female,25,Mumbai,Maharashtra,West,Electronics,Headphones,2,2679.47,10.0,4823.05,UPI,Delivered,767.88,4.2
ORD104480,2025-09-14,CUST1645,Customer_1645,Female,18,Patna,Bihar,East,Fashion,T-Shirt,1,1141.93,5.0,1084.83,Net Banking,Delivered,140.56,4.2
ORD104481,2025-04-15,CUST1299,Customer_1097,Female,24,Gurugram,Haryana,North,Fashion,Backpack,1,2110.28,5.0,2004.77,UPI,Delivered,439.68,4.0
ORD104482,2025-05-07,CUST1222,Customer_1331,Female,41,Lucknow,Uttar Pradesh,North,Fashion,Jeans,2,2078.08,15.0,3532.74,UPI,Shipped,630.9,4.0
ORD104483,2025-06-11,CUST1542,Customer_1089,Male,18,Gurugram,Haryana,North,Home & Kitchen,Mixer Grinder,2,8959.56,10.0,16127.21,UPI,Returned,1471.12,3.8
ORD104484,2025-03-15,CUST1499,Customer_1066,Male,26,Panaji,Goa,West,Sports,Yoga Mat,1,565.34,15.0,480.54,UPI,Delivered,52.48,4.2
ORD104485,2025-11-11,CUST1749,Customer_1750,Female,32,Ranchi,Jharkhand,East,Home & Kitchen,Cookware Set,4,6527.04,5.0,24802.75,UPI,Delivered,2560.56,3.0
ORD104486,2025-11-12,CUST1658,Customer_1319,Male,18,Hyderabad,Telangana,South,Electronics,Smartphone,1,11944.72,10.0,10750.25,Cash on Delivery,Delivered,1920.27,3.7
ORD104487,2025-06-05,CUST1037,Customer_1788,Male,48,Hyderabad,Telangana,South,Fashion,Jeans,2,1535.77,15.0,2610.81,Credit Card,Delivered,284.98,4.5
ORD104488,2025-12-29,CUST1563,Customer_1552,Male,25,Panaji,Goa,West,Electronics,Smartphone,1,64777.17,20.0,51821.74,Credit Card,Delivered,3266.25,2.4
ORD104489,2025-12-05,CUST1573,Customer_1135,Female,25,Chennai,Tamil Nadu,South,Sports,Dumbbells,1,1068.65,20.0,854.92,Net Banking,Shipped,57.17,3.0
ORD104490,2025-10-23,CUST1383,Customer_1618,Female,46,Ludhiana,Punjab,North,Sports,Cricket Bat,1,1687.07,5.0,1602.72,Credit Card,Shipped,223.25,2.7
ORD104491,2025-12-24,CUST1112,Customer_1724,Female,24,Ahmedabad,Gujarat,West,Home & Kitchen,Mixer Grinder,1,8364.45,15.0,7109.78,Credit Card,Delivered,1177.97,4.6
ORD104492,2025-01-10,CUST1152,Customer_1660,Female,30,Chennai,Tamil Nadu,South,Fashion,Backpack,1,789.35,5.0,749.88,Debit Card,Delivered,131.16,5.0
ORD104493,2025-05-17,CUST1563,Customer_1037,Female,29,Chennai,Tamil Nadu,South,Fashion,T-Shirt,1,537.89,0.0,537.89,Cash on Delivery,Delivered,69.49,4.3
ORD104494,2025-07-03,CUST1649,Customer_1387,Male,26,Bengaluru,Karnataka,South,Sports,Dumbbells,3,2495.91,5.0,7113.34,Debit Card,Delivered,548.62,3.8
ORD104495,2025-02-21,CUST1321,Customer_1578,Female,22,Gurugram,Haryana,North,Electronics,Laptop,2,64498.83,15.0,109648.01,Credit Card,Delivered,8328.26,
ORD104496,2025-09-16,CUST1639,Customer_1004,Male,32,Hyderabad,Telangana,South,Fashion,Jacket,1,1927.56,25.0,1445.67,UPI,Delivered,276.97,4.7
ORD104497,2025-04-30,CUST1788,Customer_1268,Female,28,Kochi,Kerala,South,Beauty,Makeup Kit,1,2975.96,15.0,2529.57,Net Banking,Delivered,482.29,3.6
ORD104498,2025-06-11,CUST1454,Customer_1133,Male,20,Bengaluru,Karnataka,South,Electronics,Smartwatch,2,7301.09,15.0,12411.85,Cash on Delivery,Delivered,1513.19,3.3
ORD104499,2025-07-20,CUST1265,Customer_1699,Female,24,Chennai,Tamil Nadu,South,Electronics,Smartwatch,4,14018.91,10.0,50468.08,Debit Card,Delivered,5585.6,2.8
ORD104500,2025-02-22,CUST1140,Customer_1648,Male,32,Hyderabad,Telangana,South,Beauty,Face Wash,1,420.96,15.0,357.82,Credit Card,Delivered,49.04,2.9
ORD104501,2025-01-15,CUST1781,Customer_1215,Male,23,Ranchi,Jharkhand,East,Electronics,Tablet,3,24146.62,10.0,65195.87,Credit Card,Delivered,6688.34,3.4
ORD104502,2025-03-26,CUST1613,Customer_1434,Male,29,New Delhi,Delhi,North,Electronics,Tablet,3,16078.07,10.0,43410.79,Cash on Delivery,Delivered,3332.6,3.2
ORD104503,2025-08-01,CUST1345,Customer_1559,Female,30,Bhubaneswar,Odisha,East,Home & Kitchen,Dining Set,2,12166.2,5.0,23115.78,Credit Card,Delivered,4960.19,3.8
ORD104504,2025-01-30,CUST1787,Customer_1679,Female,40,Kolkata,West Bengal,East,Fashion,Shoes,3,6265.67,15.0,15977.46,Debit Card,Delivered,1453.93,3.0
ORD104505,2025-05-07,CUST1414,Customer_1206,Male,47,Ranchi,Jharkhand,East,Electronics,Tablet,3,35658.93,0.0,106976.79,Net Banking,Delivered,18517.01,4.2
ORD104506,2025-09-10,CUST1332,Customer_1201,Male,31,Bengaluru,Karnataka,South,Fashion,Backpack,1,836.8,5.0,794.96,Credit Card,Delivered,151.38,4.6
ORD104507,2025-07-27,CUST1338,Customer_1213,Male,27,,Goa,West,Home & Kitchen,Bedsheet,1,1782.43,5.0,1693.31,Credit Card,Delivered,230.29,3.9
ORD104508,2025-03-16,CUST1264,Customer_1602,Female,18,New Delhi,Delhi,North,Beauty,Makeup Kit,4,2517.8,15.0,8560.52,UPI,Returned,976.55,4.6
ORD104509,2025-12-28,CUST1195,Customer_1156,Male,33,Ahmedabad,Gujarat,West,Electronics,Headphones,2,7046.34,25.0,10569.51,Net Banking,Delivered,798.26,4.3
ORD104510,2025-07-12,CUST1400,Customer_1579,Female,33,New Delhi,Delhi,North,Sports,Dumbbells,1,4698.77,10.0,4228.89,Credit Card,Shipped,526.35,3.6
ORD104511,2025-05-21,CUST1670,Customer_1201,Female,33,Bhubaneswar,Odisha,East,Home & Kitchen,Air Fryer,1,6286.12,20.0,5028.9,Net Banking,Delivered,939.17,4.3
ORD104512,2025-01-05,CUST1699,Customer_1248,Female,37,Lucknow,Uttar Pradesh,North,Beauty,Shampoo,2,1023.08,0.0,2046.16,Debit Card,Delivered,360.93,3.2
ORD104513,2025-11-07,CUST1414,Customer_1794,Female,26,Mumbai,Maharashtra,West,Electronics,Smartphone,3,48615.0,20.0,116676.0,Credit Card,Delivered,9704.11,4.7
ORD104514,2025-11-07,CUST1310,Customer_1105,Female,27,Ranchi,Jharkhand,East,Electronics,Headphones,1,1419.04,10.0,1277.14,Cash on Delivery,Delivered,83.94,4.4
ORD104515,2025-05-15,CUST1196,Customer_1743,Male,31,Mumbai,Maharashtra,West,Electronics,Smartwatch,2,14419.7,10.0,25955.46,Credit Card,Delivered,2940.63,4.0
ORD104516,2025-12-04,CUST1465,Customer_1230,Female,39,Bengaluru,Karnataka,South,Electronics,Smartwatch,3,12044.86,5.0,34327.85,Net Banking,Delivered,5312.55,3.5
ORD104517,2025-06-07,CUST1069,Customer_1294,Female,22,Gurugram,Haryana,North,Electronics,Laptop,2,88073.6,20.0,140917.76,Cash on Delivery,Delivered,16125.85,5.0
ORD104518,2025-03-25,CUST1229,Customer_1250,Male,26,Kolkata,West Bengal,East,Sports,Football,1,1691.25,10.0,1522.12,UPI,Delivered,260.46,4.4
ORD104519,2025-03-07,CUST1464,Customer_1069,Female,18,Bhubaneswar,Odisha,East,Electronics,Smartwatch,1,2423.31,10.0,2180.98,Net Banking,Cancelled,384.84,3.2
ORD104520,2025-04-24,CUST1594,Customer_1726,Male,30,Kochi,Kerala,South,Electronics,Laptop,5,57889.93,15.0,246032.2,Debit Card,Delivered,44295.41,4.1
ORD104521,2025-02-21,CUST1709,Customer_1390,Male,32,Jaipur,Rajasthan,North,Electronics,Smartphone,2,34487.65,15.0,58629.0,UPI,Delivered,10596.0,4.6
ORD104522,2025-02-04,CUST1420,Customer_1262,Male,26,Hyderabad,Telangana,South,Sports,Running Shoes,2,8891.8,5.0,16894.42,Cash on Delivery,Cancelled,1755.77,3.9
ORD104523,2025-12-15,CUST1232,Customer_1443,Female,56,Panaji,Goa,West,Sports,Cricket Bat,3,6899.49,15.0,17593.7,Debit Card,Delivered,2957.78,4.4
ORD104524,2025-09-11,CUST1427,Customer_1579,Female,36,Bhubaneswar,Odisha,East,Electronics,Laptop,2,85904.31,0.0,171808.62,Credit Card,Delivered,26731.69,4.2
ORD104525,2025-01-27,CUST1591,Customer_1403,Male,45,Jaipur,Rajasthan,North,Fashion,Shoes,2,2403.6,5.0,4566.84,Credit Card,Delivered,994.72,3.7
ORD104526,2025-03-08,CUST1285,Customer_1181,Male,21,New Delhi,Delhi,North,Beauty,Moisturizer,1,1270.43,15.0,1079.87,Debit Card,Delivered,229.73,4.8
ORD104527,2025-02-17,CUST1688,Customer_1347,Male,36,Chennai,Tamil Nadu,South,Electronics,Laptop,2,78385.27,15.0,133254.96,UPI,Delivered,22324.14,4.0
ORD104528,2025-09-29,CUST1712,Customer_1594,Male,18,Panaji,Goa,West,Beauty,Face Wash,4,764.1,5.0,2903.58,UPI,Shipped,223.5,3.1
ORD104529,2025-08-27,CUST1567,Customer_1492,Male,27,Mumbai,Maharashtra,West,Fashion,Shoes,4,1701.56,10.0,6125.62,UPI,Shipped,843.25,3.3
ORD104530,2025-03-12,CUST1529,Customer_1102,Male,27,Kolkata,West Bengal,East,Sports,Football,1,1254.6,15.0,1066.41,UPI,Delivered,199.83,4.6
ORD104531,2025-02-01,CUST1174,Customer_1365,Female,34,Bengaluru,Karnataka,South,Electronics,Tablet,2,27441.35,5.0,52138.56,Credit Card,Delivered,6576.25,4.6
ORD104532,2025-08-27,CUST1047,Customer_1278,Female,47,Patna,Bihar,East,Electronics,Tablet,1,35224.24,10.0,31701.82,Credit Card,Delivered,6803.27,3.9
ORD104533,2025-06-18,CUST1578,Customer_1268,Female,27,Jaipur,Rajasthan,North,Home & Kitchen,Cookware Set,1,5036.52,15.0,4281.04,Credit Card,Delivered,526.56,4.4
ORD104534,2025-05-25,CUST1354,Customer_1702,Female,44,Patna,Bihar,East,Fashion,Shoes,1,5824.91,5.0,5533.66,UPI,Delivered,1060.53,4.0
ORD104535,2025-02-04,CUST1672,Customer_1639,Male,39,Bhubaneswar,Odisha,East,Fashion,Jeans,3,1780.23,20.0,4272.55,Credit Card,Cancelled,300.74,4.4
ORD104536,2025-02-24,CUST1730,Customer_1217,Female,34,Chennai,Tamil Nadu,South,Home & Kitchen,Mixer Grinder,4,8677.37,10.0,31238.53,Net Banking,Delivered,5052.32,4.6
ORD104537,2025-02-18,CUST1670,Customer_1265,Male,41,Panaji,Goa,West,Sports,Running Shoes,1,8358.13,15.0,7104.41,Credit Card,Delivered,445.54,4.8
ORD104538,2025-03-21,CUST1309,Customer_1269,Female,26,Ranchi,Jharkhand,East,Electronics,Headphones,4,6307.82,15.0,21446.59,UPI,Delivered,2462.72,3.6
ORD104539,2025-04-05,CUST1701,Customer_1318,Female,29,Ludhiana,Punjab,North,Electronics,Tablet,1,35846.84,0.0,35846.84,Credit Card,Shipped,2854.29,4.2
ORD104540,2025-12-27,CUST1027,Customer_1310,Male,38,Bengaluru,Karnataka,South,Electronics,Laptop,1,50132.09,10.0,45118.88,Credit Card,Shipped,7569.86,4.8
ORD104541,2025-08-05,CUST1336,Customer_1146,Female,31,Kolkata,West Bengal,East,Beauty,Makeup Kit,2,2044.92,5.0,3885.35,Credit Card,Delivered,522.45,4.2
ORD104542,2025-07-10,CUST1104,Customer_1247,Male,27,Chennai,Tamil Nadu,South,Sports,Dumbbells,5,1088.45,0.0,5442.25,UPI,Delivered,617.06,4.2
ORD104543,2025-05-10,CUST1560,Customer_1462,Female,31,Kolkata,West Bengal,East,Electronics,Smartphone,2,32015.41,10.0,57627.74,Debit Card,Returned,12614.9,3.8
ORD104544,2025-07-10,CUST1747,Customer_1018,Male,22,Hyderabad,Telangana,South,Home & Kitchen,Cookware Set,3,5029.1,5.0,14332.93,UPI,Returned,2365.9,4.5
ORD104545,2025-12-30,CUST1138,Customer_1605,Female,18,Ludhiana,Punjab,North,Electronics,Laptop,1,52060.03,5.0,49457.03,UPI,Delivered,6590.19,3.6
ORD104546,2025-12-01,CUST1574,Customer_1366,Female,43,Panaji,Goa,West,Beauty,Moisturizer,1,886.01,15.0,753.11,UPI,Delivered,76.69,4.4
ORD104547,2025-12-05,CUST1530,Customer_1372,Female,42,Chennai,Tamil Nadu,South,Electronics,Smartphone,1,53942.35,10.0,48548.11,UPI,Delivered,10628.95,5.0
ORD104548,2025-10-26,CUST1319,Customer_1767,Female,22,Chennai,Tamil Nadu,South,Electronics,Smartphone,2,32239.21,10.0,58030.58,Credit Card,Delivered,8633.38,4.9
ORD104549,2025-03-30,CUST1767,Customer_1209,Female,50,Ahmedabad,Gujarat,West,Home & Kitchen,Dining Set,1,11243.24,5.0,10681.08,Credit Card,Delivered,2322.48,4.7
ORD104550,2025-10-24,CUST1718,Customer_1105,Male,23,Ahmedabad,Gujarat,West,Electronics,Headphones,2,4242.51,20.0,6788.02,UPI,Delivered,1268.39,4.2
ORD104551,2025-08-30,CUST1676,Customer_1523,Female,37,Kochi,Kerala,South,Beauty,Perfume,1,2115.81,0.0,2115.81,Credit Card,Delivered,260.35,2.6
ORD104552,2025-05-08,CUST1351,Customer_1631,Female,23,Patna,Bihar,East,Electronics,Tablet,3,24358.69,10.0,65768.46,Net Banking,Delivered,12683.6,3.2
ORD104553,2025-07-04,CUST1259,Customer_1402,Male,18,Bhubaneswar,Odisha,East,Electronics,Laptop,3,83326.73,0.0,249980.19,Cash on Delivery,Delivered,41532.52,3.8
ORD104554,2025-06-21,CUST1356,Customer_1153,Male,39,New Delhi,Delhi,North,Fashion,Backpack,1,2796.56,10.0,2516.9,UPI,Delivered,314.45,4.4
ORD104555,2025-04-24,CUST1446,Customer_1318,Male,45,Kochi,Kerala,South,Home & Kitchen,Mixer Grinder,4,4649.18,10.0,16737.05,Credit Card,Shipped,3618.89,4.7
ORD104556,2025-05-17,CUST1779,Customer_1235,Female,25,Jaipur,Rajasthan,North,Fashion,Jeans,1,1434.26,10.0,1290.83,UPI,Shipped,280.0,3.3
ORD104557,2025-04-06,CUST1550,Customer_1148,Female,36,Jaipur,Rajasthan,North,Fashion,Jeans,1,2231.32,10.0,2008.19,Cash on Delivery,Cancelled,229.28,4.1
ORD104558,2025-11-14,CUST1193,Customer_1523,Male,41,Mumbai,Maharashtra,West,Home & Kitchen,Dining Set,1,7972.34,0.0,7972.34,UPI,Delivered,571.09,4.2
ORD104559,2025-01-19,CUST1423,Customer_1754,Male,27,Ranchi,Jharkhand,East,Home & Kitchen,Cookware Set,1,6123.07,20.0,4898.46,Cash on Delivery,Delivered,688.77,4.0
ORD104560,2025-07-17,CUST1306,Customer_1064,Female,35,Panaji,Goa,West,Home & Kitchen,Cookware Set,3,4501.95,15.0,11479.97,Credit Card,Delivered,2395.18,3.9
ORD104561,2025-08-26,CUST1781,Customer_1711,Male,32,Kolkata,West Bengal,East,Beauty,Face Wash,2,318.98,10.0,574.16,Debit Card,Delivered,89.01,4.3
ORD104562,2025-01-30,CUST1759,Customer_1492,Female,24,Ludhiana,Punjab,North,Electronics,Smartphone,1,21939.59,10.0,19745.63,Debit Card,Delivered,3350.28,3.4
ORD104563,2025-10-04,CUST1710,Customer_1310,Female,20,Mumbai,Maharashtra,West,Home & Kitchen,Mixer Grinder,1,8321.2,15.0,7073.02,Cash on Delivery,Shipped,1262.92,3.9
ORD104564,2025-06-20,CUST1045,Customer_1554,Male,37,Ahmedabad,Gujarat,West,Fashion,Jeans,1,2579.34,15.0,2192.44,Credit Card,Delivered,314.87,4.4
ORD104565,2025-12-26,CUST1026,Customer_1651,Female,38,Mumbai,Maharashtra,West,Fashion,Backpack,1,2279.42,10.0,2051.48,Debit Card,Delivered,187.68,3.8
ORD104566,2025-03-06,CUST1317,Customer_1330,Male,25,Ahmedabad,Gujarat,West,Electronics,Laptop,1,79454.93,20.0,63563.94,Cash on Delivery,Delivered,9054.88,3.9
ORD104567,2025-07-29,CUST1620,Customer_1341,Male,35,Jaipur,Rajasthan,North,Home & Kitchen,Mixer Grinder,1,7741.68,5.0,7354.6,UPI,Delivered,945.42,4.7
ORD104568,2025-08-01,CUST1072,Customer_1262,Male,36,Jaipur,Rajasthan,North,Electronics,Smartwatch,1,3333.88,15.0,2833.8,Credit Card,Shipped,311.22,4.4
ORD104569,2025-09-25,CUST1092,Customer_1697,Female,31,Lucknow,Uttar Pradesh,North,Electronics,Smartwatch,2,13555.74,20.0,21689.18,UPI,Returned,2861.4,3.9
ORD104570,2025-08-17,CUST1366,Customer_1467,Other,50,Mumbai,Maharashtra,West,Home & Kitchen,Dining Set,1,7687.03,15.0,6533.98,Cash on Delivery,Delivered,1353.43,3.9
ORD104571,2025-02-04,CUST1381,Customer_1610,Male,28,Kochi,Kerala,South,Electronics,Smartwatch,1,11002.78,15.0,9352.36,Credit Card,Delivered,1299.08,3.1
ORD104572,2025-11-19,CUST1478,Customer_1547,Male,29,Hyderabad,Telangana,South,Fashion,Shoes,1,3471.82,15.0,2951.05,Cash on Delivery,Delivered,627.57,3.2
ORD104573,2025-07-10,CUST1772,Customer_1277,Female,26,Lucknow,Uttar Pradesh,North,Home & Kitchen,Cookware Set,1,5672.61,20.0,4538.09,UPI,Delivered,774.41,3.4
ORD104574,2025-07-10,CUST1217,Customer_1245,Female,22,Ludhiana,Punjab,North,Home & Kitchen,Dining Set,2,6746.78,15.0,11469.53,Credit Card,Delivered,2301.97,4.0
ORD104575,2025-01-22,CUST1209,Customer_1476,Female,41,Chennai,Tamil Nadu,South,Electronics,Smartphone,2,62971.13,5.0,119645.15,UPI,Delivered,15328.98,3.2
ORD104576,2025-08-28,CUST1505,Customer_1013,Male,26,Kolkata,West Bengal,East,Electronics,Laptop,4,86682.04,10.0,312055.34,Credit Card,Delivered,61077.21,3.9
ORD104577,2025-08-05,CUST1542,Customer_1248,Male,31,New Delhi,Delhi,North,Fashion,T-Shirt,1,695.1,10.0,625.59,Cash on Delivery,Delivered,37.82,4.0
ORD104578,2025-05-14,CUST1354,Customer_1442,Male,18,Kolkata,West Bengal,East,Electronics,Smartphone,2,29438.09,5.0,55932.37,Cash on Delivery,Delivered,6101.84,5.0
ORD104579,2025-10-09,CUST1622,Customer_1144,Male,47,Chennai,Tamil Nadu,South,Electronics,Headphones,2,5523.8,20.0,8838.08,Cash on Delivery,Cancelled,1237.37,4.3
ORD104580,2025-03-03,CUST1721,Customer_1208,Male,31,Bengaluru,Karnataka,South,Fashion,Jacket,2,4166.99,20.0,6667.18,UPI,Delivered,1341.21,3.5
ORD104581,2025-07-18,CUST1037,Customer_1015,Female,28,Bengaluru,Karnataka,South,Fashion,T-Shirt,3,543.86,10.0,1468.42,UPI,Delivered,321.85,5.0
ORD104582,2025-11-28,CUST1539,Customer_1090,Male,30,Mumbai,Maharashtra,West,Home & Kitchen,Mixer Grinder,3,8691.55,5.0,24770.92,Credit Card,Shipped,3608.21,3.4
ORD104583,2025-02-05,CUST1577,Customer_1033,Male,20,Kolkata,West Bengal,East,Electronics,Smartwatch,2,7560.78,20.0,12097.25,UPI,Delivered,2214.61,4.4
ORD104584,2025-06-08,CUST1268,Customer_1069,Female,46,Jaipur,Rajasthan,North,Fashion,Shoes,3,3900.94,,9362.26,UPI,Delivered,615.31,3.7
ORD104585,2025-06-18,CUST1172,Customer_1272,Female,22,Ranchi,Jharkhand,East,Home & Kitchen,Air Fryer,2,11989.83,15.0,20382.71,Debit Card,Returned,2250.22,3.8
ORD104586,2025-04-30,CUST1562,Customer_1041,Female,24,Ahmedabad,Gujarat,West,Fashion,Jeans,1,2736.17,5.0,2599.36,UPI,Delivered,412.75,4.8
ORD104587,2025-10-07,CUST1027,Customer_1291,Female,18,Mumbai,Maharashtra,West,Beauty,Face Wash,3,517.57,15.0,1319.8,Debit Card,Delivered,157.16,3.7
ORD104588,2025-09-01,CUST1746,Customer_1365,Male,18,Chennai,Tamil Nadu,South,Sports,Cricket Bat,1,6300.75,15.0,5355.64,UPI,Delivered,1115.53,4.3
ORD104589,2025-06-06,CUST1158,Customer_1395,Male,37,Ahmedabad,Gujarat,West,Beauty,Face Wash,1,890.82,10.0,801.74,Net Banking,Delivered,132.9,3.5
ORD104590,2025-11-21,CUST1143,Customer_1306,Female,27,Ranchi,Jharkhand,East,Home & Kitchen,Bedsheet,1,2252.32,0.0,2252.32,UPI,Delivered,256.78,3.7
ORD104591,2025-09-04,CUST1128,Customer_1619,Female,38,Chennai,Tamil Nadu,South,Beauty,Shampoo,1,748.99,0.0,748.99,Debit Card,Delivered,138.16,5.0
ORD104592,2025-11-07,CUST1111,Customer_1763,Male,30,Bhubaneswar,Odisha,East,Sports,Cricket Bat,3,4157.23,15.0,10600.94,Debit Card,Delivered,2066.64,4.2
ORD104593,2025-03-21,CUST1423,Customer_1477,Other,32,Chennai,Tamil Nadu,South,Beauty,Face Wash,4,636.46,10.0,2291.26,Net Banking,Delivered,416.33,4.1
ORD104594,2025-03-19,CUST1361,Customer_1791,Female,39,Jaipur,Rajasthan,North,Home & Kitchen,Dining Set,2,16321.57,20.0,26114.51,Net Banking,Cancelled,2099.92,4.8
ORD104595,2025-09-01,CUST1421,Customer_1002,Male,33,Ahmedabad,Gujarat,West,Sports,Dumbbells,2,2617.94,10.0,4712.29,Debit Card,Delivered,594.37,4.3
ORD104596,2025-02-23,CUST1771,Customer_1076,Male,18,Ahmedabad,Gujarat,West,Electronics,Laptop,3,81892.73,0.0,245678.19,UPI,Cancelled,25211.14,3.1
ORD104597,2025-02-17,CUST1124,Customer_1151,Male,42,Bengaluru,Karnataka,South,Electronics,Tablet,1,40397.34,25.0,30298.0,Cash on Delivery,Delivered,6627.04,3.1
ORD104598,2025-06-18,CUST1005,Customer_1325,Female,24,Patna,Bihar,East,Fashion,Jeans,2,2057.83,20.0,3292.53,Net Banking,Delivered,379.82,4.9
ORD104599,2025-01-05,CUST1445,Customer_1508,Male,19,New Delhi,Delhi,North,Beauty,Face Wash,1,852.58,5.0,809.95,Cash on Delivery,Returned,174.64,3.8
ORD104600,2025-01-20,CUST1355,Customer_1554,Female,33,Ranchi,Jharkhand,East,Home & Kitchen,Mixer Grinder,1,8843.35,10.0,7959.02,Debit Card,Delivered,1298.71,4.4
ORD104601,2025-07-22,CUST1244,Customer_1637,Male,29,Ranchi,Jharkhand,East,Electronics,Headphones,3,6437.63,10.0,17381.6,Cash on Delivery,Cancelled,2167.71,4.9
ORD104602,2025-11-19,CUST1788,Customer_1193,Female,31,Ludhiana,Punjab,North,Electronics,Smartwatch,2,12092.87,15.0,20557.88,Net Banking,Delivered,3687.02,4.0
ORD104603,2025-12-30,CUST1117,Customer_1462,Male,40,Hyderabad,Telangana,South,Sports,Dumbbells,1,2650.74,10.0,2385.67,Debit Card,Delivered,453.01,4.9
ORD104604,2025-06-06,CUST1051,Customer_1120,Male,34,Kolkata,West Bengal,East,Sports,Yoga Mat,1,1351.72,20.0,1081.38,UPI,Delivered,82.31,2.6
ORD104605,2025-09-20,CUST1385,Customer_1696,Female,39,Bengaluru,Karnataka,South,Electronics,Smartphone,1,43636.1,15.0,37090.68,UPI,Delivered,3831.94,3.6
ORD104606,2025-07-09,CUST1074,Customer_1501,Male,18,Gurugram,Haryana,North,Home & Kitchen,Dining Set,1,9549.88,0.0,9549.88,Debit Card,Shipped,900.45,3.0
ORD104607,2025-11-25,CUST1179,Customer_1127,Male,41,Ranchi,Jharkhand,East,Sports,Football,2,2451.13,5.0,4657.15,Net Banking,Delivered,578.99,3.6
ORD104608,2025-06-18,CUST1331,Customer_1349,Male,31,Kolkata,West Bengal,East,Home & Kitchen,Air Fryer,3,4173.79,10.0,11269.23,UPI,Delivered,2291.09,4.2
ORD104609,2025-11-02,CUST1571,Customer_1356,Female,43,,Karnataka,South,Electronics,Laptop,3,60630.26,5.0,172796.24,UPI,Delivered,18701.08,3.5
ORD104610,2025-01-01,CUST1678,Customer_1538,Male,46,Hyderabad,Telangana,South,Sports,Football,1,1363.49,25.0,1022.62,Credit Card,Delivered,204.68,4.2
ORD104611,2025-04-26,CUST1770,Customer_1330,Female,28,Kolkata,West Bengal,East,Home & Kitchen,Cookware Set,2,2395.33,20.0,3832.53,Net Banking,Delivered,735.45,3.7
ORD104612,2025-01-03,CUST1791,Customer_1329,Female,20,Hyderabad,Telangana,South,Fashion,Shoes,2,6302.82,10.0,11345.08,Net Banking,Delivered,2187.29,4.5
ORD104613,2025-04-29,CUST1109,Customer_1723,Male,29,Lucknow,Uttar Pradesh,North,Electronics,Tablet,2,41470.27,10.0,74646.49,Credit Card,Delivered,14435.36,4.2
ORD104614,2025-01-16,CUST1753,Customer_1168,Male,40,New Delhi,Delhi,North,Electronics,Laptop,1,58875.14,20.0,47100.11,UPI,Delivered,7374.48,4.8
ORD104615,2025-06-17,CUST1130,Customer_1585,Male,35,Lucknow,Uttar Pradesh,North,Home & Kitchen,Air Fryer,3,11267.44,5.0,32112.2,UPI,Delivered,5432.77,4.2
ORD104616,2025-06-09,CUST1415,Customer_1573,Male,33,Panaji,Goa,West,Electronics,Tablet,1,44863.44,5.0,42620.27,Cash on Delivery,Delivered,5149.71,4.8
ORD104617,2025-09-30,CUST1456,Customer_1225,Male,18,New Delhi,Delhi,North,Fashion,T-Shirt,1,791.39,10.0,712.25,UPI,Delivered,101.77,3.9
ORD104618,2025-07-08,CUST1122,Customer_1044,Female,39,Kolkata,West Bengal,East,Fashion,Backpack,1,1715.33,15.0,1458.03,Credit Card,Delivered,256.28,5.0
ORD104619,2025-07-24,CUST1097,Customer_1397,Female,25,Kochi,Kerala,South,Home & Kitchen,Air Fryer,1,9527.58,10.0,8574.82,UPI,Delivered,1582.25,4.2
ORD104620,2025-04-17,CUST1601,Customer_1090,Male,32,Kochi,Kerala,South,Electronics,Smartwatch,1,14229.63,20.0,11383.7,Credit Card,Delivered,1255.78,3.2
ORD104621,2025-04-28,CUST1322,Customer_1516,Female,31,Hyderabad,Telangana,South,Home & Kitchen,Mixer Grinder,1,3519.81,20.0,2815.85,Cash on Delivery,Returned,472.55,3.2
ORD104622,2025-01-13,CUST1127,Customer_1758,Male,26,Bengaluru,Karnataka,South,Electronics,Tablet,1,34020.2,5.0,32319.19,Net Banking,Cancelled,7070.1,3.5
ORD104623,2025-05-14,CUST1213,Customer_1099,Female,28,Gurugram,Haryana,North,Home & Kitchen,Cookware Set,3,4628.15,20.0,11107.56,Cash on Delivery,Delivered,1009.38,5.0
ORD104624,2025-03-29,CUST1426,Customer_1576,Female,32,Bengaluru,Karnataka,South,Fashion,Backpack,2,2045.86,10.0,3682.55,Net Banking,Shipped,669.71,3.0
ORD104625,2025-01-05,CUST1023,Customer_1697,Female,34,Bengaluru,Karnataka,South,Home & Kitchen,Bedsheet,2,2038.44,5.0,3873.04,UPI,Returned,769.13,3.8
ORD104626,2025-12-25,CUST1199,Customer_1653,Male,39,Bengaluru,Karnataka,South,Electronics,Smartphone,1,65988.11,5.0,62688.7,Net Banking,Delivered,11201.19,3.6
ORD104627,2025-01-18,CUST1664,Customer_1637,Male,23,Chennai,Tamil Nadu,South,Electronics,Tablet,1,34455.49,10.0,31009.94,Credit Card,Shipped,2555.45,4.1
ORD104628,2025-07-24,CUST1271,Customer_1182,Female,37,Jaipur,Rajasthan,North,Electronics,Tablet,1,19330.71,5.0,18364.17,Cash on Delivery,Delivered,2514.79,3.9
ORD104629,2025-05-05,CUST1209,Customer_1715,Male,19,Bengaluru,Karnataka,South,Electronics,Laptop,1,64661.13,5.0,61428.07,Credit Card,Delivered,13108.1,3.8
ORD104630,2025-04-14,CUST1365,Customer_1241,Male,30,Patna,Bihar,East,Fashion,T-Shirt,1,562.71,15.0,478.3,Debit Card,Delivered,87.82,3.3
ORD104631,2025-09-10,CUST1575,Customer_1044,Female,27,Patna,Bihar,East,Home & Kitchen,Dining Set,1,7937.96,5.0,7541.06,UPI,Delivered,1493.34,2.9
ORD104632,2025-03-02,CUST1244,Customer_1415,Male,21,Ranchi,Jharkhand,East,Sports,Running Shoes,1,2680.24,0.0,2680.24,UPI,Shipped,301.08,4.4
ORD104633,2025-02-04,CUST1169,Customer_1394,Male,42,Ranchi,Jharkhand,East,Fashion,Jacket,1,5467.0,20.0,4373.6,Cash on Delivery,Shipped,757.93,3.6
ORD104634,2025-01-05,CUST1307,Customer_1353,Female,35,Lucknow,Uttar Pradesh,North,Electronics,Smartphone,5,37501.98,25.0,140632.43,UPI,Delivered,28281.1,4.4
ORD104635,2025-07-17,CUST1023,Customer_1700,Female,33,Ranchi,Jharkhand,East,Electronics,Laptop,1,48376.82,15.0,41120.3,Credit Card,Shipped,5517.93,5.0
ORD104636,2025-02-01,CUST1748,Customer_1753,Female,31,Mumbai,Maharashtra,West,Beauty,Makeup Kit,3,2270.78,15.0,5790.49,UPI,Delivered,929.34,5.0
ORD104637,2025-01-25,CUST1061,Customer_1336,Female,21,Ranchi,Jharkhand,East,Electronics,Smartwatch,1,9124.01,10.0,8211.61,Net Banking,Delivered,574.18,3.4
ORD104638,2025-05-07,CUST1409,Customer_1565,Female,25,Lucknow,Uttar Pradesh,North,Fashion,Shoes,2,6314.69,20.0,10103.5,UPI,Delivered,2106.33,3.6
ORD104639,2025-02-19,CUST1609,Customer_1764,Female,33,Ranchi,Jharkhand,East,Fashion,Shoes,1,1767.47,5.0,1679.1,Net Banking,Returned,196.49,3.7
ORD104640,2025-04-23,CUST1572,Customer_1318,Male,45,Kochi,Kerala,South,Electronics,Tablet,3,13720.74,10.0,37046.0,Net Banking,Cancelled,2504.23,3.4
ORD104641,2025-03-04,CUST1303,Customer_1325,Male,30,Ludhiana,Punjab,North,Home & Kitchen,Cookware Set,1,3634.89,0.0,3634.89,UPI,Delivered,273.12,3.9
ORD104642,2025-05-06,CUST1642,Customer_1299,Male,38,Lucknow,Uttar Pradesh,North,Fashion,Jacket,1,3809.13,0.0,3809.13,Net Banking,Delivered,758.86,4.5
ORD104643,2025-06-09,CUST1119,Customer_1089,Male,44,Kochi,Kerala,South,Electronics,Laptop,3,45170.86,25.0,101634.44,UPI,Delivered,19976.85,3.9
ORD104644,2025-08-16,CUST1192,Customer_1646,Male,47,Jaipur,Rajasthan,North,Fashion,Jacket,3,3443.29,5.0,9813.38,Debit Card,Delivered,894.62,4.4
ORD104645,2025-02-22,CUST1521,Customer_1641,Male,33,Lucknow,Uttar Pradesh,North,Sports,Dumbbells,1,4084.7,20.0,3267.76,Cash on Delivery,Delivered,698.23,3.8
ORD104646,2025-07-14,CUST1040,Customer_1703,Female,27,Bhubaneswar,Odisha,East,Sports,Football,3,2754.96,10.0,7438.39,UPI,Delivered,1586.85,4.6
ORD104647,2025-03-27,CUST1742,Customer_1503,Male,25,Hyderabad,Telangana,South,Sports,Yoga Mat,1,1825.58,0.0,1825.58,Credit Card,Cancelled,164.95,4.7
ORD104648,2025-02-13,CUST1717,Customer_1799,Female,19,Chennai,Tamil Nadu,South,Sports,Cricket Bat,2,6284.5,5.0,11940.55,Net Banking,Delivered,1327.21,4.0
ORD104649,2025-10-03,CUST1221,Customer_1591,Male,47,Mumbai,Maharashtra,West,Home & Kitchen,Cookware Set,1,2733.35,25.0,2050.01,UPI,Delivered,347.63,5.0
ORD104650,2025-08-02,CUST1081,Customer_1735,Male,40,Ranchi,Jharkhand,East,Home & Kitchen,Dining Set,2,14969.08,10.0,26944.34,Net Banking,Delivered,5899.08,4.3
ORD104651,2025-11-07,CUST1607,Customer_1125,Male,48,Patna,Bihar,East,Beauty,Shampoo,1,682.67,15.0,580.27,UPI,Delivered,127.52,4.9
ORD104652,2025-09-07,CUST1456,Customer_1224,Male,31,Patna,Bihar,East,Fashion,Shoes,2,6403.41,10.0,11526.14,Net Banking,Delivered,1920.03,4.2
ORD104653,2025-02-25,CUST1356,Customer_1112,Male,18,Bhubaneswar,Odisha,East,Electronics,Smartwatch,2,6551.35,5.0,12447.57,UPI,Delivered,1701.45,4.2
ORD104654,2025-08-29,CUST1410,Customer_1124,Male,29,Ludhiana,Punjab,North,Electronics,Smartwatch,1,11716.0,0.0,11716.0,Cash on Delivery,Delivered,1425.57,2.8
ORD104655,2025-08-22,CUST1562,Customer_1334,Female,27,Mumbai,Maharashtra,West,Sports,Football,1,671.7,0.0,671.7,Net Banking,Shipped,100.2,4.2
ORD104656,2025-07-08,CUST1097,Customer_1304,Male,29,Ahmedabad,Gujarat,West,Beauty,Makeup Kit,2,1106.99,5.0,2103.28,Cash on Delivery,Delivered,386.32,4.3
ORD104657,2025-03-14,CUST1174,Customer_1753,Male,19,Mumbai,Maharashtra,West,Fashion,T-Shirt,1,1569.52,15.0,1334.09,UPI,Delivered,212.78,3.4
ORD104658,2025-12-19,CUST1228,Customer_1277,Female,20,Panaji,Goa,West,Fashion,Shoes,3,1375.31,5.0,3919.63,Credit Card,Delivered,331.24,4.4
ORD104659,2025-06-03,CUST1634,Customer_1188,Male,18,Chennai,Tamil Nadu,South,Home & Kitchen,Mixer Grinder,1,6384.32,5.0,6065.1,Cash on Delivery,Delivered,1105.28,3.7
ORD104660,2025-04-06,CUST1313,Customer_1185,Female,26,Panaji,Goa,West,Fashion,Backpack,5,2751.84,20.0,11007.36,Credit Card,Delivered,726.46,3.5
ORD104661,2025-10-23,CUST1699,Customer_1484,Female,18,Mumbai,Maharashtra,West,Beauty,Face Wash,1,589.36,20.0,471.49,UPI,Delivered,65.6,4.8
ORD104662,2025-07-31,CUST1224,Customer_1522,Female,31,Mumbai,Maharashtra,West,Sports,Cricket Bat,3,7044.99,15.0,17964.72,Credit Card,Delivered,3574.24,4.7
ORD104663,2025-07-19,CUST1426,Customer_1620,Male,31,Kochi,Kerala,South,Home & Kitchen,Cookware Set,1,1967.3,10.0,1770.57,UPI,Delivered,363.86,4.4
ORD104664,2025-11-28,CUST1771,Customer_1156,Female,35,Mumbai,Maharashtra,West,Sports,Running Shoes,1,5430.93,10.0,4887.84,Credit Card,Delivered,669.41,2.8
ORD104665,2025-06-19,CUST1668,Customer_1451,Male,28,Jaipur,Rajasthan,North,Home & Kitchen,Air Fryer,4,14763.59,20.0,47243.49,Cash on Delivery,Delivered,6615.56,
ORD104666,2025-08-18,CUST1587,Customer_1701,Male,36,Jaipur,Rajasthan,North,Electronics,Smartphone,1,26355.86,15.0,22402.48,Credit Card,Delivered,3307.73,4.1
ORD104667,2025-05-07,CUST1317,Customer_1296,Female,59,New Delhi,Delhi,North,Fashion,Jeans,2,909.15,0.0,1818.3,Debit Card,Returned,287.02,4.8
ORD104668,2025-03-17,CUST1493,Customer_1245,Female,25,Gurugram,Haryana,North,Home & Kitchen,Dining Set,2,12866.17,10.0,23159.11,Cash on Delivery,Delivered,1437.82,4.3
ORD104669,2025-12-12,CUST1140,Customer_1536,Male,29,Patna,Bihar,East,Sports,Yoga Mat,1,1879.36,15.0,1597.46,Credit Card,Delivered,108.66,4.5
ORD104670,2025-02-03,CUST1137,Customer_1316,Female,18,Bengaluru,Karnataka,South,Beauty,Moisturizer,1,1643.3,15.0,1396.8,Credit Card,Delivered,220.17,4.5
ORD104671,2025-07-27,CUST1062,Customer_1764,Male,44,Mumbai,Maharashtra,West,Fashion,Backpack,1,1229.59,15.0,1045.15,Credit Card,Delivered,213.12,4.0
ORD104672,2025-12-15,CUST1565,Customer_1673,Male,43,Gurugram,Haryana,North,Home & Kitchen,Air Fryer,1,4609.7,15.0,3918.24,Net Banking,Delivered,614.21,5.0
ORD104673,2025-03-19,CUST1402,Customer_1148,Female,35,Ludhiana,Punjab,North,Sports,Football,3,2681.78,10.0,7240.81,Credit Card,Delivered,1514.01,3.6
ORD104674,2025-03-06,CUST1026,Customer_1197,Male,25,New Delhi,Delhi,North,Beauty,Moisturizer,2,1029.76,25.0,1544.64,UPI,Returned,201.24,3.6
ORD104675,2025-11-12,CUST1419,Customer_1656,Female,28,Ludhiana,Punjab,North,Electronics,Smartwatch,3,13437.88,25.0,30235.23,Credit Card,Delivered,6313.62,4.2
ORD104676,2025-05-21,CUST1800,Customer_1470,Male,41,Panaji,Goa,West,Electronics,Tablet,1,33638.88,10.0,30274.99,UPI,Delivered,4458.64,4.9
ORD104677,2025-05-12,CUST1300,Customer_1530,Female,40,Kochi,Kerala,South,Fashion,Shoes,1,4847.01,0.0,4847.01,Cash on Delivery,Delivered,673.5,4.9
ORD104678,2025-02-08,CUST1120,Customer_1567,Male,36,Jaipur,Rajasthan,North,Beauty,Perfume,2,4707.99,10.0,8474.38,UPI,Returned,1798.94,4.6
ORD104679,2025-12-11,CUST1669,Customer_1767,Female,51,Ranchi,Jharkhand,East,Home & Kitchen,Air Fryer,5,6032.77,20.0,24131.08,Credit Card,Delivered,4024.18,3.6
ORD104680,2025-02-26,CUST1067,Customer_1028,Female,23,Patna,Bihar,East,Electronics,Smartphone,1,48625.43,0.0,48625.43,Credit Card,Delivered,4136.44,4.1
ORD104681,2025-08-11,CUST1715,Customer_1459,Female,28,Bengaluru,Karnataka,South,Beauty,Shampoo,1,1094.47,20.0,875.58,Debit Card,Delivered,60.08,4.7
ORD104682,2025-05-01,CUST1374,Customer_1341,Female,43,Bengaluru,Karnataka,South,Home & Kitchen,Air Fryer,3,12345.49,5.0,35184.65,Debit Card,Delivered,6341.26,3.8
ORD104683,2025-12-15,CUST1210,Customer_1160,Female,32,Kochi,Kerala,South,Electronics,Smartwatch,3,7362.46,15.0,18774.27,Net Banking,Delivered,2229.33,4.1
ORD104684,2025-06-21,CUST1437,Customer_1637,Male,33,Jaipur,Rajasthan,North,Home & Kitchen,Air Fryer,2,8666.44,5.0,16466.24,UPI,Delivered,1656.66,3.2
ORD104685,2025-04-27,CUST1785,Customer_1398,Female,29,Hyderabad,Telangana,South,Electronics,Smartwatch,1,12179.6,20.0,9743.68,Credit Card,Delivered,1341.66,4.8
ORD104686,2025-01-09,CUST1544,Customer_1202,Female,27,Mumbai,Maharashtra,West,Sports,Yoga Mat,1,911.36,10.0,820.22,UPI,Delivered,54.55,3.7
ORD104687,2025-12-03,CUST1432,Customer_1125,Male,42,New Delhi,Delhi,North,Sports,Football,4,2786.49,25.0,8359.47,UPI,Delivered,890.69,5.0
ORD104688,2025-01-19,CUST1645,Customer_1695,Female,18,Chennai,Tamil Nadu,South,Fashion,Jeans,1,2994.28,5.0,2844.57,UPI,Delivered,197.28,3.9
ORD104689,2025-08-18,CUST1309,Customer_1349,Female,19,Mumbai,Maharashtra,West,Fashion,T-Shirt,1,1638.94,0.0,1638.94,Debit Card,Shipped,248.34,3.8
ORD104690,2025-11-16,CUST1537,Customer_1456,Male,33,Bhubaneswar,Odisha,East,Electronics,Tablet,1,48098.02,5.0,45693.12,Debit Card,Cancelled,9150.07,3.4
ORD104691,2025-12-24,CUST1536,Customer_1249,Male,21,New Delhi,Delhi,North,Fashion,Jacket,1,3042.41,10.0,2738.17,UPI,Delivered,506.3,3.4
ORD104692,2025-05-22,CUST1427,Customer_1130,Male,38,Panaji,Goa,West,Electronics,Smartphone,1,26864.34,20.0,21491.47,UPI,Delivered,1309.74,3.4
ORD104693,2025-08-22,CUST1242,Customer_1542,Male,49,Chennai,Tamil Nadu,South,Fashion,Jeans,2,2400.03,15.0,4080.05,UPI,Delivered,552.23,4.0
ORD104694,2025-07-05,CUST1169,Customer_1173,Male,18,Chennai,Tamil Nadu,South,Fashion,Jacket,5,3038.39,15.0,12913.16,Debit Card,Delivered,1048.3,3.2
ORD104695,2025-02-15,CUST1413,Customer_1543,Female,24,Chennai,Tamil Nadu,South,Home & Kitchen,Dining Set,1,7344.39,0.0,7344.39,UPI,Delivered,1430.7,2.9
ORD104696,2025-12-15,CUST1663,Customer_1593,Male,36,Bengaluru,Karnataka,South,Fashion,Shoes,1,6392.06,15.0,5433.25,UPI,Delivered,663.34,5.0
ORD104697,2025-08-20,CUST1680,Customer_1299,Male,37,Mumbai,Maharashtra,West,Electronics,Laptop,3,46539.16,20.0,111693.98,UPI,Delivered,12378.23,3.8
ORD104698,2025-01-27,CUST1259,Customer_1564,Female,34,Bhubaneswar,Odisha,East,Fashion,Backpack,1,1894.49,5.0,1799.77,Cash on Delivery,Delivered,129.14,4.3
ORD104699,2025-12-11,CUST1432,Customer_1344,Male,33,New Delhi,Delhi,North,Sports,Yoga Mat,1,892.13,15.0,758.31,UPI,Delivered,158.03,3.2
ORD104700,2025-12-23,CUST1145,Customer_1181,Male,36,Kochi,Kerala,South,Electronics,Laptop,1,35109.14,0.0,35109.14,Net Banking,Delivered,2953.11,2.5
ORD104701,2025-06-17,CUST1557,Customer_1339,Male,38,Mumbai,Maharashtra,West,Home & Kitchen,Bedsheet,1,2047.17,20.0,1637.74,Cash on Delivery,Delivered,154.25,3.6
ORD104702,2025-02-26,CUST1085,Customer_1157,Male,25,Gurugram,Haryana,North,Fashion,Shoes,3,1511.52,15.0,3854.38,UPI,Returned,794.06,3.3
ORD104703,2025-01-20,CUST1558,Customer_1102,Male,38,Jaipur,Rajasthan,North,Beauty,Perfume,1,4236.7,10.0,3813.03,Cash on Delivery,Delivered,744.34,4.1
ORD104704,2025-04-03,CUST1531,Customer_1670,Male,19,Mumbai,Maharashtra,West,Fashion,Backpack,5,2493.2,5.0,11842.7,Net Banking,Cancelled,2505.24,4.0
ORD104705,2025-06-12,CUST1240,Customer_1117,Male,28,Hyderabad,Telangana,South,Fashion,Jacket,4,4631.18,5.0,17598.48,UPI,Shipped,3797.98,4.8
ORD104706,2025-03-16,CUST1790,Customer_1513,Female,38,Panaji,Goa,West,Sports,Yoga Mat,3,851.59,5.0,2427.03,Debit Card,Delivered,318.06,4.2
ORD104707,2025-09-27,CUST1250,Customer_1164,Female,25,Mumbai,Maharashtra,West,Beauty,Face Wash,2,641.14,10.0,1154.05,UPI,Delivered,168.25,3.8
ORD104708,2025-06-01,CUST1671,Customer_1474,Male,36,Panaji,Goa,West,Beauty,Face Wash,1,301.3,0.0,301.3,Net Banking,Delivered,34.95,3.9
ORD104709,2025-11-29,CUST1435,Customer_1754,Male,23,Ranchi,Jharkhand,East,Fashion,Backpack,1,1490.4,20.0,1192.32,Debit Card,Delivered,78.99,3.4
ORD104710,2025-06-07,CUST1485,Customer_1613,Female,25,Ranchi,Jharkhand,East,Sports,Running Shoes,1,2258.18,15.0,1919.45,UPI,Delivered,270.81,4.3
ORD104711,2025-09-26,CUST1044,Customer_1465,Male,28,Patna,Bihar,East,Fashion,Jeans,2,1364.39,20.0,2183.02,Credit Card,Delivered,195.75,3.3
ORD104712,2025-03-16,CUST1338,Customer_1597,Female,30,Ahmedabad,Gujarat,West,Sports,Running Shoes,1,1873.73,10.0,1686.36,UPI,Shipped,101.71,3.6
ORD104713,2025-04-29,CUST1154,Customer_1008,Male,29,Lucknow,Uttar Pradesh,North,Sports,Cricket Bat,3,6393.91,10.0,17263.56,Debit Card,Delivered,3338.3,4.4
ORD104714,2025-05-17,CUST1364,Customer_1295,Female,28,Lucknow,Uttar Pradesh,North,Sports,Running Shoes,1,4598.36,10.0,4138.52,Cash on Delivery,Delivered,470.68,3.5
ORD104715,2025-11-02,CUST1392,Customer_1435,Female,25,Ranchi,Jharkhand,East,Sports,Football,1,838.85,5.0,796.91,UPI,Delivered,71.08,5.0
ORD104716,2025-03-17,CUST1643,Customer_1152,Female,27,Hyderabad,Telangana,South,Home & Kitchen,Mixer Grinder,1,3082.63,10.0,2774.37,UPI,Delivered,426.93,4.8
ORD104717,2025-08-09,CUST1174,Customer_1238,Male,30,Jaipur,Rajasthan,North,Electronics,Smartwatch,1,2699.99,10.0,2429.99,Debit Card,Delivered,196.37,3.4
ORD104718,2025-09-17,CUST1557,Customer_1244,Male,24,Hyderabad,Telangana,South,Electronics,Tablet,3,25763.05,0.0,77289.15,Cash on Delivery,Delivered,14277.85,4.2
ORD104719,2025-05-21,CUST1054,Customer_1539,Female,37,Ahmedabad,Gujarat,West,Fashion,Jeans,2,2437.2,10.0,4386.96,Credit Card,Delivered,520.42,4.4
ORD104720,2025-10-16,CUST1236,Customer_1749,Female,25,Ludhiana,Punjab,North,Electronics,Tablet,2,41083.49,20.0,65733.58,UPI,Delivered,12364.29,5.0
ORD104721,2025-08-21,CUST1760,Customer_1218,Male,33,Patna,Bihar,East,Fashion,Backpack,2,843.75,25.0,1265.62,Credit Card,Delivered,224.9,3.2
ORD104722,2025-12-01,CUST1089,Customer_1516,Male,18,Ahmedabad,Gujarat,West,Beauty,Moisturizer,1,799.3,0.0,799.3,Debit Card,Delivered,72.1,3.6
ORD104723,2025-02-25,CUST1692,Customer_1281,Female,41,Ludhiana,Punjab,North,Electronics,Smartphone,4,13672.38,10.0,49220.57,Net Banking,Delivered,6144.62,3.5
ORD104724,2025-07-22,CUST1424,Customer_1197,Male,44,Kolkata,West Bengal,East,Sports,Cricket Bat,1,2574.32,15.0,2188.17,UPI,Returned,134.17,3.1
ORD104725,2025-04-02,CUST1613,Customer_1606,Female,25,Ludhiana,Punjab,North,Sports,Running Shoes,3,2080.91,15.0,5306.32,Net Banking,Delivered,405.92,3.5
ORD104726,2025-11-11,CUST1435,Customer_1190,Male,35,Chennai,Tamil Nadu,South,Fashion,Jeans,1,1538.9,15.0,1308.07,Cash on Delivery,Delivered,188.41,3.7
ORD104727,2025-04-25,CUST1699,Customer_1007,Female,30,Lucknow,Uttar Pradesh,North,Sports,Yoga Mat,2,2147.12,15.0,3650.1,Net Banking,Delivered,382.37,4.4
ORD104728,2025-04-06,CUST1319,Customer_1389,Male,29,Ahmedabad,Gujarat,West,Electronics,Smartphone,2,53080.81,0.0,106161.62,Credit Card,Delivered,7016.32,3.6
ORD104729,2025-10-20,CUST1710,Customer_1390,Male,22,Ludhiana,Punjab,North,Fashion,Backpack,1,2233.88,15.0,1898.8,Credit Card,Shipped,135.61,3.6
ORD104730,2025-01-04,CUST1771,Customer_1620,Female,30,Ranchi,Jharkhand,East,Electronics,Laptop,1,74438.48,10.0,66994.63,Debit Card,Delivered,8500.25,3.3
ORD104731,2025-08-25,CUST1525,Customer_1675,Female,37,New Delhi,Delhi,North,Electronics,Smartphone,2,35308.27,20.0,56493.23,Cash on Delivery,Delivered,6351.64,3.3
ORD104732,2025-04-30,CUST1420,Customer_1286,Other,27,Hyderabad,Telangana,South,Fashion,Backpack,1,1609.22,20.0,1287.38,Cash on Delivery,Delivered,104.17,3.3
ORD104733,2025-05-25,CUST1160,Customer_1307,Male,38,Patna,Bihar,East,Electronics,Smartwatch,1,7640.03,15.0,6494.03,UPI,Delivered,1320.45,4.7
ORD104734,2025-08-26,CUST1059,Customer_1299,Female,34,Panaji,Goa,West,Beauty,Perfume,4,1681.55,10.0,6053.58,UPI,Delivered,387.1,4.8
ORD104735,2025-05-24,CUST1609,Customer_1779,Male,22,Gurugram,Haryana,North,Beauty,Face Wash,1,281.14,15.0,238.97,Net Banking,Delivered,28.92,2.6
ORD104736,2025-07-28,CUST1531,Customer_1070,Male,26,Kolkata,West Bengal,East,Electronics,Laptop,3,75331.49,5.0,214694.75,UPI,Delivered,14187.0,4.0
ORD104737,2025-03-16,CUST1205,Customer_1596,Female,39,Mumbai,Maharashtra,West,Fashion,Shoes,1,5697.24,20.0,4557.79,Debit Card,Delivered,928.71,3.9
ORD104738,2025-05-01,CUST1226,Customer_1383,Female,18,Patna,Bihar,East,Fashion,T-Shirt,1,1226.82,15.0,1042.8,UPI,Delivered,197.19,5.0
ORD104739,2025-09-01,CUST1427,Customer_1542,Female,32,Chennai,Tamil Nadu,South,Electronics,Headphones,1,1003.59,15.0,853.05,Debit Card,Delivered,163.34,3.9
ORD104740,2025-10-20,CUST1756,Customer_1562,Female,24,Ranchi,Jharkhand,East,Sports,Cricket Bat,1,5483.28,10.0,4934.95,Cash on Delivery,Cancelled,327.06,4.5
ORD104741,2025-11-07,CUST1506,Customer_1185,Female,30,Chennai,Tamil Nadu,South,Fashion,Jeans,1,2531.27,15.0,2151.58,Debit Card,Returned,353.2,4.2
ORD104742,2025-10-17,CUST1194,Customer_1465,Male,36,Panaji,Goa,West,Beauty,Shampoo,2,1100.71,15.0,1871.21,Net Banking,Shipped,153.0,4.3
ORD104743,2025-04-19,CUST1594,Customer_1444,Female,31,Hyderabad,Telangana,South,Beauty,Face Wash,2,437.82,5.0,831.86,Cash on Delivery,Delivered,59.22,4.2
ORD104744,2025-02-11,CUST1202,Customer_1572,Male,19,Ranchi,Jharkhand,East,Sports,Dumbbells,3,1580.33,5.0,4503.94,UPI,Delivered,794.51,4.6
ORD104745,2025-08-31,CUST1667,Customer_1318,Male,18,Mumbai,Maharashtra,West,Electronics,Headphones,1,7416.79,0.0,7416.79,Net Banking,Delivered,1601.98,2.7
ORD104746,2025-01-23,CUST1520,Customer_1214,Female,42,Gurugram,Haryana,North,Home & Kitchen,Bedsheet,3,2434.89,10.0,6574.2,Debit Card,Delivered,1334.2,5.0
ORD104747,2025-06-06,CUST1788,Customer_1773,Male,20,Kolkata,West Bengal,East,Fashion,Jeans,1,2345.81,5.0,2228.52,Credit Card,Delivered,481.8,4.4
ORD104748,2025-04-01,CUST1442,Customer_1776,Male,31,Hyderabad,Telangana,South,Beauty,Moisturizer,2,1566.05,15.0,2662.28,UPI,Delivered,303.22,4.0
ORD104749,2025-12-25,CUST1014,Customer_1264,Female,21,Lucknow,Uttar Pradesh,North,Electronics,Smartwatch,1,2978.65,0.0,2978.65,UPI,Delivered,361.34,3.7
ORD104750,2025-10-22,CUST1445,Customer_1784,Female,27,Jaipur,Rajasthan,North,Electronics,Tablet,3,27932.4,25.0,62847.9,UPI,Shipped,6380.09,3.7
ORD104751,2025-10-18,CUST1139,Customer_1711,Male,24,Bhubaneswar,Odisha,East,Fashion,Shoes,2,4847.52,25.0,7271.28,Debit Card,Delivered,1141.68,4.0
ORD104752,2025-01-01,CUST1768,Customer_1034,Female,18,Chennai,Tamil Nadu,South,Home & Kitchen,Mixer Grinder,1,4526.24,10.0,4073.62,Credit Card,Delivered,425.61,3.6
ORD104753,2025-03-14,CUST1415,Customer_1233,Male,29,Ludhiana,Punjab,North,Electronics,Smartphone,1,65542.38,10.0,58988.14,UPI,Delivered,10262.19,4.5
ORD104754,2025-08-28,CUST1625,Customer_1379,Male,25,Mumbai,Maharashtra,West,Sports,Dumbbells,1,1552.07,0.0,1552.07,Cash on Delivery,Delivered,205.81,3.6
ORD104755,2025-09-11,CUST1339,Customer_1304,Male,31,Kochi,Kerala,South,Fashion,Backpack,1,2689.16,15.0,2285.79,UPI,Delivered,462.24,3.6
ORD104756,2025-03-05,CUST1364,Customer_1218,Male,42,Bengaluru,Karnataka,South,Fashion,Jeans,2,948.28,10.0,1706.9,Cash on Delivery,Delivered,180.34,4.6
ORD104757,2025-05-17,CUST1684,Customer_1139,Male,46,Hyderabad,Telangana,South,Fashion,Jacket,1,3379.32,10.0,3041.39,Cash on Delivery,Returned,452.52,4.2
ORD104758,2025-04-19,CUST1188,Customer_1747,Male,18,Patna,Bihar,East,Electronics,Tablet,1,39061.07,10.0,35154.96,Credit Card,Delivered,4527.32,4.9
ORD104759,2025-05-03,CUST1417,Customer_1496,Female,18,Gurugram,Haryana,North,Fashion,Backpack,3,1908.18,15.0,4865.86,UPI,Delivered,687.54,3.9
ORD104760,2025-02-14,CUST1218,Customer_1607,Male,38,Lucknow,Uttar Pradesh,North,Electronics,Laptop,1,68580.7,15.0,58293.59,Net Banking,Shipped,10002.03,3.7
ORD104761,2025-07-28,CUST1069,Customer_1063,Male,27,Kolkata,West Bengal,East,Sports,Dumbbells,2,2312.11,20.0,3699.38,UPI,Delivered,555.29,4.0
ORD104762,2025-03-03,CUST1767,Customer_1106,Male,25,Ahmedabad,Gujarat,West,Sports,Yoga Mat,1,2196.44,5.0,2086.62,UPI,Delivered,402.19,3.4
ORD104763,2025-06-25,CUST1019,Customer_1598,Male,34,Ranchi,Jharkhand,East,Home & Kitchen,Mixer Grinder,1,3269.93,10.0,2942.94,Net Banking,Delivered,537.47,2.9
ORD104764,2025-05-25,CUST1247,Customer_1129,Female,36,Kochi,Kerala,South,Sports,Yoga Mat,1,1014.72,15.0,862.51,Credit Card,Delivered,75.57,3.2
ORD104765,2025-04-07,CUST1191,Customer_1043,Male,36,Bengaluru,Karnataka,South,Electronics,Headphones,1,1611.42,5.0,1530.85,UPI,Delivered,118.7,4.5
ORD104766,2025-03-14,CUST1148,Customer_1421,Male,36,Kolkata,West Bengal,East,Fashion,Jacket,1,2161.0,10.0,1944.9,UPI,Delivered,174.01,3.9
ORD104767,2025-11-16,CUST1238,Customer_1415,Male,26,Chennai,Tamil Nadu,South,Sports,Cricket Bat,3,7886.49,20.0,18927.58,Credit Card,Delivered,3331.65,4.8
ORD104768,2025-08-26,CUST1463,Customer_1400,Male,27,Kochi,Kerala,South,Beauty,Perfume,2,4088.77,5.0,7768.66,Credit Card,Delivered,1573.72,5.0
ORD104769,2025-10-25,CUST1137,Customer_1448,Male,25,Jaipur,Rajasthan,North,Sports,Cricket Bat,1,1905.38,5.0,1810.11,Debit Card,Delivered,227.13,4.4
ORD104770,2025-02-27,CUST1548,Customer_1253,Male,24,Kolkata,West Bengal,East,Electronics,Tablet,1,20028.01,20.0,16022.41,Net Banking,Delivered,2956.96,4.1
ORD104771,2025-05-10,CUST1354,Customer_1641,Female,30,Ahmedabad,Gujarat,West,Fashion,Backpack,1,2583.04,15.0,2195.58,Credit Card,Delivered,146.21,4.2
ORD104772,2025-11-15,CUST1759,Customer_1532,Male,18,Ludhiana,Punjab,North,Electronics,Smartwatch,1,7673.62,15.0,6522.58,Debit Card,Delivered,1148.94,3.8
ORD104773,2025-08-21,CUST1493,Customer_1239,Female,30,Ahmedabad,Gujarat,West,Home & Kitchen,Dining Set,2,8769.28,5.0,16661.63,Cash on Delivery,Delivered,3022.01,4.6
ORD104774,2025-10-05,CUST1721,Customer_1459,Female,28,Mumbai,Maharashtra,West,Home & Kitchen,Bedsheet,2,1641.68,10.0,2955.02,UPI,Delivered,376.85,4.6
ORD104775,2025-03-30,CUST1222,Customer_1051,Male,22,Jaipur,Rajasthan,North,Electronics,Smartphone,3,49323.68,5.0,140572.49,UPI,Delivered,19654.8,3.5
ORD104776,2025-02-09,CUST1030,Customer_1297,Female,23,Gurugram,Haryana,North,Electronics,Headphones,4,3576.02,20.0,11443.26,UPI,Delivered,1959.41,3.3
ORD104777,2025-05-31,CUST1463,Customer_1011,Male,44,Bengaluru,Karnataka,South,Sports,Cricket Bat,1,1370.54,5.0,1302.01,UPI,Delivered,102.98,4.2
ORD104778,2025-02-19,CUST1348,Customer_1564,Male,18,Bengaluru,Karnataka,South,Electronics,Laptop,1,74618.33,20.0,59694.66,UPI,Delivered,7779.77,4.6
ORD104779,2025-10-25,CUST1270,Customer_1700,Female,31,New Delhi,Delhi,North,Electronics,Tablet,1,17756.34,5.0,16868.52,UPI,Delivered,2245.86,4.6
ORD104780,2025-01-16,CUST1629,Customer_1298,Female,41,Hyderabad,Telangana,South,Electronics,Headphones,2,6656.22,10.0,11981.2,Credit Card,Delivered,1916.99,3.4
ORD104781,2025-05-06,CUST1172,Customer_1683,Male,24,New Delhi,Delhi,North,Beauty,Face Wash,3,301.6,5.0,859.56,Cash on Delivery,Delivered,148.69,4.7
ORD104782,2025-04-16,CUST1097,Customer_1478,Male,18,Bhubaneswar,Odisha,East,Fashion,T-Shirt,1,486.38,15.0,413.42,UPI,Delivered,86.25,4.2
ORD104783,2025-07-31,CUST1632,Customer_1061,Female,24,Hyderabad,Telangana,South,Home & Kitchen,Mixer Grinder,1,6976.32,5.0,6627.5,UPI,Shipped,1299.74,3.3
ORD104784,2025-03-19,CUST1443,Customer_1776,Male,41,Hyderabad,Telangana,South,Fashion,T-Shirt,3,623.3,20.0,1495.92,UPI,Delivered,324.1,3.2
ORD104785,2025-08-31,CUST1291,Customer_1413,Female,19,Jaipur,Rajasthan,North,Beauty,Face Wash,2,483.71,5.0,919.05,Debit Card,Delivered,83.33,3.7
ORD104786,2025-04-30,CUST1138,Customer_1328,Male,37,Ludhiana,Punjab,North,Electronics,Laptop,1,84844.54,0.0,84844.54,Net Banking,Delivered,15432.04,3.3
ORD104787,2025-01-03,CUST1560,Customer_1136,Female,35,Chennai,Tamil Nadu,South,Fashion,Backpack,1,3131.07,5.0,2974.52,Debit Card,Cancelled,387.07,3.5
ORD104788,2025-01-20,CUST1021,Customer_1181,Female,23,New Delhi,Delhi,North,Electronics,Tablet,1,24864.69,5.0,23621.46,UPI,Delivered,3928.27,3.8
ORD104789,2025-03-14,CUST1662,Customer_1778,Male,48,Ludhiana,Punjab,North,Beauty,Moisturizer,2,1620.8,20.0,2593.28,Net Banking,Shipped,235.31,3.9
ORD104790,2025-05-09,CUST1203,Customer_1199,Male,32,Gurugram,Haryana,North,Home & Kitchen,Cookware Set,1,4561.63,20.0,3649.3,Net Banking,Delivered,689.09,4.7
ORD104791,2025-04-15,CUST1759,Customer_1457,Male,18,Ludhiana,Punjab,North,Fashion,Jacket,2,3400.15,20.0,5440.24,Debit Card,Delivered,1012.25,4.5
ORD104792,2025-04-02,CUST1234,Customer_1531,Male,35,Lucknow,Uttar Pradesh,North,Electronics,Laptop,1,64000.49,,51200.39,UPI,Delivered,10654.63,4.4
ORD104793,2025-02-19,CUST1794,Customer_1799,Female,28,Mumbai,Maharashtra,West,Fashion,Shoes,2,1827.41,0.0,3654.82,Credit Card,Delivered,697.25,4.4
ORD104794,2025-01-01,CUST1177,Customer_1325,Male,18,Gurugram,Haryana,North,Fashion,Shoes,1,4395.33,0.0,4395.33,UPI,Returned,598.8,3.4
ORD104795,2025-05-28,CUST1186,Customer_1688,Female,39,Bhubaneswar,Odisha,East,Electronics,Smartwatch,1,10309.55,10.0,9278.59,UPI,Delivered,1464.01,2.9
ORD104796,2025-05-16,CUST1628,Customer_1056,Female,28,Ludhiana,Punjab,North,Beauty,Perfume,1,3918.9,10.0,3527.01,Credit Card,Returned,620.87,4.1
ORD104797,2025-04-08,CUST1050,Customer_1796,Female,41,Lucknow,Uttar Pradesh,North,Electronics,Smartwatch,2,11956.44,5.0,22717.24,Credit Card,Delivered,3666.91,3.3
ORD104798,2025-06-22,CUST1593,Customer_1031,Female,26,Hyderabad,Telangana,South,Sports,Cricket Bat,1,3671.09,25.0,2753.32,Credit Card,Delivered,406.49,5.0
ORD104799,2025-04-27,CUST1239,Customer_1602,Male,30,Jaipur,Rajasthan,North,Electronics,Smartwatch,2,6460.73,5.0,12275.39,Cash on Delivery,Delivered,2541.78,4.6
ORD104800,2025-12-22,CUST1775,Customer_1683,Female,32,Chennai,Tamil Nadu,South,Beauty,Moisturizer,1,1485.49,5.0,1411.22,Debit Card,Delivered,174.13,2.4
ORD104801,2025-09-04,CUST1044,Customer_1065,Female,44,Kochi,Kerala,South,Fashion,Jacket,3,5323.97,15.0,13576.12,Debit Card,Shipped,2442.45,3.9
ORD104802,2025-08-26,CUST1346,Customer_1366,Female,27,Hyderabad,Telangana,South,Electronics,Tablet,1,45978.34,15.0,39081.59,Debit Card,Returned,8495.38,4.5
ORD104803,2025-04-22,CUST1215,Customer_1456,Male,29,Kochi,Kerala,South,Electronics,Tablet,1,32231.3,5.0,30619.73,Cash on Delivery,Delivered,3637.98,3.7
ORD104804,2025-10-06,CUST1450,Customer_1736,Female,29,Jaipur,Rajasthan,North,Sports,Cricket Bat,1,5422.14,0.0,5422.14,Credit Card,Delivered,844.99,4.6
ORD104805,2025-04-14,CUST1095,Customer_1570,Male,22,Chennai,Tamil Nadu,South,Electronics,Headphones,1,4792.2,5.0,4552.59,Credit Card,Delivered,904.7,3.5
ORD104806,2025-06-06,CUST1623,Customer_1261,Female,26,Kochi,Kerala,South,Electronics,Smartwatch,1,1944.48,5.0,1847.26,Credit Card,Cancelled,219.58,3.5
ORD104807,2025-10-08,CUST1388,Customer_1729,Male,29,Ludhiana,Punjab,North,Electronics,Smartwatch,2,12664.74,15.0,21530.06,Debit Card,Delivered,2985.5,3.9
ORD104808,2025-09-08,CUST1512,Customer_1711,Male,18,Chennai,Tamil Nadu,South,Electronics,Headphones,3,4461.95,0.0,13385.85,UPI,Delivered,2720.98,4.4
ORD104809,2025-02-14,CUST1434,Customer_1380,Male,39,Gurugram,Haryana,North,Beauty,Shampoo,1,769.31,15.0,653.91,Debit Card,Delivered,105.45,3.0
ORD104810,2025-05-09,CUST1246,Customer_1010,Male,31,Bhubaneswar,Odisha,East,Fashion,Jeans,1,1142.37,25.0,856.78,Debit Card,Delivered,183.15,3.2
ORD104811,2025-08-02,CUST1234,Customer_1012,Male,42,Gurugram,Haryana,North,Beauty,Makeup Kit,3,933.27,10.0,2519.83,Credit Card,Shipped,256.68,3.4
ORD104812,2025-07-30,CUST1664,Customer_1249,Female,41,Ahmedabad,Gujarat,West,Electronics,Tablet,4,37031.94,15.0,125908.6,Net Banking,Delivered,24084.35,4.2
ORD104813,2025-02-15,CUST1664,Customer_1136,Male,49,Lucknow,Uttar Pradesh,North,Electronics,Smartphone,2,64154.73,25.0,96232.1,UPI,Returned,15008.95,4.6
ORD104814,2025-04-21,CUST1117,Customer_1041,Male,18,Lucknow,Uttar Pradesh,North,Sports,Cricket Bat,5,2200.94,5.0,10454.47,Debit Card,Delivered,2099.49,3.3
ORD104815,2025-05-26,CUST1286,Customer_1199,Male,38,Panaji,Goa,West,Fashion,Shoes,1,1219.9,0.0,1219.9,Debit Card,Delivered,237.08,4.5
ORD104816,2025-09-19,CUST1295,Customer_1517,Female,43,Patna,Bihar,East,Fashion,T-Shirt,2,867.29,25.0,1300.93,UPI,Delivered,88.14,5.0
ORD104817,2025-03-27,CUST1790,Customer_1678,Male,24,Mumbai,Maharashtra,West,Beauty,Moisturizer,1,522.31,20.0,417.85,Credit Card,Delivered,76.92,4.1
ORD104818,2025-01-15,CUST1309,Customer_1229,Male,24,Jaipur,Rajasthan,North,Home & Kitchen,Air Fryer,2,10848.25,10.0,19526.85,UPI,Delivered,2830.67,3.5
ORD104819,2025-06-13,CUST1522,Customer_1411,Female,38,Ranchi,Jharkhand,East,Fashion,Jacket,2,5587.14,10.0,10056.85,Net Banking,Delivered,1014.46,3.7
ORD104820,2025-12-30,CUST1623,Customer_1213,Male,32,Bengaluru,Karnataka,South,Beauty,Face Wash,1,749.53,10.0,674.58,Credit Card,Shipped,75.34,4.3
ORD104821,2025-01-02,CUST1694,Customer_1778,Female,39,Patna,Bihar,East,Beauty,Shampoo,3,779.58,10.0,2104.87,Cash on Delivery,Delivered,362.47,4.6
ORD104822,2025-07-24,CUST1079,Customer_1528,Female,40,Patna,Bihar,East,Home & Kitchen,Air Fryer,5,13836.3,15.0,58804.28,UPI,Delivered,9908.83,5.0
ORD104823,2025-01-11,CUST1163,Customer_1417,Female,36,Hyderabad,Telangana,South,Beauty,Moisturizer,2,1688.41,10.0,3039.14,Debit Card,Delivered,488.76,3.9
ORD104824,2025-02-19,CUST1504,Customer_1681,Female,33,Chennai,Tamil Nadu,South,Electronics,Laptop,3,63980.97,20.0,153554.33,UPI,Delivered,14502.79,3.5
ORD104825,2025-02-06,CUST1533,Customer_1274,Female,22,Ahmedabad,Gujarat,West,Beauty,Perfume,1,1576.99,10.0,1419.29,Debit Card,Delivered,262.7,3.6
ORD104826,2025-03-28,CUST1615,Customer_1606,Female,26,Chennai,Tamil Nadu,South,Home & Kitchen,Air Fryer,1,4088.36,5.0,3883.94,Credit Card,Delivered,850.42,4.1
ORD104827,2025-11-21,CUST1432,Customer_1045,Female,48,Bhubaneswar,Odisha,East,Electronics,Smartwatch,1,3432.53,15.0,2917.65,Cash on Delivery,Delivered,296.69,2.6
ORD104828,2025-03-20,CUST1451,Customer_1787,Male,34,Panaji,Goa,West,Fashion,T-Shirt,1,1139.35,15.0,968.45,UPI,Delivered,73.45,2.6
ORD104829,2025-08-17,CUST1720,Customer_1284,Male,26,Hyderabad,Telangana,South,Electronics,Smartphone,2,60681.99,0.0,121363.98,Credit Card,Delivered,7857.42,4.9
ORD104830,2025-11-04,CUST1746,Customer_1512,Male,27,Kochi,Kerala,South,Home & Kitchen,Air Fryer,2,13482.98,15.0,22921.07,Net Banking,Delivered,1391.43,2.7
ORD104831,2025-04-01,CUST1616,Customer_1766,Other,29,Gurugram,Haryana,North,Sports,Running Shoes,3,8212.23,20.0,19709.35,UPI,Delivered,2039.4,3.0
ORD104832,2025-03-17,CUST1672,Customer_1518,Female,26,Kolkata,West Bengal,East,Fashion,T-Shirt,3,682.39,5.0,1944.81,UPI,Delivered,322.27,4.2
ORD104833,2025-09-16,CUST1753,Customer_1617,Female,28,Mumbai,Maharashtra,West,Electronics,Smartphone,1,11154.24,10.0,10038.82,UPI,Shipped,1065.46,3.2
ORD104834,2025-05-04,CUST1427,Customer_1586,Female,47,Jaipur,Rajasthan,North,Sports,Running Shoes,1,2372.73,15.0,2016.82,UPI,Delivered,336.22,3.4
ORD104835,2025-04-16,CUST1501,Customer_1665,Female,25,Lucknow,Uttar Pradesh,North,Fashion,Shoes,1,5398.97,20.0,4319.18,Net Banking,Delivered,872.44,4.3
ORD104836,2025-02-22,CUST1281,Customer_1538,Male,30,Bengaluru,Karnataka,South,Fashion,Backpack,4,2816.27,10.0,10138.57,Debit Card,Cancelled,1593.06,3.0
ORD104837,2025-12-15,CUST1032,Customer_1097,Male,31,Ahmedabad,Gujarat,West,Fashion,Jacket,2,2609.3,10.0,4696.74,UPI,Delivered,877.1,3.8
ORD104838,2025-09-08,CUST1066,Customer_1429,Male,22,Bengaluru,Karnataka,South,Home & Kitchen,Bedsheet,2,1793.12,15.0,3048.3,UPI,Shipped,631.28,5.0
ORD104839,2025-07-15,CUST1370,Customer_1275,Male,21,Lucknow,Uttar Pradesh,North,Fashion,Jacket,2,3060.53,10.0,5508.95,UPI,Delivered,426.09,5.0
ORD104840,2025-09-25,CUST1325,Customer_1404,Male,18,Patna,Bihar,East,Sports,Football,1,698.82,20.0,559.06,UPI,Delivered,107.33,3.6
ORD104841,2025-04-27,CUST1493,Customer_1444,Male,29,Kochi,Kerala,South,Beauty,Face Wash,1,518.41,5.0,492.49,Net Banking,Delivered,34.82,3.3
ORD104842,2025-12-28,CUST1793,Customer_1331,Male,24,Hyderabad,Telangana,South,Electronics,Smartwatch,1,14817.94,25.0,11113.45,UPI,Delivered,1836.92,4.5
ORD104843,2025-04-30,CUST1775,Customer_1197,Male,48,Hyderabad,Telangana,South,Electronics,Laptop,2,65192.72,10.0,117346.9,UPI,Delivered,13102.27,4.3
ORD104844,2025-12-12,CUST1172,Customer_1773,Female,19,Ludhiana,Punjab,North,Beauty,Face Wash,2,274.95,10.0,494.91,UPI,Delivered,35.18,3.7
ORD104845,2025-06-11,CUST1506,Customer_1611,Male,42,Ahmedabad,Gujarat,West,Fashion,Jeans,2,1486.14,5.0,2823.67,Credit Card,Returned,206.22,2.7
ORD104846,2025-06-01,CUST1312,Customer_1665,Male,44,Lucknow,Uttar Pradesh,North,Electronics,Smartphone,1,25752.58,15.0,21889.69,Credit Card,Delivered,3889.05,5.0
ORD104847,2025-04-29,CUST1602,Customer_1323,Female,36,New Delhi,Delhi,North,Electronics,Tablet,1,24128.74,0.0,24128.74,Net Banking,Delivered,2599.49,5.0
ORD104848,2025-12-21,CUST1689,Customer_1017,Male,24,Ranchi,Jharkhand,East,Home & Kitchen,Dining Set,1,14586.86,5.0,13857.52,Credit Card,Delivered,1646.43,3.1
ORD104849,2025-11-28,CUST1118,Customer_1530,Female,29,Mumbai,Maharashtra,West,Fashion,Jacket,1,4886.48,10.0,4397.83,Net Banking,Delivered,772.31,4.8
ORD104850,2025-11-17,CUST1595,Customer_1127,Female,29,Patna,Bihar,East,Fashion,Jacket,1,3732.32,10.0,3359.09,UPI,Delivered,627.27,5.0
ORD104851,2025-01-07,CUST1527,Customer_1125,Female,18,Patna,Bihar,East,Home & Kitchen,Bedsheet,2,2307.12,10.0,4152.82,Debit Card,Delivered,318.8,4.2
ORD104852,2025-02-06,CUST1637,Customer_1060,Male,26,Ahmedabad,Gujarat,West,Electronics,Smartphone,1,27503.8,25.0,20627.85,Credit Card,Shipped,3176.54,2.9
ORD104853,2025-03-28,CUST1392,Customer_1522,Male,32,Ahmedabad,Gujarat,West,Beauty,Perfume,2,2697.13,10.0,4854.83,Debit Card,Delivered,948.59,2.6
ORD104854,2025-03-20,CUST1769,Customer_1353,Female,18,Ranchi,Jharkhand,East,Fashion,T-Shirt,1,1063.97,25.0,797.98,UPI,Delivered,145.47,3.9
ORD104855,2025-08-08,CUST1517,Customer_1150,Male,43,Ahmedabad,Gujarat,West,Fashion,Shoes,2,2432.68,0.0,4865.36,UPI,Delivered,926.06,3.6
ORD104856,2025-08-06,CUST1746,Customer_1142,Female,18,New Delhi,Delhi,North,Beauty,Face Wash,1,411.65,5.0,391.07,Debit Card,Delivered,65.69,2.6
ORD104857,2025-12-25,CUST1287,Customer_1037,Male,26,Kolkata,West Bengal,East,Sports,Dumbbells,3,906.76,20.0,2176.22,Credit Card,Delivered,286.41,5.0
ORD104858,2025-04-16,CUST1794,Customer_1532,Female,56,Bengaluru,Karnataka,South,Electronics,Laptop,1,78399.1,15.0,66639.24,UPI,Delivered,11808.46,4.2
ORD104859,2025-03-27,CUST1151,Customer_1781,Female,34,Bengaluru,Karnataka,South,Electronics,Laptop,2,69867.81,10.0,125762.06,Credit Card,Delivered,18838.87,4.2
ORD104860,2025-06-01,CUST1471,Customer_1409,Female,28,Bhubaneswar,Odisha,East,Beauty,Makeup Kit,1,708.95,5.0,673.5,Credit Card,Delivered,144.89,3.7
ORD104861,2025-12-27,CUST1438,Customer_1785,Male,33,Lucknow,Uttar Pradesh,North,Electronics,Tablet,1,45177.92,20.0,36142.34,Cash on Delivery,Shipped,6204.94,4.3
ORD104862,2025-12-14,CUST1166,Customer_1107,Male,26,Mumbai,Maharashtra,West,Electronics,Smartphone,1,64584.43,0.0,64584.43,UPI,Delivered,3982.07,3.6
ORD104863,2025-05-14,CUST1584,Customer_1564,Female,20,Patna,Bihar,East,Electronics,Laptop,1,47191.15,15.0,40112.48,Credit Card,Delivered,7853.37,4.1
ORD104864,2025-06-23,CUST1027,Customer_1413,Male,27,Ranchi,Jharkhand,East,Electronics,Tablet,2,15652.72,5.0,29740.17,Debit Card,Delivered,2577.91,4.5
ORD104865,2025-07-10,CUST1620,Customer_1531,Female,41,Ludhiana,Punjab,North,Sports,Dumbbells,1,2623.15,10.0,2360.84,Credit Card,Delivered,205.53,1.9
ORD104866,2025-03-26,CUST1059,Customer_1209,Male,42,Ranchi,Jharkhand,East,Electronics,Laptop,4,81339.63,5.0,309090.59,Credit Card,Delivered,26246.36,3.8
ORD104867,2025-11-15,CUST1666,Customer_1041,Male,37,Bhubaneswar,Odisha,East,Electronics,Tablet,3,24575.65,5.0,70040.6,Credit Card,Delivered,6385.27,4.4
ORD104868,2025-02-20,CUST1732,Customer_1611,Female,25,Panaji,Goa,West,Electronics,Laptop,1,72987.21,10.0,65688.49,UPI,Delivered,13234.28,4.2
ORD104869,2025-08-11,CUST1020,Customer_1457,Male,34,New Delhi,Delhi,North,Electronics,Laptop,1,43071.36,5.0,40917.79,UPI,Delivered,8337.61,4.7
ORD104870,2025-05-15,CUST1021,Customer_1091,Male,35,Kolkata,West Bengal,East,Fashion,T-Shirt,2,951.7,0.0,1903.4,Cash on Delivery,Cancelled,244.48,4.4
ORD104871,2025-10-05,CUST1133,Customer_1457,Male,18,Kochi,Kerala,South,Fashion,Jeans,2,2159.15,10.0,3886.47,Credit Card,Delivered,707.55,4.7
ORD104872,2025-07-16,CUST1013,Customer_1625,Male,29,Bengaluru,Karnataka,South,Electronics,Smartwatch,1,9568.24,10.0,8611.42,Cash on Delivery,Delivered,517.7,5.0
ORD104873,2025-12-29,CUST1195,Customer_1544,Male,46,Kochi,Kerala,South,Sports,Football,2,1049.93,5.0,1994.87,UPI,Delivered,399.76,3.6
ORD104874,2025-04-01,CUST1077,Customer_1350,Female,34,Kochi,Kerala,South,Fashion,T-Shirt,1,448.11,5.0,425.7,Debit Card,Shipped,73.64,3.7
ORD104875,2025-07-01,CUST1697,Customer_1548,Male,32,Lucknow,Uttar Pradesh,North,Electronics,Smartwatch,1,8103.19,10.0,7292.87,UPI,Delivered,1198.21,4.8
ORD104876,2025-03-01,CUST1546,Customer_1065,Female,27,Mumbai,Maharashtra,West,Beauty,Face Wash,2,589.11,10.0,1060.4,Net Banking,Cancelled,216.89,4.1
ORD104877,2025-06-03,CUST1068,Customer_1457,Male,41,Gurugram,Haryana,North,Electronics,Smartphone,1,69142.94,0.0,69142.94,Net Banking,Delivered,11556.66,5.0
ORD104878,2025-02-22,CUST1601,Customer_1764,Male,29,Patna,Bihar,East,Electronics,Headphones,2,2217.92,10.0,3992.26,UPI,Delivered,304.88,4.7
ORD104879,2025-02-04,CUST1077,Customer_1723,Female,18,Kochi,Kerala,South,Home & Kitchen,Cookware Set,2,3118.92,20.0,4990.27,Credit Card,Delivered,517.4,4.3
ORD104880,2025-12-07,CUST1523,Customer_1216,Male,19,Panaji,Goa,West,Electronics,Laptop,2,61134.88,0.0,122269.76,Credit Card,Returned,16410.64,3.3
ORD104881,2025-12-27,CUST1116,Customer_1789,Female,22,Ranchi,Jharkhand,East,Electronics,Tablet,2,38153.32,20.0,61045.31,UPI,Returned,5117.71,4.6
ORD104882,2025-01-07,CUST1459,Customer_1669,Male,22,Panaji,Goa,West,Fashion,T-Shirt,2,1232.6,10.0,2218.68,Credit Card,Delivered,262.67,3.9
ORD104883,2025-09-03,CUST1424,Customer_1611,Female,38,New Delhi,Delhi,North,Home & Kitchen,Bedsheet,1,1300.27,15.0,1105.23,Debit Card,Cancelled,167.3,3.9
ORD104884,2025-08-20,CUST1408,Customer_1592,Female,27,Patna,Bihar,East,Beauty,Makeup Kit,3,944.48,15.0,2408.42,UPI,Delivered,337.22,4.6
ORD104885,2025-10-27,CUST1096,Customer_1028,Female,18,Lucknow,Uttar Pradesh,North,Fashion,T-Shirt,1,1029.32,10.0,926.39,UPI,Delivered,149.29,5.0
ORD104886,2025-02-10,CUST1097,Customer_1783,Male,21,Kolkata,West Bengal,East,Fashion,Backpack,1,3318.81,25.0,2489.11,Cash on Delivery,Returned,268.79,2.7
ORD104887,2025-11-18,CUST1690,Customer_1208,Female,21,Kolkata,West Bengal,East,Electronics,Smartphone,3,61485.19,15.0,156787.23,UPI,Delivered,11458.37,4.4
ORD104888,2025-11-27,CUST1415,Customer_1257,Male,42,Gurugram,Haryana,North,Fashion,Jeans,1,2138.12,15.0,1817.4,UPI,Returned,244.77,4.3
ORD104889,2025-10-18,CUST1153,Customer_1627,Male,36,Patna,Bihar,East,Beauty,Face Wash,2,555.57,10.0,1000.03,Debit Card,Delivered,128.16,3.6
ORD104890,2025-10-02,CUST1430,Customer_1240,Male,22,Ludhiana,Punjab,North,Sports,Football,1,1395.05,10.0,1255.55,Cash on Delivery,Delivered,79.55,4.7
ORD104891,2025-04-12,CUST1197,Customer_1390,Female,25,Mumbai,Maharashtra,West,Home & Kitchen,Dining Set,2,17659.24,5.0,33552.56,UPI,Delivered,7372.39,4.7
ORD104892,2025-10-30,CUST1165,Customer_1419,Male,24,Mumbai,Maharashtra,West,Home & Kitchen,Mixer Grinder,3,8270.94,0.0,24812.82,Debit Card,Delivered,5356.2,4.8
ORD104893,2025-02-07,CUST1167,Customer_1742,Male,47,Ranchi,Jharkhand,East,Fashion,Backpack,1,2680.18,5.0,2546.17,UPI,Delivered,447.18,3.6
ORD104894,2025-04-25,CUST1106,Customer_1004,Male,23,New Delhi,Delhi,North,Electronics,Headphones,1,7483.3,25.0,5612.48,Cash on Delivery,Cancelled,354.45,3.0
ORD104895,2025-01-01,CUST1288,Customer_1295,Male,20,Kolkata,West Bengal,East,Electronics,Smartphone,2,19576.11,5.0,37194.61,UPI,Returned,7954.13,3.2
ORD104896,2025-12-24,CUST1275,Customer_1759,Female,21,Kolkata,West Bengal,East,Fashion,Backpack,1,2748.03,10.0,2473.23,Debit Card,Shipped,218.27,4.3
ORD104897,2025-02-06,CUST1031,Customer_1239,Male,25,Bengaluru,Karnataka,South,Sports,Football,3,2545.94,10.0,6874.04,Debit Card,Delivered,1155.95,4.2
ORD104898,2025-02-19,CUST1106,Customer_1108,Female,18,Kochi,Kerala,South,Electronics,Smartphone,4,26115.42,25.0,78346.26,Credit Card,Cancelled,15614.43,4.6
ORD104899,2025-12-07,CUST1103,Customer_1665,Male,38,Hyderabad,Telangana,South,Fashion,Shoes,2,5218.96,10.0,9394.13,Debit Card,Delivered,1740.5,3.7
ORD104900,2025-11-26,CUST1620,Customer_1734,Male,38,Gurugram,Haryana,North,Fashion,Jacket,2,1907.44,5.0,3624.14,Credit Card,Delivered,404.49,4.5
ORD104901,2025-04-05,CUST1380,Customer_1642,Female,34,Jaipur,Rajasthan,North,Beauty,Shampoo,2,596.35,5.0,1133.07,UPI,Shipped,69.64,4.4
ORD104902,2025-03-06,CUST1649,Customer_1114,Male,37,Jaipur,Rajasthan,North,Home & Kitchen,Mixer Grinder,2,3060.46,0.0,6120.92,Net Banking,Delivered,1207.37,4.2
ORD104903,2025-10-12,CUST1748,Customer_1206,Male,39,Jaipur,Rajasthan,North,Fashion,Jeans,2,1483.32,5.0,2818.31,Cash on Delivery,Delivered,486.08,2.8
ORD104904,2025-03-08,CUST1036,Customer_1407,Male,45,Lucknow,Uttar Pradesh,North,Electronics,Smartwatch,1,2175.38,15.0,1849.07,Credit Card,Shipped,331.04,3.9
ORD104905,2025-11-01,CUST1727,Customer_1798,Male,35,Bengaluru,Karnataka,South,Fashion,Jacket,1,4064.57,5.0,3861.34,UPI,Delivered,839.67,4.7
ORD104906,2025-06-19,CUST1126,Customer_1539,Male,37,Bengaluru,Karnataka,South,Fashion,Shoes,1,5671.6,15.0,4820.86,Debit Card,Delivered,590.19,4.0
ORD104907,2025-03-28,CUST1564,Customer_1005,Male,43,Hyderabad,Telangana,South,Electronics,Tablet,2,34136.44,10.0,61445.59,Net Banking,Delivered,4403.49,4.2
ORD104908,2025-06-29,CUST1425,Customer_1122,Male,32,Kochi,Kerala,South,Sports,Cricket Bat,4,7522.93,5.0,28587.13,Credit Card,Delivered,3514.6,4.5
ORD104909,2025-02-02,CUST1219,Customer_1419,Female,31,Jaipur,Rajasthan,North,Home & Kitchen,Bedsheet,1,2289.98,20.0,1831.98,Credit Card,Delivered,266.49,3.5
ORD104910,2025-08-20,CUST1622,Customer_1592,Male,35,Kochi,Kerala,South,Fashion,Jacket,2,5785.69,25.0,8678.53,Debit Card,Delivered,1812.23,4.2
ORD104911,2025-01-02,CUST1335,Customer_1781,Female,33,Hyderabad,Telangana,South,Home & Kitchen,Bedsheet,5,1236.45,5.0,5873.14,Debit Card,Delivered,667.0,4.3
ORD104912,2025-06-22,CUST1603,Customer_1029,Male,20,Kolkata,West Bengal,East,Electronics,Laptop,5,49371.41,10.0,222171.35,Cash on Delivery,Shipped,27027.06,4.3
ORD104913,2025-11-12,CUST1213,Customer_1674,Male,19,Patna,Bihar,East,Home & Kitchen,Mixer Grinder,2,6062.71,10.0,10912.88,Debit Card,Delivered,2052.65,3.3
ORD104914,2025-11-14,CUST1141,Customer_1558,Male,39,Bhubaneswar,Odisha,East,Sports,Running Shoes,1,8742.01,0.0,8742.01,Credit Card,Cancelled,730.01,3.3
ORD104915,2025-12-15,CUST1623,Customer_1637,Male,23,Kochi,Kerala,South,Electronics,Laptop,1,82313.97,25.0,61735.48,UPI,Delivered,8763.78,4.2
ORD104916,2025-08-31,CUST1655,Customer_1511,Female,33,Mumbai,Maharashtra,West,Home & Kitchen,Mixer Grinder,1,6649.0,5.0,6316.55,UPI,Delivered,715.02,3.2
ORD104917,2025-12-30,CUST1673,Customer_1482,Female,30,Ranchi,Jharkhand,East,Home & Kitchen,Mixer Grinder,1,7668.36,0.0,7668.36,Credit Card,Shipped,1365.08,4.1
ORD104918,2025-07-14,CUST1234,Customer_1599,Female,18,Bengaluru,Karnataka,South,Sports,Running Shoes,1,3260.2,15.0,2771.17,UPI,Shipped,489.22,3.2
ORD104919,2025-07-17,CUST1474,Customer_1455,Male,41,Mumbai,Maharashtra,West,Electronics,Laptop,4,61928.82,5.0,235329.52,UPI,Delivered,14460.9,4.6
ORD104920,2025-04-06,CUST1499,Customer_1624,Male,38,Bengaluru,Karnataka,South,Fashion,Backpack,2,983.84,10.0,1770.91,Net Banking,Cancelled,381.35,3.7
ORD104921,2025-01-09,CUST1605,Customer_1638,Male,43,New Delhi,Delhi,North,Electronics,Tablet,4,31967.07,10.0,115081.45,UPI,Delivered,17238.81,3.3
ORD104922,2025-09-08,CUST1071,Customer_1346,Male,20,,Punjab,North,Home & Kitchen,Air Fryer,2,11143.56,15.0,18944.05,Debit Card,Delivered,2265.76,3.2
ORD104923,2025-07-07,CUST1420,Customer_1374,Female,49,New Delhi,Delhi,North,Electronics,Headphones,1,4022.83,10.0,3620.55,UPI,Delivered,704.72,3.6
ORD104924,2025-03-16,CUST1147,Customer_1161,Female,32,Kochi,Kerala,South,Home & Kitchen,Cookware Set,2,3532.0,15.0,6004.4,Debit Card,Delivered,844.5,3.0
ORD104925,2025-11-02,CUST1301,Customer_1030,Female,18,Panaji,Goa,West,Home & Kitchen,Air Fryer,1,13050.72,5.0,12398.18,Credit Card,Delivered,1851.86,4.6
ORD104926,2025-11-12,CUST1123,Customer_1592,Female,31,Patna,Bihar,East,Sports,Football,1,2898.44,5.0,2753.52,Credit Card,Delivered,169.73,3.1
ORD104927,2025-06-12,CUST1376,Customer_1155,Male,21,Kochi,Kerala,South,Fashion,T-Shirt,1,448.71,5.0,426.27,Cash on Delivery,Returned,56.2,5.0
ORD104928,2025-10-31,CUST1263,Customer_1087,Other,24,Kolkata,West Bengal,East,Electronics,Tablet,1,14933.14,10.0,13439.83,Credit Card,Shipped,1813.69,3.1
ORD104929,2025-12-03,CUST1155,Customer_1410,Male,18,Ludhiana,Punjab,North,Home & Kitchen,Cookware Set,4,4573.85,0.0,18295.4,Net Banking,Delivered,2896.13,4.8
ORD104930,2025-05-10,CUST1323,Customer_1429,Male,43,Kolkata,West Bengal,East,Sports,Yoga Mat,5,1904.17,5.0,9044.81,Credit Card,Delivered,626.81,3.7
ORD104931,2025-10-26,CUST1281,Customer_1527,Female,18,Ahmedabad,Gujarat,West,Fashion,Jacket,1,5200.01,5.0,4940.01,Cash on Delivery,Delivered,930.83,5.0
ORD104932,2025-09-21,CUST1553,Customer_1143,Female,18,Bengaluru,Karnataka,South,Electronics,Tablet,1,27014.0,10.0,24312.6,UPI,Delivered,3547.04,4.7
ORD104933,2025-10-10,CUST1679,Customer_1797,Female,51,New Delhi,Delhi,North,Electronics,Laptop,3,75872.67,20.0,182094.41,UPI,Delivered,13600.77,5.0
ORD104934,2025-12-07,CUST1595,Customer_1315,Male,27,Ludhiana,Punjab,North,Sports,Football,1,1989.13,10.0,1790.22,Cash on Delivery,Delivered,293.21,3.4
ORD104935,2025-07-19,CUST1275,Customer_1410,Male,33,Gurugram,Haryana,North,Electronics,Tablet,1,12347.56,15.0,10495.43,Credit Card,Returned,2021.84,3.8
ORD104936,2025-02-14,CUST1599,Customer_1329,Male,18,Ahmedabad,Gujarat,West,Home & Kitchen,Dining Set,1,16157.57,0.0,16157.57,Cash on Delivery,Delivered,3526.47,3.9
ORD104937,2025-01-03,CUST1669,Customer_1653,Female,27,Panaji,Goa,West,Fashion,Backpack,1,2047.54,10.0,1842.79,Debit Card,Delivered,130.49,4.3
ORD104938,2025-10-07,CUST1205,Customer_1321,Male,25,Hyderabad,Telangana,South,Sports,Cricket Bat,4,5210.15,15.0,17714.51,UPI,Delivered,2495.04,5.0
ORD104939,2025-02-03,CUST1558,Customer_1001,Female,34,New Delhi,Delhi,North,Home & Kitchen,Air Fryer,1,6620.42,0.0,6620.42,UPI,Delivered,519.74,3.7
ORD104940,2025-04-21,CUST1139,Customer_1235,Male,19,Lucknow,Uttar Pradesh,North,Fashion,Shoes,1,5417.29,10.0,4875.56,Debit Card,Delivered,772.46,3.9
ORD104941,2025-01-16,CUST1260,Customer_1065,Female,19,Bengaluru,Karnataka,South,Fashion,Jacket,2,3451.13,5.0,6557.15,UPI,Delivered,1283.97,3.9
ORD104942,2025-04-22,CUST1401,Customer_1580,Male,22,Lucknow,Uttar Pradesh,North,Electronics,Smartphone,2,21022.44,10.0,37840.39,UPI,Delivered,4835.58,3.6
ORD104943,2025-04-23,CUST1115,Customer_1684,Female,32,New Delhi,Delhi,North,Electronics,Smartwatch,1,7709.21,20.0,6167.37,UPI,Delivered,1225.35,4.0
ORD104944,2025-10-06,CUST1047,Customer_1214,Female,30,Kochi,Kerala,South,Home & Kitchen,Cookware Set,4,2773.22,5.0,10538.24,Debit Card,Delivered,2136.5,3.9
ORD104945,2025-03-27,CUST1428,Customer_1402,Male,24,Bengaluru,Karnataka,South,Beauty,Makeup Kit,1,1223.93,5.0,1162.73,Cash on Delivery,Delivered,119.23,3.7
ORD104946,2025-06-24,CUST1797,Customer_1103,Male,32,Ludhiana,Punjab,North,Home & Kitchen,Dining Set,3,13796.33,,39319.54,Net Banking,Delivered,7507.9,3.2
ORD104947,2025-10-16,CUST1506,Customer_1754,Male,43,Gurugram,Haryana,North,Electronics,Headphones,1,1998.45,5.0,1898.53,Cash on Delivery,Delivered,124.93,4.9
ORD104948,2025-01-31,CUST1402,Customer_1203,Male,37,Ludhiana,Punjab,North,Electronics,Headphones,1,4925.88,10.0,4433.29,UPI,Delivered,360.2,4.5
ORD104949,2025-06-20,CUST1155,Customer_1489,Female,18,Ranchi,Jharkhand,East,Electronics,Smartphone,2,33756.72,10.0,60762.1,UPI,Delivered,7227.3,3.4
ORD104950,2025-10-05,CUST1167,Customer_1559,Female,29,New Delhi,Delhi,North,Home & Kitchen,Mixer Grinder,1,2521.5,10.0,2269.35,UPI,Shipped,283.15,5.0
ORD104951,2025-02-25,CUST1011,Customer_1477,Female,24,Lucknow,Uttar Pradesh,North,Home & Kitchen,Air Fryer,3,12434.55,15.0,31708.1,Credit Card,Delivered,5788.5,3.5
ORD104952,2025-07-02,CUST1416,Customer_1214,Female,37,Gurugram,Haryana,North,Home & Kitchen,Bedsheet,1,875.2,0.0,875.2,Debit Card,Delivered,65.46,3.7
ORD104953,2025-07-08,CUST1594,Customer_1016,Female,38,Jaipur,Rajasthan,North,Sports,Cricket Bat,2,5227.65,25.0,7841.47,Credit Card,Delivered,1329.61,3.9
ORD104954,2025-02-10,CUST1253,Customer_1353,Male,22,Bhubaneswar,Odisha,East,Sports,Running Shoes,1,2163.39,20.0,1730.71,UPI,Delivered,154.02,5.0
ORD104955,2025-09-03,CUST1165,Customer_1248,Male,18,New Delhi,Delhi,North,Home & Kitchen,Bedsheet,2,1503.99,15.0,2556.78,Debit Card,Delivered,259.75,4.5
ORD104956,2025-04-19,CUST1149,Customer_1236,Female,33,Ahmedabad,Gujarat,West,Fashion,Jeans,2,2574.16,5.0,4890.9,Cash on Delivery,Shipped,323.06,5.0
ORD104957,2025-12-12,CUST1069,Customer_1762,Male,34,Bengaluru,Karnataka,South,Sports,Yoga Mat,1,889.71,15.0,756.25,Credit Card,Delivered,121.73,3.3
ORD104958,2025-12-13,CUST1468,Customer_1678,Male,35,Ludhiana,Punjab,North,Sports,Cricket Bat,1,5848.6,20.0,4678.88,Credit Card,Returned,779.99,4.3
ORD104959,2025-06-30,CUST1776,Customer_1358,Male,35,Jaipur,Rajasthan,North,Beauty,Shampoo,2,832.06,0.0,1664.12,UPI,Delivered,131.42,5.0
ORD104960,2025-07-20,CUST1410,Customer_1274,Male,42,Hyderabad,Telangana,South,Electronics,Smartwatch,2,9791.31,0.0,19582.62,Credit Card,Delivered,3490.22,4.2
ORD104961,2025-03-09,CUST1070,Customer_1741,Female,27,Ludhiana,Punjab,North,Sports,Cricket Bat,3,1480.95,0.0,4442.85,UPI,Delivered,918.56,3.6
ORD104962,2025-01-28,CUST1558,Customer_1365,Male,30,Ludhiana,Punjab,North,Beauty,Makeup Kit,2,2427.58,25.0,3641.37,UPI,Delivered,566.98,3.7
ORD104963,2025-04-07,CUST1022,Customer_1206,Female,47,New Delhi,Delhi,North,Home & Kitchen,Mixer Grinder,2,4568.99,20.0,7310.38,Debit Card,Delivered,473.63,4.8
ORD104964,2025-08-23,CUST1651,Customer_1780,Other,30,New Delhi,Delhi,North,Electronics,Headphones,1,4883.07,15.0,4150.61,Credit Card,Delivered,591.94,4.3
ORD104965,2025-04-07,CUST1304,Customer_1254,Male,47,Panaji,Goa,West,Sports,Cricket Bat,1,2660.67,25.0,1995.5,UPI,Cancelled,293.23,4.8
ORD104966,2025-04-24,CUST1576,Customer_1608,Male,42,Panaji,Goa,West,Sports,Dumbbells,4,1165.07,5.0,4427.27,UPI,Cancelled,969.18,4.1
ORD104967,2025-11-19,CUST1240,Customer_1386,Male,20,Bhubaneswar,Odisha,East,Sports,Running Shoes,1,4800.23,0.0,4800.23,Net Banking,Delivered,536.64,4.6
ORD104968,2025-06-24,CUST1778,Customer_1193,Female,36,Ahmedabad,Gujarat,West,Home & Kitchen,Dining Set,2,4265.1,20.0,6824.16,Credit Card,Delivered,439.07,5.0
ORD104969,2025-08-03,CUST1577,Customer_1692,Female,43,New Delhi,Delhi,North,Electronics,Smartphone,2,15209.26,25.0,22813.89,Cash on Delivery,Delivered,4095.93,4.0
ORD104970,2025-06-28,CUST1043,Customer_1200,Male,29,Ranchi,Jharkhand,East,Home & Kitchen,Cookware Set,1,2188.73,5.0,2079.29,Credit Card,Cancelled,390.08,3.1
ORD104971,2025-10-23,CUST1157,Customer_1008,Female,18,Hyderabad,Telangana,South,Electronics,Tablet,3,18888.22,,48164.96,Debit Card,Delivered,9812.83,4.8
ORD104972,2025-11-21,CUST1591,Customer_1411,Female,23,Kolkata,West Bengal,East,Sports,Running Shoes,2,7929.34,10.0,14272.81,Cash on Delivery,Delivered,2245.47,2.7
ORD104973,2025-05-21,CUST1268,Customer_1514,Male,49,Jaipur,Rajasthan,North,Home & Kitchen,Mixer Grinder,5,8448.24,25.0,31680.9,Cash on Delivery,Delivered,3727.28,4.2
ORD104974,2025-03-16,CUST1199,Customer_1037,Female,32,Kolkata,West Bengal,East,Sports,Dumbbells,2,4050.43,20.0,6480.69,UPI,Delivered,1373.42,3.9
ORD104975,2025-04-22,CUST1748,Customer_1093,Male,39,Jaipur,Rajasthan,North,Electronics,Tablet,2,34063.82,15.0,57908.49,Credit Card,Delivered,9937.19,4.4
ORD104976,2025-07-26,CUST1538,Customer_1637,Female,26,Ahmedabad,Gujarat,West,Beauty,Moisturizer,2,1079.61,0.0,2159.22,Debit Card,Delivered,252.49,3.7
ORD104977,2025-11-23,CUST1203,Customer_1372,Female,43,Hyderabad,Telangana,South,Home & Kitchen,Bedsheet,4,2444.13,10.0,8798.87,Debit Card,Delivered,1904.37,2.6
ORD104978,2025-07-13,CUST1538,Customer_1068,Female,19,Jaipur,Rajasthan,North,Sports,Dumbbells,1,945.91,0.0,945.91,Credit Card,Shipped,119.37,3.8
ORD104979,2025-01-02,CUST1469,Customer_1078,Female,28,Bhubaneswar,Odisha,East,Fashion,Shoes,2,4769.08,0.0,9538.16,Debit Card,Delivered,1944.66,4.6
ORD104980,2025-10-02,CUST1745,Customer_1274,Female,30,Kochi,Kerala,South,Beauty,Shampoo,2,331.18,15.0,563.01,Credit Card,Shipped,57.82,5.0
ORD104981,2025-07-02,CUST1489,Customer_1630,Female,32,Bhubaneswar,Odisha,East,Electronics,Laptop,1,44452.55,0.0,44452.55,Cash on Delivery,Delivered,7751.3,4.0
ORD104982,2025-08-27,CUST1617,Customer_1759,Female,38,Ahmedabad,Gujarat,West,Fashion,Shoes,2,6210.58,25.0,9315.87,UPI,Delivered,1132.47,3.5
ORD104983,2025-07-27,CUST1726,Customer_1127,Female,46,Lucknow,Uttar Pradesh,North,Home & Kitchen,Cookware Set,1,6354.84,10.0,5719.36,Debit Card,Delivered,434.74,4.6
ORD104984,2025-01-02,CUST1541,Customer_1471,Female,37,Bengaluru,Karnataka,South,Electronics,Headphones,2,3304.77,15.0,5618.11,UPI,Delivered,1177.64,4.9
ORD104985,2025-09-14,CUST1509,Customer_1423,Female,20,Gurugram,Haryana,North,Fashion,Jeans,1,2381.01,20.0,1904.81,Credit Card,Delivered,152.12,3.0
ORD104986,2025-11-21,CUST1014,Customer_1094,Female,28,Bhubaneswar,Odisha,East,Electronics,Tablet,1,24209.51,10.0,21788.56,Debit Card,Delivered,2447.66,3.6
ORD104987,2025-02-06,CUST1326,Customer_1528,Male,36,Patna,Bihar,East,Sports,Running Shoes,2,8398.89,10.0,15118.0,Debit Card,Delivered,2752.85,3.4
ORD104988,2025-05-12,CUST1286,Customer_1189,Female,25,Chennai,Tamil Nadu,South,Electronics,Headphones,1,7072.17,10.0,6364.95,Credit Card,Delivered,1034.48,3.6
ORD104989,2025-06-01,CUST1130,Customer_1477,Other,34,Lucknow,Uttar Pradesh,North,Electronics,Headphones,2,6692.02,5.0,12714.84,Net Banking,Delivered,1208.24,3.0
ORD104990,2025-02-08,CUST1675,Customer_1553,Male,18,,Rajasthan,North,Home & Kitchen,Air Fryer,2,12994.6,25.0,19491.9,UPI,Delivered,3880.79,4.0
ORD104991,2025-03-13,CUST1585,Customer_1451,Female,30,Hyderabad,Telangana,South,Fashion,Jeans,3,1084.04,5.0,3089.51,Credit Card,Cancelled,454.23,3.9
ORD104992,2025-10-21,CUST1563,Customer_1560,Male,20,Kochi,Kerala,South,Sports,Cricket Bat,1,6690.01,5.0,6355.51,Net Banking,Delivered,1290.08,3.2
ORD104993,2025-05-29,CUST1027,Customer_1325,Male,21,Lucknow,Uttar Pradesh,North,Electronics,Laptop,1,88095.59,20.0,70476.47,Credit Card,Delivered,11009.63,3.4
ORD104994,2025-03-30,CUST1660,Customer_1612,Male,35,Jaipur,Rajasthan,North,Electronics,Headphones,1,5200.6,10.0,4680.54,UPI,Cancelled,596.44,3.8
ORD104995,2025-04-09,CUST1642,Customer_1251,Female,30,Jaipur,Rajasthan,North,Electronics,Laptop,1,87476.59,10.0,78728.93,UPI,Delivered,16997.73,3.3
ORD104996,2025-07-14,CUST1388,Customer_1030,Male,28,Chennai,Tamil Nadu,South,Electronics,Laptop,2,86851.79,10.0,156333.22,Credit Card,Delivered,23810.62,3.6
ORD104997,2025-02-10,CUST1087,Customer_1408,Male,19,Ranchi,Jharkhand,East,Beauty,Face Wash,1,766.47,5.0,728.15,UPI,Delivered,140.02,3.3
ORD104998,2025-08-19,CUST1487,Customer_1324,Male,31,Kochi,Kerala,South,Home & Kitchen,Cookware Set,1,2323.55,5.0,2207.37,UPI,Shipped,406.13,4.0
ORD104999,2025-07-31,CUST1133,Customer_1166,Male,35,Lucknow,Uttar Pradesh,North,Beauty,Perfume,1,3543.66,10.0,3189.29,UPI,Returned,192.78,5.0
ORD105000,2025-11-17,CUST1516,Customer_1629,Female,43,Ahmedabad,Gujarat,West,Fashion,Backpack,1,3488.84,0.0,3488.84,Debit Card,Delivered,391.31,3.8
ORD103407,2025-11-18,CUST1724,Customer_1027,Male,34,Ludhiana,Punjab,North,Electronics,Tablet,1,18868.83,0.0,18868.83,Debit Card,Delivered,3774.98,3.7
ORD100758,2025-05-17,CUST1191,Customer_1142,Male,36,Panaji,Goa,West,Electronics,Laptop,1,49823.08,5.0,47331.93,UPI,Delivered,7243.91,3.7
ORD103625,2025-10-31,CUST1527,Customer_1798,Male,25,Mumbai,Maharashtra,West,Electronics,Headphones,1,2030.97,15.0,1726.32,Net Banking,Delivered,360.02,4.1
ORD104545,2025-12-30,CUST1138,Customer_1605,Female,18,Ludhiana,Punjab,North,Electronics,Laptop,1,52060.03,5.0,49457.03,UPI,Delivered,6590.19,3.6
ORD103236,2025-06-28,CUST1515,Customer_1615,Male,26,Hyderabad,Telangana,South,Sports,Yoga Mat,2,1417.36,10.0,2551.25,Debit Card,Delivered,302.48,3.8
ORD101869,2025-08-19,CUST1170,Customer_1333,Female,37,Patna,Bihar,East,Fashion,Jacket,2,3636.4,15.0,6181.88,Cash on Delivery,Delivered,384.28,3.5
ORD102917,2025-07-15,CUST1109,Customer_1372,Male,29,New Delhi,Delhi,North,Home & Kitchen,Air Fryer,1,14676.26,20.0,11741.01,Credit Card,Delivered,1860.83,4.7
ORD103336,2025-04-08,CUST1279,Customer_1698,Male,26,Gurugram,Haryana,North,Sports,Cricket Bat,1,7402.69,10.0,6662.42,Debit Card,Shipped,1181.52,4.2
ORD103528,2025-10-01,CUST1257,Customer_1516,Other,41,Gurugram,Haryana,North,Beauty,Shampoo,2,362.24,10.0,652.03,UPI,Delivered,42.9,4.1
ORD102828,2025-01-11,CUST1741,Customer_1638,Male,26,Bengaluru,Karnataka,South,Home & Kitchen,Air Fryer,1,12193.45,5.0,11583.78,Debit Card,Delivered,1074.56,4.1
